roll_mean1,roll_std1,roll_min1,roll_max1,roll_growth_rate1,pitch_mean1,pitch_std1,pitch_min1,pitch_max1,pitch_growth_rate1,emg_mean1,emg_std1,emg_max1,emg_growth_rate1,label,roll_mean2,roll_std2,roll_min2,roll_max2,roll_growth_rate2,pitch_mean2,pitch_std2,pitch_min2,pitch_max2,pitch_growth_rate2,emg_mean2,emg_std2,emg_max2,emg_growth_rate2,roll_mean3,roll_std3,roll_min3,roll_max3,roll_growth_rate3,pitch_mean3,pitch_std3,pitch_min3,pitch_max3,pitch_growth_rate3,emg_mean3,emg_std3,emg_max3,emg_growth_rate3
79.61229337394481,2.1845104543884806,74.14860318425356,81.90962311412417,0.2985007665334851,21.226671176325627,1.5960421164603564,18.09543102626936,23.55751956155904,-0.07248201510046187,0.008823795364280632,0.002142860008525733,0.0127149003459292,0.0002417238772851769,Swing phase,111.68917797818747,5.635305763154234,99.78965698560889,117.36230239405351,0.6382698887696421,41.50386358430993,2.223041954532577,37.87419273518971,44.341932460248486,-0.15823766070989692,0.016595435844850126,0.0027475640746004227,0.020820041058535,0.0003313951491260154,79.89110857875977,10.533890350349829,65.04523798189855,98.97038442816633,1.3048133248564528,14.065217372731384,13.822891490557836,-7.030881379182013,35.49494445024631,1.6356086857472432,0.010565982345401115,0.0018716133954993174,0.0143127936852399,0.00017978219511701534
96.49232739853316,4.802650628963856,88.62123235593083,103.82120401411926,0.5846142945457089,18.33133324376028,0.640666091808793,17.477763940553356,19.903413611615587,-0.08742588689063045,0.0163196242689183,0.0009466371841010329,0.016745008388181,-0.00019105582002059996,double-support landing phase,123.56550038446085,2.066349062606559,118.4542905553594,126.41153548553766,-0.2605457462577427,38.84872048286458,2.0027926870523025,33.53823862468108,41.63943887164962,0.3115846248834053,0.024204967179722797,0.001512672404973392,0.0250759852904886,-0.00025393387823875377,103.86298030191186,3.1518224603423284,96.3827434348428,108.18370017233096,-0.4538829514418525,30.72135774263089,3.4646287357461305,26.791503667542308,37.6202344375827,-0.39551261091688106,0.0316951571399386,0.012945175656688915,0.0456209858916572,0.0010242612037829923
111.41061717865097,1.3378841222609856,108.6707640620254,113.12839722230618,0.1714474292415684,16.143445803249445,0.28393695569116084,15.913123645251138,16.878284792919104,-0.03539326136694669,0.007419156410836714,0.0015292327403275492,0.0087217618229274,-9.022336022346153e-05,Single-leg support phase,102.99398704116258,3.998266385434778,97.89831805346353,111.25669079367948,-0.5137835669313829,40.269423718549696,0.9901836704744492,38.88207669888581,42.07401979974098,-0.12276704234058346,0.010286600087084711,0.0047505719823364104,0.0140467787047455,-0.00034192822876305,90.97190884180678,1.5064377655310779,88.41560464013646,93.09340268887402,-0.17991530956682913,21.50917313674676,2.3929346541998178,17.304976234154772,25.011994649312804,-0.29642378519838586,0.028633335118346433,0.007245343456730907,0.0346826858298334,-0.00047463431568813854
112.94614573678335,0.5515479960411366,111.8405552951838,113.55265294548502,0.04777694709146975,16.18924374719811,0.3617358985811942,15.913123645251138,16.929389368700637,0.037282165347979124,0.005817059979607805,0.0010557949532565567,0.0086946536745282,-0.00013164377301143465,Single-leg support phase,97.35124647712902,2.8430151392642813,92.32642952901412,101.52117132392756,-0.3536439151889785,38.718466143117176,0.9222237056855708,36.88064911386851,40.10261752557883,-0.12392186198885852,0.0054727537137990185,0.0031350054875695405,0.0140417553788194,-0.00037884942935929617,88.25032269222858,1.6740126668740172,85.32693816183966,91.14311133993796,-0.223698968388396,17.102205293148934,2.833061247934645,12.146127913930648,21.67583100560729,-0.36652704198756314,0.022942809955165882,0.004652435151066455,0.0345646907111546,-0.00040163356969859617
111.05040979231295,3.4447345524615742,102.2236616069637,113.55265294548502,-0.42298467506798304,17.251933592791797,1.107020578393959,15.963066325249272,19.653849304500067,0.14195319150964594,0.005640530721625347,0.0005677726284194078,0.006671391597314,3.732623865321153e-05,Single-leg support phase,92.12250295501362,3.254922543995483,87.32215591762696,97.48888711606992,-0.39102812301703693,36.73690573676036,1.4568736519261596,34.1731748833038,38.80528833106917,-0.1781582095294373,0.0044812352715492,0.00041005767091839183,0.005220443061979,1.2101586215034619e-05,85.09563933514839,2.0475498489375563,81.7989019142675,88.22124124464911,-0.24701305116852323,11.54604001549667,3.730112614333812,4.895246441014994,16.964674897535108,-0.46420878678923516,0.023124249318060557,0.0015095788934798688,0.0241434398775605,0.00010781030963824225
85.08823726194883,3.7296486556834174,78.52134913844908,88.8740164465642,0.391603944935023,16.29455101223729,0.28040107108943324,15.811067222437202,16.772014268518813,0.0178098443216619,0.006842745686253061,0.0017679717347227834,0.0091043282923359,0.00013110618676027695,Swing phase,130.61561297759553,4.40805897598848,119.57677211503722,134.33958019595343,0.542207456063341,28.124041625517915,4.053726642772348,20.156077421208728,31.74173732963901,-0.4282678677190151,0.012966332091274764,0.000336765964271264,0.0133041969641956,7.710704062050029e-06,83.73359135153761,7.576195886902714,71.44070259431462,97.7593697410002,1.0122564287186764,-6.727237561975709,9.98629203933864,-20.392775346467324,11.649583914557113,1.2323984331163245,0.011231053711614234,0.001422272164129216,0.0129283592128561,-0.00011574203532851923
88.63288778000296,1.2131183181229075,86.64844160845243,92.163196432481,0.21210595477032967,14.817680040063607,2.264698344738185,10.019845569047122,16.772014268518813,-0.23710041981165464,0.009082146705933661,0.0007052422190678858,0.0100955409639506,2.9651590275330748e-05,Swing phase,132.80567665040059,1.302504018007131,130.84195496603328,134.33958019595343,-0.07178618048504859,20.817335768635726,5.159193358874547,12.94872540050829,30.388222410444897,-0.6707498849975619,0.013327437130636752,7.148326168614177e-05,0.013503511647037,6.669542060719173e-06,98.73144959654884,10.325891735793475,83.52423211340266,115.51625843926136,1.2304625509945655,10.682417510487259,10.368806515382321,-7.185344818733396,22.40733958290196,1.1381801692936677,0.00985368020692673,0.00012162356913855548,0.0099298207353186,1.5172815918711529e-05
103.14725501720126,3.7642403837287497,96.67096272948504,109.15512366471562,0.4801600359704068,7.8925174559275035,0.8144652523362542,6.733241411776382,8.991342665831501,-0.07229470366825819,0.0269269777788668,0.009131047004840681,0.0380181087048334,0.0009404513462178539,double-support landing phase,131.98741902876878,1.9421096872294485,126.77377297552604,134.65050196463287,-0.30295111496564703,17.10381874079051,1.7278351451029097,14.423096272568245,20.40919230594656,0.16062306993665296,0.014551835507132333,0.0003140152014407747,0.0148455983637578,2.660645137765407e-06,107.23158240757878,2.866717061042716,101.41755944668412,111.96462501870263,-0.4056563681545581,13.950656781982625,3.14785073577328,10.022720400213576,20.03893315042398,-0.32157932399717143,0.02321646884728962,0.00593403176165837,0.0301145922079818,0.0006014048376763114
115.69989269269078,1.1652048936228332,113.53420353649472,117.4640556017194,0.15114815635479537,6.138461233600415,0.38855365055588453,5.632855577440846,6.784397230217396,0.011882663550943712,0.019493523005465717,0.013479070036661947,0.0338131078629118,-0.0009950082023553425,Single-leg support phase,112.02604450854854,4.389239098282328,106.92886714403632,120.67118766653526,-0.5285507893268824,20.49488501005034,0.1835050689323948,20.263631259353414,20.89558090881664,0.02182885346215344,0.006640754080640008,0.001960893145335321,0.0087437030869514,-0.00014595083037538076,96.18440929493414,1.478619101669649,93.34929301639684,98.30016945826594,-0.19041832468727302,7.769928532342257,1.3714204346855792,5.2147529241581605,9.562667917564193,-0.16499897170565422,0.019093352303204067,0.006211290436723411,0.0257226428335521,-0.00045674377469650764
117.45589564480922,0.8923887034020709,115.9960966053014,118.53281524238947,0.0975661014264643,6.706813845555033,0.3960068941168998,5.940430062110347,7.508059980318218,0.06029345839261042,0.006360422702142737,0.0015383845030506476,0.0081282131169213,6.506753120980771e-05,Single-leg support phase,106.22010904117563,2.6659193536337518,101.41482977417174,109.98864905009134,-0.32976227984306167,20.64786467817862,0.24521286522595342,20.253006944961697,20.973962750079107,-0.0008073711727751159,0.004949829479434361,0.0001108256040191966,0.0050343797520306,2.10535816860923e-05,93.33869980432928,1.9063604255131716,90.37423217075828,96.55363103482466,-0.23766918707947637,5.079374067876329,1.8120948979693903,2.0371664180850675,7.876130717215869,-0.22457554996656925,0.017673077909513515,0.004207828641016272,0.0231710366780667,0.00036450406820361537
118.16672824279087,0.46305310677067524,116.72811521369428,118.53281524238947,-0.034621788353558273,7.890146026989094,1.0346427698981386,6.7970306367924325,9.743393816253883,0.11325866128834157,0.005184830704703547,8.228015128342999e-05,0.0053100346947836,9.07749403988075e-06,Single-leg support phase,101.44488239891774,2.928937516989404,97.25707984289492,106.53214954828114,-0.35673345020716213,20.123476026462505,0.7088634346072414,18.818740769493,20.973962750079107,-0.08144440728940817,0.004940780314015685,8.017112223419023e-05,0.0050343797520306,-6.972908301315392e-06,90.28015867887939,1.6965540839467135,87.58947802041122,93.10351211966842,-0.21207823458681546,1.5143806974279153,2.3916060290209487,-2.8675390300228147,4.960303275625207,-0.30107085790953925,0.02273256451230488,0.0013787756707372243,0.0244799027711265,4.388558971213855e-05
114.14849552094717,4.985995037107259,103.51052082713444,118.52872888609068,-0.577623386882932,10.151146955069404,1.6430993840896404,7.666612230902425,13.008640671959704,0.20546263234835688,0.00548827401429087,0.00033267397775641524,0.0060290508401783,2.844744035512308e-05,Single-leg support phase,97.48025611691536,1.7587438896445537,95.4472319915634,101.01224556332714,-0.21177235563300528,18.67591839581112,0.9761070487113659,16.99727810309167,20.1440286254346,-0.12102886624395887,0.004760322950177157,0.0001652144757634641,0.0049972809218219,-1.6408271620357692e-05,87.58807607008004,1.484872350639109,85.24030982615574,90.15834056311684,-0.1891550283446577,-3.3489138231407223,3.386154441741758,-9.555463907813516,1.7322206054520823,-0.4341417120486769,0.023432283797926723,0.0010534006331547553,0.0244799027711265,4.761902615923085e-05
87.40440047123978,1.6325689373031713,83.59498498786915,88.80061235243048,0.1429823356637817,6.169004238229423,0.45024631274428584,5.029614566605805,6.622745628508035,-0.05768206275168661,0.008124486893282084,6.785215733044354e-05,0.0081930366615557,-3.3660373623730505e-06,Swing phase,138.016521251864,1.8719992253759685,133.82238547562446,140.33702160174593,0.06238834377963197,12.565856181844996,3.0248679583681595,7.224401723881292,15.75608506994304,-0.32814166715622106,0.012345448120293017,0.0006426845017018725,0.0129912769338732,4.8853510685246174e-05,90.2318976048238,5.466346061200491,82.5006202127974,101.33206229442708,0.7242862339088336,-12.298007641519124,11.24992090206456,-28.39234418806544,7.981816203273454,1.3990061688976498,0.009044318035141607,5.201254846405944e-05,0.0091017558264604,-2.216406659173079e-06
94.12745690439247,3.6394477848797675,89.57548082639964,99.96771970405877,0.33521570175773097,0.7791138368416701,0.5655400356328971,-0.1002733323945124,1.7435324646278867,-0.03159477878736385,0.027091259883175248,0.009075946777848311,0.040385696124743,0.001108843714320308,double-support landing phase,136.44115514274847,0.7964283284295671,134.42925610799813,137.7197309002812,0.06347909769822789,4.258515004573042,1.7470962070263247,1.7400111442650943,6.754590370720064,0.04795352999897397,0.019944183830044364,0.0016072321015732222,0.0220545037601026,0.0002659434416610269,106.22827509415316,2.726305511283938,101.74610197055598,111.6317656200928,-0.3802178326744932,12.251298194801272,5.0969821547308625,4.525449542508919,18.350342858261364,-0.4782320558012342,0.016628035840818827,0.0023361189810197085,0.0199912097268155,0.00031668339119815764
110.16012939810824,1.795410460645564,106.8357391670007,112.67869424510016,0.22472904146536402,-0.9473550972699366,0.08821317518688505,-1.095149630717445,-0.7946484817831869,0.002413961692709393,0.023331171162411388,0.010970606229525824,0.0377136851756729,-0.0011992072672864036,Single-leg support phase,121.54229440727742,4.670174384969865,114.2211824253893,128.92483410606903,-0.565525064641528,9.339577835788633,0.7479282555814406,8.30755952194362,10.408921579594452,0.08082161760195507,0.014413105710603454,0.00473366340208355,0.0192492731371354,-0.0005314663672941808,93.6398064402388,1.704415152627415,90.9486067946342,96.80054100271732,-0.22507439261858161,1.7146420816043824,0.7624037959883861,0.4664521286894879,3.0486751458326617,-0.09931626989012207,0.020837126074720665,0.0019183710438481145,0.0219371412554333,-0.00016743167819312685
112.78598482487452,1.3108317948295467,110.55519640398782,114.89900725816086,0.16706964823742473,-0.713735964666793,0.31820658125129564,-1.095149630717445,-0.2839970199207418,0.025324009963103064,0.01141059080374108,0.006883011715586613,0.0208047327345001,-0.0005631055793097808,Single-leg support phase,114.33119229465386,3.7655095836328614,108.7010789682328,121.15696490202546,-0.47907253591510224,10.31464450997198,0.40468648924410633,9.41303989993843,10.78995747710961,0.05295836835273766,0.008474759998148004,0.004517213555931191,0.0145753455049311,-0.00038146644934758075,90.94416096476363,1.5260027740265711,88.49424664825456,93.48216391099086,-0.19184297164370398,0.3389829677122939,0.8577997501222846,-1.1365954686584048,1.5511387117991646,-0.10337439155606037,0.019129676175429162,0.002417772468766539,0.0218094940325367,-4.247112984550773e-05
114.72584562974937,0.9952870867908314,112.83522093456811,115.8492880608007,0.11515735882529736,-0.26270386099458504,0.30145309270202597,-0.7287068668958339,0.5348408701375967,0.04859798988590118,0.006422704656747847,0.0003316554184048043,0.0068532682282562,-2.4420314341165368e-05,Single-leg support phase,108.41082121452028,3.227614056227681,103.20600480938184,113.73541020207412,-0.40497713048816475,10.833710560643263,0.22345993759105243,10.452564348425154,11.09769915331808,0.02414130175584286,0.0050459063884785845,0.0005003504855018943,0.0056928141745057,-3.9089363839373056e-05,88.3542576866432,1.5279419022160863,85.73805017553832,90.75826852195836,-0.19308532101615528,-1.5376437456136547,1.4130283105389334,-4.48396667083688,0.3444818051591262,-0.18570955676907716,0.019332063539737,0.00177778134771947,0.0215442437653604,0.00013372788944456917
115.27577575167423,0.666759679938312,113.21277861188436,115.8492880608007,-0.0698918492278585,0.845966323727755,1.123905722345901,-0.4091720481758799,2.941790236889808,0.12725947343149385,0.0060223884796637385,0.00015681387713536768,0.0061767504099734,-1.079066203592305e-05,Single-leg support phase,103.4585074340123,2.620850718787182,99.90381345691608,108.28045942085954,-0.3221786909209023,11.003729959543714,0.09123939170031932,10.794329274395777,11.09769915331808,-0.0017542303513590806,0.0046859763573097075,2.3494373426802493e-05,0.0047360752584142,2.0974771500922903e-06,85.60468461970734,1.6879172941766478,82.96095585332374,88.29241876593892,-0.20505626586981462,-4.802221950904587,2.4773538745646992,-9.092885753727304,-1.2738024096134095,-0.3007339747736113,0.022261277119552433,0.0017363211933557865,0.0244018453870718,0.00012028101471187314
110.74692763758594,5.255155939899274,99.86955170043568,115.79014501221448,-0.6123305119914924,3.5120175605717345,2.0629281433349154,0.6801995619196318,6.900318313950984,0.23923533661659047,0.006325306945665269,0.0005150051560570565,0.0072451156493338,3.833193702197689e-05,Single-leg support phase,100.21246479021042,1.2646139952831685,98.84740592507892,102.86789937801562,-0.1296318477129055,10.637264082995575,0.408464588960745,9.83183147615532,11.07223622762039,-0.04770787505634883,0.004827410297340323,0.00013397248571236968,0.0050154126408254,8.50033001029616e-06,83.00567922566287,1.3707467958065043,80.87781624282418,85.50518730355853,-0.17797581002824414,-9.562026506109758,3.153986128191788,-15.690861674984406,-4.828963626771611,-0.4177653095466459,0.022665301361199715,0.001425589043558774,0.0244018453870718,-0.00012114702036541154
85.45116493799256,0.4047390631889571,84.36940180711571,86.01963671414562,0.03924822287834054,-1.8919643632925065,0.7454930825557947,-2.5610764281687497,-0.5651204310066182,-0.0721301866167605,0.042811993700687195,0.007057916528940403,0.0489332763156379,-0.0008423172549797231,Swing phase,138.5049545324278,2.5251769119533076,133.85280654355554,141.4553784989632,-0.17842079626905052,-1.9536301245670562,5.852912380870976,-10.908205678781233,4.422163705169631,-0.5896295916904178,0.019769655635369403,0.002695311659666299,0.0229182211946102,0.0002600710489704576,86.37811479189301,6.860091878888658,76.92856594642524,97.99236063424225,0.8101459495314234,-27.064576566554344,9.645984835890182,-40.669989302847576,-11.007048906502424,1.1408823229363518,0.01003117062487625,0.0010146731843833007,0.0110278917665998,5.9685308047788424e-05
85.34563205950963,0.37538330364188627,84.80124975227582,86.47298198554888,0.033711591946840806,-3.177252878852246,0.9859031219591619,-5.295511433746434,-2.4043250782509333,-0.11075510315292293,0.03309063165428723,0.007885468195097643,0.0429205438303934,-0.0006060902296189075,Swing phase,133.90111582873303,3.0559888363634244,129.4048094388931,139.48480093575375,-0.3876919806484868,-10.590916918145574,4.388061919898694,-16.943880185908338,-0.9929506193462326,-0.6134972910216194,0.022268363641653736,0.0007983958524065048,0.0229182211946102,6.0889109584303836e-05,96.16759466089867,5.319318192443297,84.62946044220304,102.210003550666,0.6761747349408831,-12.857360471045421,7.3812374282247335,-27.727570013563064,-3.169799859496691,0.9445296213102451,0.01045074420099963,0.00029861583043048237,0.0108310054283041,-2.4128536006480784e-05
92.07463640520156,2.7520166599233375,86.26210735299321,96.22277954691334,0.38310277668923587,-5.049626207151156,0.6300770873495012,-6.001392579847981,-3.909956561531245,-0.02284143299995829,0.02499278253834835,0.002210872975987579,0.0275745642446922,0.00037392804764098853,double-support landing phase,122.904097496674,2.0800666914193355,120.10968072948997,127.17931698256832,-0.2719090866568599,-18.17560264313314,1.1589054640938106,-19.5735827604899,-15.492943792552932,0.12481967386099878,0.023362280869734395,0.00028334591406357456,0.0237295516370908,4.520712130584621e-05,93.0796885162625,3.6651628761097985,88.20642605873785,99.60462313190132,-0.43839219512167205,-10.591512346176994,2.6716206520788766,-13.292835899156865,-4.575422409602102,-0.3294767293457894,0.022218109653263703,0.005778094393168299,0.0308034830147594,0.0007705401225729309
102.38648050067961,1.226626086959707,100.54687633742132,103.99145716949997,0.13248387815687088,-2.8349332739331667,0.7876900069874325,-3.985968266148849,-1.649135530967762,0.08987818212234949,0.018494828280669732,0.003987892853072893,0.0243848561880168,-0.0003358622964727077,Single-leg support phase,105.66533263243475,3.899588627099005,100.070394489256,112.3375680289399,-0.47181436691091905,-14.657463765478308,0.6449919175697468,-15.862872792296814,-13.446798283327176,0.09292594265267838,0.019453604737535823,0.002263532209063031,0.0219542486792945,-0.00025360174254706545,83.91039273634189,0.6776864168775519,82.75177370135991,85.1553431251208,-0.09244497783695713,-13.415148832246802,0.2258325715418153,-13.80179558708626,-12.977952192717993,-0.03168628439877953,0.04550995595086463,0.003042888901388153,0.0487826821075909,-3.16081495859462e-05
103.95351849734357,0.6174574581206691,102.60688200233524,104.93302204715062,0.08946692480059135,-1.6867713498985408,0.6009274591082886,-2.7956265923079786,-0.6654587728957093,0.08192953151585651,0.015849584529086625,0.00025203935018943313,0.0162034289866908,-1.6363993570284548e-05,Single-leg support phase,99.92572594248915,2.857342361427859,95.36820642206416,105.09424457619144,-0.37407839054335695,-13.250969100197675,1.0184278870307057,-14.682549084534392,-11.552256515438668,0.12039586804214324,0.016129284048442282,0.0028907580449339977,0.0193689275375349,-0.00033329241463391147,82.64518392792661,0.8491965745241321,81.1730303775986,83.72399757037071,-0.0981141227989277,-14.00891592670966,0.5387797454120377,-15.025918321870416,-13.387785423109031,-0.0627307770330262,0.0435713627899228,0.003672905171879175,0.0481062516521995,-0.00040477901701229237
104.81103653422043,0.4573704722663804,104.0209171001151,105.31856868058624,0.04263381215410625,-0.5533797454999367,0.7648504956666491,-1.6182365862653785,0.6611159999153837,0.08766740716079854,0.015715608430976087,5.5897964719203994e-05,0.0158002963108788,2.784335000853913e-06,Single-leg support phase,95.46427280272671,2.4476554594534825,91.8388436335877,99.74005630739676,-0.30389279514650214,-11.496812721403021,1.0421536358693952,-13.28747001646354,-9.753308252075245,0.13592929863031908,0.012518427158894008,0.0023722712047283792,0.0154742745245257,-0.00018245771589263848,81.16618114874619,0.8824649980765364,79.72389726816934,82.62957932739374,-0.11175700227786169,-15.245237791800227,0.985779318032881,-17.271927954142267,-13.856962855891956,-0.13134481147116583,0.039365371802397534,0.002320921060914153,0.0422971297367648,-0.00018423050264960753
104.12318794120885,1.58757078450292,99.96909042862868,105.31856868058624,-0.19319272747769717,0.5674350266994208,0.5907134303436444,-0.5582005187045127,1.6832469391814262,0.08620951761099765,0.014769897105609534,0.0010048415213716369,0.0157573800227574,-7.338897055877313e-05,Single-leg support phase,91.75558962675865,1.8977462890261614,89.0895311415204,95.04782730915764,-0.22916523721681706,-9.958195412158672,0.7891960563117291,-11.43300006534651,-9.020067331127006,0.09280510516228863,0.0087801667950151,0.0020651354958667253,0.0108375224226572,-0.00014830901714921543,79.4938114756207,1.0954429674326822,77.52347870615284,81.06318538733271,-0.13614256466076405,-17.620796421435447,1.8637315399647882,-21.08246880712598,-15.118941256847188,-0.22936644424149202,0.0346288191574301,0.003034616265018921,0.0376157445817879,-0.00022101670309217306
98.51872616925849,5.335433568175289,88.7845842405275,105.00608540378296,-0.6239038908944411,1.795052156289729,0.845185715687103,0.6997824130803258,2.9499445465098133,0.055328077977468,0.012898833367825008,0.0011630337467598247,0.0138612953280114,-7.403403591540386e-05,Single-leg support phase,89.89159549091451,0.8144006494913457,89.0092279865156,91.5632160574982,-0.010162381361790441,-9.101718721303056,0.2676228324628929,-9.618246791051382,-8.722705152829299,0.006859101399183528,0.0073816971572172084,0.0007992065274291688,0.0087206974445002,7.268011967511535e-05,77.49140053767385,1.280570459559478,75.1993025229281,79.58100065992954,-0.1685268514231327,-21.85036712185561,3.190128955441459,-28.12100612212578,-17.521496027741037,-0.407673465168644,0.02655254961957274,0.006638169750753195,0.0318605564806694,-0.0004574819969750384
72.75225163178013,0.37020346456746056,72.10107345469746,73.24474675091884,-0.007901974479858827,1.1850850930895767,0.684645461161674,0.1130080858488737,2.1638341109215347,0.0327689327253247,0.013605429091087036,0.002529827879481366,0.0166748991947244,0.0002427694672531731,Swing phase,120.88842289423145,1.7224230800889366,117.6432429801023,122.9302964094045,-0.16859507680047706,-6.319967418533681,2.188480657774513,-9.357226774535816,-3.4512664757110185,-0.16173553556936315,0.02301747542496885,0.004166368670793516,0.0270055893973429,-0.0005034597717955577,71.53912267330082,7.086727251497771,59.274497751046496,83.67107064238928,0.9383297265901072,-17.13168042803642,12.3285642512764,-34.64176329896079,3.477994012324184,1.466144511972499,0.017259292666534174,0.0030895851645652826,0.0202056205758722,-0.00037061131358658077
81.8710563817509,3.580324828937382,75.83629597917441,87.45706381156693,0.44695260893817373,-0.06402808686789993,0.9294657117643712,-1.2182988666215138,1.6602624831682218,-0.10262547221572699,0.016489435535440813,0.000778748560360786,0.0175830524684007,5.7334139413834606e-05,double-support landing phase,117.94920400551709,1.009936032752367,115.49648824324458,119.12144824653534,-0.08005179853896148,-9.082556029170725,1.2341623395399528,-11.255042564135488,-6.603669157200531,0.17889897718980605,0.013779142688221337,5.675293351136403e-05,0.0138361145953742,-3.5264300792692296e-06,84.78216059604728,2.4253577069796313,80.43590618127517,87.98459120484655,-0.29033403936813,7.918429854846053,3.081569002133981,3.7537765804950536,12.642670192268294,-0.33746496171020196,0.013627521506118855,0.0017486751967891072,0.0158252961662675,0.0001281511417882192
98.51631736163978,1.9161007293710632,94.94345998066032,101.659492668444,0.25830894953014155,-3.7035111448297218,0.23777634933352543,-4.055767838982528,-3.280150734551758,-0.028755969012865437,0.012110651508198875,0.0031292208826664077,0.0165551632030683,-0.0003322068137838384,Single-leg support phase,101.69990296195549,4.489249344583592,94.72661122893872,108.78166893866032,-0.5405791426815998,-1.931978587777988,0.6248516044439352,-3.645860772574321,-1.036469358703204,0.1003612082258122,0.006741725763930119,0.0020037784485890256,0.0107651467974984,-0.00020706840764389615,73.42671294832665,1.3671491744186857,71.35700833799258,75.87939426611648,-0.17393792031245753,0.13795944731527482,0.9188079762915873,-1.2573374520465388,1.6430794592215243,-0.1115544965872332,0.012270863952464652,0.0014509538024949256,0.0148332197945427,-9.59117005792039e-05
101.91391910833832,2.095237426264803,98.73072771709217,105.14885657625364,0.24685110996774887,-3.7568158843724877,0.22894048543904003,-4.055767838982528,-3.420706934759219,0.009628443080670585,0.008511782524469623,0.002544260022859319,0.0128814451333328,-0.00026436972510718846,Single-leg support phase,95.10019812735689,3.289836708419741,90.52279425940922,101.41436063500018,-0.4189063990611906,-0.6854579204801573,0.9898252136338496,-1.7447825111830264,1.0031282641115429,0.10568341131175195,0.005478965791408168,0.0003681604933952229,0.0061172879540093,-3.7881182816707714e-05,71.32964629658544,1.1116128826363112,69.51437553333996,73.24027157610348,-0.1433036939524432,-1.3537324170259855,0.8664632376794948,-3.0401663726476813,-0.1975579343468048,-0.10933109378080295,0.016229471931197847,0.007587919375238263,0.0311699446288025,0.0006737691992072885
104.848343602303,1.3787548951394353,101.97118304181136,106.37152641971484,0.15970974976125846,-3.3100640929534233,0.42355054387938346,-3.9840786261058816,-2.4296073523980843,0.059787356681069125,0.006427456160691851,0.0009271056748194258,0.0079177860446885,-9.322839386351924e-05,Single-leg support phase,90.36377124246877,2.3451454997910104,86.81173773195313,94.34238543388746,-0.2896402962282434,0.6698639054134656,0.6891751476882351,-0.8925576763903693,1.2681392694032985,0.08310372868437185,0.005238502410703897,0.0001507071405682181,0.0055189003736101,4.24213076956537e-06,69.34433549996244,1.228282352783756,67.25586673900413,71.2184535904853,-0.15240718659542934,-3.4933929843088825,1.7194884492832894,-6.963205815799665,-1.3570767103556816,-0.21562035020938397,0.02472999198190772,0.007624854581479794,0.0311699446288025,0.0006759738823226039
104.08609952897821,2.8827412972620774,96.69061407108384,106.37152641971484,-0.33101542223220165,-2.204738039633734,1.0385458211323093,-3.429634332083846,0.1173747300225453,0.13642342546563044,0.005767268233649431,0.0003330182107104454,0.006514589882177,1.9372532633469255e-05,Single-leg support phase,87.06288448887811,1.576697896973722,85.21812343911488,90.20802415278162,-0.1919192582179516,1.1987646991500378,0.09859073111151968,0.93607732258632,1.322796023126661,-0.00470008153865873,0.005436003197064299,0.00037196907872663,0.0065540383981003,5.465402671692692e-05,67.30279506342092,1.166619968727005,65.5172000699659,69.34733446715012,-0.14731286143016248,-7.445771761837549,2.9926167611242342,-12.95871030558459,-3.234255726541229,-0.37401748380936,0.028961632602548085,0.0017612251603327598,0.0299515406395017,-0.0002113788637991846
73.03882395080659,2.155348153475189,69.69714655256256,76.02272038053822,0.24329130107598693,-0.9158324977326177,0.6841126073298742,-1.9096169806991872,-0.1054580581806177,-0.026563517987542633,0.005341002939194192,0.0007557630351195999,0.0066834342138622,3.4190409037338434e-05,Swing phase,128.03812643426596,2.569062905949465,121.79119825526116,130.91704163646253,0.18593166811771056,1.0877536202949378,1.82711922155092,-2.8081557924580616,3.242472023918869,-0.11324756891420165,0.01166466101588795,0.00034031839395726106,0.0119310556343128,-1.9850362763973118e-05,66.89152605481667,5.309696226553599,56.39371717189193,76.45797592984758,0.7717022599213711,-27.25397765931799,10.733438459919741,-39.58001599153638,-8.901350145003661,1.1738149764749415,0.02114694326988696,0.002189796183273914,0.0233438918310972,0.00016863264715696159
75.19454142909566,0.9675429776389562,73.50582433431903,77.8195315977587,0.1659118178246026,-1.5639478373604265,0.7470191372273108,-3.7365144604781024,-0.7045382876327246,-0.10197245431917194,0.006359690982963031,0.0010753088894161834,0.0079638456760646,0.00011592047191698074,Swing phase,126.54259572592149,2.94568352392234,121.66763721548551,130.91704163646253,-0.35454191252553247,-1.0984151062558347,2.1234358170184233,-3.1900643791513525,3.140884859396936,-0.1913922938268249,0.013352639470181163,0.0037031683810561187,0.0212031252147738,0.00027539732840048463,76.30625131522268,6.307953800990174,67.74603673740341,85.59027552961125,0.6803774702774561,-7.294469359167751,12.642572779362125,-29.3541046934028,12.252540245969389,1.600255574591238,0.02088097693525506,0.0014453094458621405,0.0225025196874213,-0.00014835032098915775
98.08014218566223,2.235690245256683,93.8473207923943,101.42307568973304,0.2913751883591823,-8.466855401951587,0.3831470282788302,-8.85266541459982,-7.526179528293285,-0.028297523645463334,0.03785191599002646,0.007927608678379853,0.0445715148388685,-0.0005582664625545116,Single-leg support phase,107.94183001821665,3.0960938933768123,102.3544298086399,113.2416040394561,-0.4187374704160077,4.93075593145646,0.6616983867347493,3.550192919952521,5.646744805329608,0.06623486122124468,0.028561904160972915,0.004640519321149571,0.0350899514813513,-0.0004415420443661961,72.67641797894174,1.2633909459866963,70.89165034580914,75.15592897755705,-0.16401071660568897,3.9007790220902248,1.8062015370159916,0.7389031542058332,6.518826142300749,-0.2223047303113429,0.010128654057294113,0.001904228569366743,0.0139506496185083,-0.00022443681959788463
101.46196672028587,1.7677028867004276,98.52306863979943,103.87061592696249,0.20567489566011743,-8.148592658339687,0.586257351307793,-8.85266541459982,-7.160380492782707,0.06383443880531046,0.02248635347263938,0.011557373713203655,0.0442757484751292,-0.0013295787589575807,Single-leg support phase,102.33594154210527,3.5402761595712455,97.21916358175396,107.9227472088943,-0.41167629335155126,5.21553402742913,0.311718938592466,4.807716559306221,5.646744805329608,-0.01034506150989111,0.01726548198461986,0.009572190426128268,0.0321979827614243,-0.0009912213548165154,70.83404983991058,0.9192703457167045,69.37824153825271,72.41969355719627,-0.11697892380552151,0.5718993313914245,2.0981702895792624,-2.7427253167781864,4.239923229627951,-0.2685634056310053,0.011208407236365616,0.00364298058978666,0.0165773715470696,0.00014568672715748845
103.69994084373576,0.8991607861736638,101.68589689966625,104.68174720662893,0.11188222849640976,-6.782574539604328,1.0430152574616016,-8.161330708359618,-4.71807478999167,0.13243291993722875,0.011247164257513443,0.00665694460723974,0.0294727975826116,-0.0008267039156831422,Single-leg support phase,97.10159721454185,2.5906111277378985,93.0775436598714,101.8241015471583,-0.3364060725879581,4.999441677021557,0.13430404843824112,4.807716559306221,5.195201326512501,-0.012925321399873218,0.007722979827789901,0.005827810054551935,0.0236098583278302,-0.0007170879457273923,69.29171922126729,0.9110420495676458,67.67394830383166,70.76742023831953,-0.11897968978799484,-3.0378654650055377,2.1745435317032324,-6.904568020628023,0.4552648282493083,-0.28307049418758967,0.015799718525991942,0.0034106187641266845,0.0201478201997699,0.0004425158860765577
102.95539389856107,2.2268266078875536,97.28456198924624,104.68174720662893,-0.2562137976370353,-4.593174226504275,1.6350472000509382,-7.042334298240028,-1.4238319651475009,0.21609624358048182,0.00906493161290717,0.0013036558730558526,0.0112344080667839,4.563915653135381e-05,Single-leg support phase,93.45076677203373,1.7914859375358034,91.53549957536627,96.9269378044678,-0.2063926202402797,4.818851597671998,0.3149390458462573,4.050455574487974,5.195201326512501,-0.03926652158954645,0.005159661970039822,0.0007165277864031319,0.006406769749368,-7.451852514158074e-05,67.6340854403301,1.0339140335310861,66.06284724447269,69.27282813738822,-0.12346080357367402,-7.659636619836348,3.3474325922614043,-14.1020294841346,-3.0173716411295755,-0.42633299396173174,0.018160219287967582,0.0018609044948293856,0.0201478201997699,8.700276546527305e-05
76.13539617854994,1.2604800204228508,74.78684454890556,78.0797044827976,0.12289360678823541,-0.13754281453722395,0.5592497235901001,-0.914606028100331,0.6421510262127264,-0.005520959493066157,0.0056916263372669695,0.00046125720067925915,0.0063650332625007,5.306988057609232e-05,Swing phase,128.21601823819782,2.135555375758023,122.75517018990558,129.98169437697277,0.23195844023773524,3.205095527956024,1.5862476684114493,-0.1194996596112743,5.123306876156224,-0.10083039279139089,0.01050889602526649,0.0007954540214680283,0.0116504981704161,-7.55139085689692e-05,73.93628864023572,2.6657838218261274,69.54941389025238,78.97062429820073,0.36235424645955194,-22.463967800312016,11.976162471503937,-38.64576226807069,-4.117416832450311,1.3263354601858128,0.023794994571974207,0.001845681099496868,0.0262215707185974,-0.0001677117049366885
77.13637202741116,0.9154901243158668,75.86189981384851,79.45752593853899,0.1382933124880955,-0.4605670919841227,0.665412562207307,-2.286108852376294,0.4470765116030819,-0.07333067625227335,0.006494759188670331,0.0005646046792202744,0.007232331349593,6.650808898811536e-05,Swing phase,127.92289252746855,2.0140123880026453,123.91352523266384,129.98169437697277,-0.22714035786572523,1.7038898706285968,1.6574588884749764,-0.2127824716181438,5.071889835479125,-0.14802022974111043,0.013112402281963132,0.0042811871943954005,0.0198600304399834,0.0002638386996415116,79.16542569173797,5.592001800700063,70.44121676579523,87.80193527253303,0.6677199425668383,-3.2618007769243147,10.082595460534955,-20.469391732756737,12.2935499711804,1.2601131424591208,0.01902663022350915,0.0041688126024588615,0.0251968012910852,-0.0004163268527189807
100.39003440292787,2.917398848749682,95.20994958975592,104.68155262832973,0.3642924245605309,-5.968250726404193,0.16072023216476772,-6.204316717801961,-5.655931877218738,-0.008582860074636831,0.03708470333361106,0.008242382981731442,0.0453636789156281,-0.0012912978136368962,Single-leg support phase,110.77560335019015,3.821707471867032,104.2949592188982,116.86344213054883,-0.48340318890963974,5.6975468950462105,1.2334017466941922,3.183346917037875,7.254073566273576,0.15656640958598847,0.022615442825349722,0.004195314295854583,0.0267078674970086,-0.0006830092575843498,75.98655206209033,1.3543233101437941,74.1362942760186,78.59170766050713,-0.17136205324955858,1.2651607444351034,2.024192584215389,-1.9793433665537803,4.461760824617928,-0.24773477658352722,0.027700778069441895,0.0029683306993129955,0.0329640809990168,0.00033168174925808847
104.58930407963908,2.0651447663286624,100.78739936589793,107.65530702715188,0.2641502946636135,-5.638946022653057,0.44331537713584196,-6.144308003322904,-4.685303715610533,0.0561155495273989,0.022706533778927042,0.009556107790805695,0.0329624142792032,-0.0006954441611547846,Single-leg support phase,104.11110733119891,4.034523908591329,97.7942473458072,110.75748902441916,-0.4985862184081525,6.9665192741955675,0.3785541207842196,5.962703405599455,7.26923258696449,0.04508560393036065,0.015217185402799939,0.005094043542344088,0.0206694260321592,-0.00036767411402143077,74.13042942954377,0.8585391635516226,72.73872402441303,75.61279432930341,-0.11054116557270696,-2.2884010699359822,2.09548971013282,-5.92621599209024,1.0476151618107306,-0.26822427515003733,0.03120566468709516,0.0013266965915129712,0.0329640809990168,9.096986258592301e-05
107.4512074679116,1.3400828081971008,104.93001637600078,109.101780297883,0.16045245853393142,-4.566449695382168,0.8486778204010526,-5.805977301765032,-2.9513957354026465,0.1097915987062456,0.010837412007192213,0.004089059087272573,0.0145441615776187,-0.0002066109677639769,Single-leg support phase,97.82517168399255,3.3688390332272045,92.79578148517776,103.77466221211778,-0.4222646433438469,6.9640370010439,0.28326328311434473,6.50810862557868,7.26923258696449,-0.02927399851483883,0.009009114379562332,0.002113443528683231,0.0109709936636168,-8.815881997116156e-05,72.54240326290459,1.0380471774141842,70.56115014248289,74.02763979622547,-0.13332652514394555,-6.087511787135934,2.3484729477694066,-10.00595039421008,-2.293391996759312,-0.2966368614404141,0.03688564185812745,0.005379504610221113,0.0441324519278313,0.0003759676040286655
108.09117248562076,1.2705406645977737,104.21782451044608,109.12922436418576,-0.13919953388536918,-2.892535128999975,1.1257820578013844,-4.57632165414713,-0.7210468357933214,0.14827980070591573,0.006368885873657361,0.00242508286865195,0.0142816268747387,-0.0003563655785930231,Single-leg support phase,92.86283125404371,2.4972645109409584,89.244536664696,97.36735268430688,-0.3124160007542646,6.507344714758398,0.33122065418876595,5.699520472712355,7.094857456060638,-0.05366680705185704,0.006544623925378523,0.0013549356919146985,0.0108042537847712,-0.00019960307394432686,70.34612567951993,1.5521154815950235,67.73569680806227,72.62045181622767,-0.18787519262174612,-10.498525714354539,2.882891969044005,-16.05204649072055,-6.263037450539476,-0.3765003476992721,0.04087025815365002,0.0029674559751231913,0.0441324519278313,0.00027781608090461543
75.24744031540237,1.4150528922721428,73.77040077296635,77.79866606680257,0.1333154848853188,-1.7180256528520228,0.9239411986385698,-3.4432230350357056,-0.7555438642033893,0.09830044114725475,0.0056144089203761845,0.0009211538786702371,0.0100755410666505,0.0001721753012546923,Swing phase,125.74145474612145,4.1206812102413695,117.10569633050798,129.50892816569828,0.4424263015664215,5.82626307161277,1.734331413199168,1.7350517090528683,8.018862603369517,-0.10651582910857149,0.009143687870192685,0.001399689299242314,0.0139056730783983,0.00023442440766116153,71.64859659357259,4.917944826487219,61.33819311966375,80.08775683028873,0.7211370657932683,-30.623856971351625,11.374666326995289,-41.63727089218492,-10.123254142268223,1.2112741622724998,0.02531136275757081,0.0018692212507251606,0.0270359885297846,-0.00019628160733096923
77.46128344325247,1.3156949006865812,74.82188089106756,80.09216182073568,0.202703112679543,-2.0577023710085394,1.4885627961201167,-5.418160540238555,-0.7555438642033893,-0.16261195231593456,0.007577867638705769,0.002146001808370618,0.0100755410666505,0.00015866389114183073,Swing phase,127.97824898349246,1.4053995395739503,124.79576762019455,129.50892816569828,-0.1288656703102798,2.562955854685315,3.75404028005106,-1.924722203873031,8.018862603369517,-0.3800272736802046,0.011692117761027852,0.0017939080328847167,0.0139056730783983,0.0001296678476826308,79.70541820417613,5.976397311361485,71.67147302541258,89.07865694062862,0.6068686792742721,-9.729583065572164,13.299521379403615,-33.53217753231994,10.736803928369111,1.7026531331034251,0.023114103936626298,0.0034092235694435295,0.0267816597150017,-0.0002520693409515307
99.28095721717756,2.201247294791156,94.925245414384,102.34723065634684,0.28546097084472477,-9.944573864410746,0.6299457936561016,-10.648446637262152,-8.83648724580631,-0.0672178456740739,0.015793980337367012,0.005007539166652565,0.020552701043551,-0.0005192159731569961,Single-leg support phase,111.23043327493636,4.260276098217241,104.11190889499191,117.91432722114784,-0.5308622433136896,8.111295712518835,1.6703162038939758,5.022782981940429,10.03875209924662,0.1929218891271612,0.009230770507153891,0.0034823029903554782,0.0143528244036351,-0.00036946203569099224,77.05153791028029,1.9747390304473202,74.23251376810282,80.68629087231444,-0.24822219631583173,3.877175427653417,1.1005478838245355,2.152722918136897,5.744805022958978,-0.1381570040316185,0.031194028554294633,0.0026191483090066627,0.0334052739202188,-0.00026357026189241555
102.68082633337067,1.8514735684091683,99.84507314241436,105.82986516532948,0.2301843085736583,-10.461196620086659,0.14958588383941845,-10.648446637262152,-10.10860919785664,-0.003996650247620901,0.009805782644485207,0.004855820215767079,0.0169606303715405,-0.0004434496579826039,Single-leg support phase,104.20208974008007,3.975400422199396,98.5156955642878,111.12579883585435,-0.4850039719833292,9.961890954370316,0.5422642989959736,8.799450884490826,10.660024952541336,0.0715605410788658,0.0058745381404979626,0.0018088222996109507,0.0085768893230409,-0.00015410698457517694,74.23117419526997,1.3639848329005269,72.1268951105134,76.69582015525151,-0.1757278863360811,2.047560967286445,1.0627109883133947,0.1982079453528812,3.8843146088052007,-0.1417733332097046,0.027917841505614247,0.00284422796154466,0.0320008051868839,-0.0003122146102826191
105.75020882797708,1.7630087801615206,102.5966974359369,108.2895705096152,0.2189566566799346,-10.147043956648,0.3205437843023116,-10.559049267343092,-9.617749804264568,0.03620382550302015,0.006179384398318153,0.0007639042639427823,0.0070707600972193,-8.097151373463079e-05,Single-leg support phase,98.63682163074917,2.6151657824329844,94.57763061717336,103.5640332949253,-0.34563087222122846,10.663633557170881,0.28878970054539804,10.115810132032106,11.012672031668474,0.031430458169898826,0.00466606241429995,0.00011983452400215591,0.0049737425381026,8.728117785896168e-06,71.97480002804652,1.3078314516180156,69.7734925009788,74.06151297337722,-0.16492386432301595,-0.08051112224285042,1.4753127923167653,-2.777787152732222,2.0311708187680315,-0.18495992198077899,0.025136213661971822,0.0014172660029427087,0.0265499585473365,-0.00022617882403373838
108.22790973071993,1.166635947168514,106.05781278087544,109.87612660793974,0.14685822411785773,-9.38129405686389,0.6270676799363993,-10.146657342028254,-7.864801066082744,0.08776370292098117,0.005303633343828315,0.00029769372990544346,0.0056280107521337,-2.0667641990638456e-05,Single-leg support phase,94.4221714957213,2.361431401480488,90.8756831355904,98.21318110452216,-0.2822114603435291,10.701522615978709,0.27849300634466584,10.237283979134864,11.012672031668474,-0.018068974495862814,0.004754679617082823,0.00018244519207953117,0.0049737425381026,1.3615539723915375e-05,69.71329336107509,1.358080022955499,67.51458462895549,71.95990760014267,-0.1709739604302762,-2.92199228428182,1.867028425339092,-6.014396843414628,0.0078181900296751,-0.2316236551324732,0.02246752473940057,0.0018655694400266205,0.0244872340458592,-0.00014105276051810757
108.9825290791563,1.2268044459424374,105.37737679657602,110.26494053204588,-0.11804207023776424,-7.529543809362112,1.647472995665764,-9.556085844789358,-3.9394500505819057,0.21602445362336356,0.004946401895257712,9.946615301711925e-05,0.0050537317244069,-3.3281050821807623e-06,Single-leg support phase,90.92374920410117,1.749775770215522,88.39472193622946,94.225009376725,-0.2242418246344438,10.25077730928951,0.3202412046785266,9.685522757198274,10.883905423203068,-0.046091641000184355,0.004871617458861773,4.707938052872654e-05,0.0049737425381026,-5.435094006119244e-06,67.37436903077122,1.3990139092929617,64.99880591530057,69.59774698905981,-0.17688234899074035,-6.405933255785,2.2530026021330403,-10.509735055674,-3.035216347250123,-0.2874814887855337,0.018802221952053506,0.0020317255243871226,0.0208312408814042,-0.00014273669610312308
103.95406635014996,5.623657287726509,93.40632546291631,110.26494053204588,-0.6366345408484565,-3.8594718130936667,2.535864504701358,-7.603642251713391,-0.9184039902456292,0.2571245485179908,0.004992861988183,0.0001814075118567618,0.0052844697875154,1.4443078978219232e-05,Single-leg support phase,88.93250137978974,0.8113001471983637,88.09739207975792,90.68308732883187,-0.05097755225311683,9.626773872750006,0.46883606579929094,8.616646276320111,10.229486064416898,-0.062032299542184116,0.004954387457092478,0.00016275503743493576,0.0052122061106248,1.2954304844126921e-05,64.88164531318776,1.56789140940504,61.90619692245606,67.33558041394731,-0.20882244198043273,-11.381036289896883,3.74769603726441,-18.87387123776732,-6.276707230403685,-0.4845063079755245,0.013735030140808279,0.0040221510739909365,0.0169801561369096,-0.00026875841432060004
76.83149883123845,1.813405255430104,74.96321956968869,80.48682029792079,0.1744768382712514,-0.03520276563647259,0.39436202534526554,-0.8929797235645189,0.4346479058055686,0.01395216308736763,0.005578406655698153,0.0006884546528217622,0.0072981858278511,6.585760016823461e-05,Swing phase,124.65385058374129,4.279220664457277,115.1688057218352,128.56569235973063,0.4738357925026592,8.52817774754116,1.3405313655974271,5.749910900291882,10.270290130841566,-0.0535264461302547,0.00814132959720726,0.0013099110030702426,0.0113593487086605,0.00013570728928188845,64.80990291479263,5.57420425218417,53.5323565180921,73.14013356068219,0.7541452708688495,-31.76952907708144,8.359934830664178,-39.57108747502203,-13.907474312002892,0.911956225603675,0.016550292692791894,0.004145567246488906,0.02026912133882,0.00033995593031784616
79.8508548095863,1.8551568087745531,76.21815102244881,81.78311516725421,0.1915454383281633,-0.19364595352514097,0.3620910899832955,-0.6958915061020666,0.4346479058055686,-0.042691298047763275,0.006568239694791269,0.0012012332433440835,0.010802910644993,0.00021226357519026157,Swing phase,126.65889233019288,1.7421865466545858,122.77264961147392,128.56569235973063,-0.15953095341406745,6.096304938060734,2.6848923375395874,2.990906233475702,10.270290130841566,-0.27997630374484095,0.009887238406431704,0.001665515519901893,0.0133089381316297,0.00021452606051665,74.51223946933509,6.080867309694992,67.64062058746244,84.99647402363111,0.6675328244680259,-13.378052031387618,13.84769367022767,-34.86082298474823,9.073525276512129,1.6897826254330908,0.018846309096125988,0.0015927096093549468,0.0192479106395646,-0.0003086356005959039
92.21706500334173,3.699893472041993,85.07750149470667,97.5919609905116,0.48132536522326647,-3.1265372487773324,0.781837902194817,-4.129303119712955,-1.563421386136827,-0.09868775898369725,0.017763804349375353,0.0003701629874517727,0.0189000812630925,-3.9211505059357585e-05,double-support landing phase,119.87673834165099,1.9518759486002772,115.25450671136244,121.74766092884754,-0.2158922575568738,3.5038079010871352,1.326119019817783,1.103646900115801,5.946018997699935,0.18624508067631285,0.01319902751034583,0.0009251019871111632,0.0139548284612618,-6.970919828748458e-05,87.06044041980718,2.1819958537674866,83.09114854423213,91.24985342953435,-0.3137963417423934,11.103977339849289,2.9002648179121433,7.395038872218988,16.50178861366513,-0.35025960544023627,0.014929277379048395,0.0007943156877509469,0.0160792027785862,3.360844458434611e-05
104.95762394405963,1.9561557452208689,101.83594376641904,108.2297794550912,0.2459167572566219,-4.606111979759161,0.3376933599752682,-4.899530279750739,-3.864484454062101,0.03259475765931246,0.0077464506530989805,0.0031822635637655137,0.0141031923179972,-0.00033991821430911926,Single-leg support phase,100.50085093328067,3.6323697480595065,95.49195222155484,107.2228057005215,-0.4511866722679487,7.626927064240059,0.17569679615119846,7.453658198787216,7.94672781432521,0.0004748611539864961,0.00533258853220243,0.0010644582237880162,0.0073970072017376,-0.00011964834507921538,77.83867825108976,1.1731416989233907,75.87361964533655,79.84895816622739,-0.15289763541887863,2.9451169708728577,1.5822199533053811,0.1847897904557526,5.478784550884796,-0.20361518309342472,0.016102580735124685,0.001366470864732463,0.0189345871559714,0.00015007389226485377
108.16142162083707,1.7937972312466914,105.03702942606324,110.61209684895636,0.2144256701112736,-3.9334744692975963,0.5091979311135546,-4.8298450695137305,-3.225374719762046,0.06171039806737248,0.005561561066949678,0.000839366074655361,0.0067331704642992,-8.695909312807306e-05,Single-leg support phase,95.37016875538475,2.485415845872907,91.19626013126587,99.70339656594362,-0.32719755517991334,7.6184848896258615,0.1483100212643073,7.453658198787216,7.84484219091409,0.0053038990134625695,0.00449684089689677,0.00039935604703187705,0.0050842937678036,-3.724574080063079e-05,75.77304369705661,1.2487292936871945,73.74188233627379,77.79324702745919,-0.1558217188917461,0.032477291174348805,1.8835615229129048,-3.246424334998913,3.058526972027489,-0.24249812719332314,0.018686813336841947,0.003166271281163306,0.0256960299157469,0.00036172380123090383
110.20538669149151,0.7742563938380783,108.48784205678515,111.09988214253032,0.04169050536664488,-2.939242915928025,0.6704131197363792,-3.797450500446763,-1.618133589854512,0.08381988117662506,0.0047963421505747275,0.0004200019110579077,0.00570061687813,1.6742235852688454e-05,Single-leg support phase,91.20370196584615,2.433913911108741,87.60305724009997,95.2123182677931,-0.2926638856805047,7.481885396303415,0.3282075537839541,6.864415186298519,7.84484219091409,-0.02763867052114577,0.004202648763465316,0.0001295410759614367,0.0046992088949396,1.5886871740830743e-05,73.62371554913831,1.280840486965806,71.43575401272263,75.70001315153641,-0.16400996687745326,-3.659492069394543,2.493018850630231,-8.185461518615687,-0.0453033274135719,-0.3130830073539275,0.022645543573558295,0.00332074807787002,0.0256960299157469,0.00014346695894870392
106.99875823762014,4.684020096268604,97.12512169979878,111.09988214253032,-0.522329250708936,-0.854928824637751,1.7796217174617042,-3.138261600614608,2.05259570285525,0.1996483578257638,0.005021297384829169,0.0005010867148125904,0.00570061687813,3.758675048300768e-05,Single-leg support phase,87.89076141455531,1.4538482142838307,86.34114954450158,90.84146774447676,-0.16204833473828947,6.901911305611544,0.38080361699978027,6.271851031827344,7.6107631687408785,-0.051496620650520554,0.0044066919632868235,0.0002678900390108548,0.0046992088949396,2.011996182210767e-05,71.3435433963372,1.4135017294697738,68.85816716184716,73.58078933717351,-0.18163931443562886,-8.643546040530357,3.409156632949793,-14.93627807609758,-3.568642803010056,-0.4372167412725971,0.02348173338270879,0.0014835794707248298,0.0251036233155849,-0.00011683413245024237
78.11505494725881,1.7790752222078552,74.58639186404713,80.11886216164135,0.14290885699425743,1.5068182894011561,0.49626919651029194,0.8639441735123987,2.289215904988943,0.010290643431524091,0.005640443670223204,0.0007201333181266399,0.0072972308756794,6.481244625931923e-05,Swing phase,128.17273115009908,1.7282168327546936,124.66860112974048,130.2180311611684,-0.047398606786474534,3.6611613364671,2.9204965295549465,-1.378392363695278,6.681270272679448,-0.2766305957829942,0.009856027687571597,0.0001891293338392289,0.0099681039801285,-1.5329182429734603e-05,76.6110722430751,5.069966077542066,67.9340236460253,86.63487528685796,0.7192635246474103,-21.009302705587594,12.56477191699845,-38.08385579643078,-0.0617535215293174,1.4623885490346717,0.023765958010881716,0.0023515596870693875,0.0258397688791215,-3.6036084137107646e-05
88.6420974354732,4.317256015485955,82.48697645154013,94.728595338573,0.4382583010345513,-0.7569284128180862,1.3312443389376643,-1.99599739855238,1.4905047321331872,-0.07931730296329365,0.01868691607137969,0.00544877209955089,0.0247819560145991,0.00040453230492230776,double-support landing phase,121.03095905981158,1.0754004434703908,118.8693657457299,122.5175620196436,-0.037840209896984334,-0.7933469932966889,1.2164883160548057,-2.793446955039537,0.998188355759593,0.10600362010816472,0.016375217231901176,0.00022055128351627026,0.0165889358365299,1.772453012964619e-05,89.12180304683301,2.35913317670397,85.44596082728539,93.79140125429424,-0.32097847796187895,10.307297919443682,3.591669389473475,5.022981948336806,15.501001293440968,-0.4030007440424678,0.01373479500440969,0.0026804180156677717,0.0170934139591288,0.00019995362713635004
104.85554004568661,1.8878696967401425,101.52872963918531,107.83439706657518,0.24252567028422553,-2.9502454448767983,0.175443955441087,-3.166693599757284,-2.612622259557908,-0.004379753088013194,0.013129537776820622,0.005315603741427403,0.0230958818012556,-0.0006338518155514538,Single-leg support phase,103.01438220151127,4.628253203386622,95.9426379691822,110.483477274501,-0.5592630502045691,4.797423013170103,0.32734534401509313,3.913868196814848,5.105475896036365,0.03990204614398545,0.009558987976883673,0.002774171547626304,0.0164791367081893,-0.0003894463289366577,79.10553365870686,1.211123151629259,77.23951713899116,81.29978215845698,-0.15616403921022373,-0.7928208724353772,1.878435837217104,-3.764551984992936,2.352654997466963,-0.23527719163307306,0.019686196991144354,0.002689471414028105,0.0216514860164459,-0.00018440805197223844
107.92627104221245,1.737596637926506,105.08422136947036,110.52139531628306,0.20912207487741177,-2.555785560426955,0.5354993906394928,-3.166693599757284,-1.770381196197662,0.05261595980094118,0.007487140667571584,0.0039849192857607,0.0165945296307271,-0.0004454642490363807,Single-leg support phase,96.16159347474567,3.391764607247424,91.47847334540054,102.57067823492484,-0.4266232649817037,5.121764309188652,0.28398540399982874,4.856190269414862,5.786125225611684,0.028018172055998693,0.0064159596954878155,0.0022189236341188007,0.0111910846512635,-0.0002579322381256231,77.12876712679795,1.1599905518322313,75.11564652238633,78.96404611771365,-0.14801536905105087,-3.7006306732221654,1.593485323634148,-6.2151599193056,-1.0553219631774982,-0.19845530600492703,0.018073258376105707,0.002218385346471584,0.0216428117473941,-8.218135545250766e-05
110.27995966378823,1.0670353393363898,108.06817549580062,111.46767497582246,0.12147372484666455,-1.4526562955297844,0.836311130852221,-2.633124154189577,0.2362059090916676,0.11035884858774019,0.005235770121746258,0.0006866401160006029,0.0066157345969178,-7.396262805414231e-05,Single-leg support phase,91.31524511405979,2.3712758757796433,87.5778303991692,95.50763692123276,-0.30499255854090607,5.52541778230499,0.3117764486202778,4.975527071571192,5.919872098313835,0.01603184134325726,0.004881557566951985,0.0007327347599839593,0.0063535321558362,-6.190904539653077e-05,74.9942413243545,1.3661010573193504,72.64476270883137,77.10307478992296,-0.17147354158044584,-6.694317715963995,1.970763789409628,-10.43089310523948,-3.9559026488426015,-0.24903809447680306,0.01932690968888127,0.0016819479554181943,0.0215948118390894,0.0001956643065784539
109.2139616550992,2.9365131477952424,101.69326157001788,111.46767497582246,-0.34392487060971066,0.3252863254932464,1.4125413129598818,-1.7289408211470494,3.032074545434263,0.1831159756377428,0.005190707323485263,0.0009372673508871225,0.0074842059054879,8.188263359602694e-05,Single-leg support phase,87.883613073335,1.7261059674999364,85.83695427637036,91.19254307700444,-0.20598418463977233,5.444512074914039,0.33937582827887847,4.791251372459429,5.919872098313835,-0.04067382455472067,0.004752902760088754,0.00025061076819514727,0.0052574761526327,2.8827259941542314e-05,72.5590074158982,1.479843532569588,70.27146854845411,74.93831255722411,-0.17949400033730767,-10.913321102333782,3.0599872557468935,-16.550529620748303,-6.4579751121065465,-0.38817517340929836,0.020536625792574967,0.0009559409425269232,0.0215948118390894,5.734200918876916e-06
76.73318622372642,1.8234081356496246,73.99994963220088,78.83841868641964,0.16123653396045293,1.830130630785804,0.6841904407714686,0.7626531303766615,3.244227458562109,0.09544516646867107,0.008234876111501865,0.0004530157923514294,0.0089206244595397,6.8124848082038024e-06,Swing phase,127.79053435610088,2.7578235047550193,120.72741231559588,130.30156808526925,0.25659585335462454,4.802863412187236,2.1471653651009106,-0.0745943769902799,7.258373686532234,-0.16193283565860025,0.011245540380709627,0.0011282778030114295,0.0125724261296812,0.0001994493171916885,74.59144154927945,4.331560621397147,63.84036287216334,82.16250257052148,0.7046976807060824,-25.524446296651913,12.58544189946688,-40.200638189608526,-4.506626857565196,1.3678362371392687,0.029318411855875838,0.0009057051869845935,0.0298612885893478,0.00014482161086121535
78.64316624601769,1.309786506983437,77.24517925340368,82.34851424242169,0.1962821149622311,1.7065636353067914,1.3252089216221474,-0.8725474811865406,3.244227458562109,-0.09793394756969602,0.009699703189259239,0.0017069613030623219,0.0125976211429154,0.00015704368202685773,Swing phase,126.368488787425,3.319252153208643,120.7220786054448,130.30156808526925,-0.3676009852418929,1.2031854547566299,3.215876013257241,-2.861394143169232,7.120603341185015,-0.38392298016747106,0.012949585738461871,0.0015282264625637004,0.0153874770846504,0.00015818855370414617,82.46987747192426,6.9782943953217735,72.96144634335894,93.93030293902528,0.7849177761328762,-3.9323507490092666,12.425937486287312,-26.218775356945144,14.167001774512093,1.553299120440663,0.023215831030567177,0.009077295532638047,0.0297336614729255,-0.000727379805266923
103.66065964196423,2.306576951291558,99.81651417200756,107.32889415466929,0.28893769164083566,-3.7636842042136434,0.3451353466662381,-4.049244106863768,-2.9588006223138645,-0.03855982972766711,0.01215968575245752,0.004639778528079084,0.0167747937881398,-0.000342320173856327,Single-leg support phase,105.1713719014044,4.2600150164739405,98.52526488097082,112.3275696384442,-0.5308578752874377,4.84276381679758,0.7255627773517053,3.329107079082192,5.469532169235794,0.08025932152387763,0.007345287132889488,0.0006433503749898606,0.0080034020662843,-4.511765274724234e-05,79.2367943590472,1.5196520201890804,76.91786208842156,81.90153059757826,-0.1916795580444885,1.9575591408522128,1.4324245556692181,-0.6831659012587178,3.874484875218093,-0.1752942606337235,0.012295663767837466,0.000676210789698175,0.0130254456764986,5.134067166029617e-05
107.38437460171657,2.096069983687779,103.78018056752408,110.74157082984074,0.26774577931987137,-3.7818180002836996,0.3208103695693252,-4.049244106863768,-3.0388480860004625,0.035635862994352424,0.006895818967874108,0.0008516867052249628,0.0078286189797459,-2.714108005626536e-05,Single-leg support phase,98.60759438843408,3.485916065344651,93.34351864827086,104.8340485672262,-0.44194345842135946,5.595729570204859,0.25668228043077307,5.348349843974384,6.141724043448561,0.029709466122595618,0.006058700161497476,0.0007229994315034602,0.0067337236429412,-5.125438313464231e-05,76.79047455456592,1.3632762882937184,74.47227888782905,78.99010347197984,-0.17376248400579952,-0.8667525075926096,1.8572025122422695,-3.942625974088523,2.0597755104195508,-0.23086159555800284,0.013929597825234046,0.0010773190211560138,0.0154710612918863,7.535333584065766e-05
110.55660827675193,1.649434928766927,107.5855128271492,112.7071563989936,0.19698629122478467,-3.0434689646714688,0.6326467311018358,-3.928537371139365,-1.7646693536338254,0.08322569298098229,0.005987614737436974,0.0003990172322182027,0.0077758202881272,-7.716526224472693e-05,Single-leg support phase,93.34802883888548,2.7459266595270124,89.11311096007262,98.10716106073188,-0.3459250038715102,6.050530458811385,0.31307537338603403,5.453913873281151,6.384216289500434,0.03578086216228009,0.00575649213390962,0.0005105129119355909,0.0067015597109677,-1.8266717152503836e-05,74.36233845409767,1.4981709708424795,71.85052296788088,76.7413157028274,-0.18810741288255828,-4.071302132395683,1.9169914931268799,-7.426471075546337,-0.9569759425282052,-0.24882673588531276,0.019682721613396743,0.005676576329621638,0.0274411310542423,0.0004940178404585385
111.31922927715947,1.6260728354264844,106.54216461287125,112.72162199010452,-0.1708983495008552,-1.8302538940666442,0.8944673544563592,-2.994884506274836,0.2174480766092956,0.12355125318785122,0.005849819597045145,0.0001271367371025915,0.0060806811238912,-4.770618807380799e-06,Single-leg support phase,89.18678855620568,2.155303465733407,86.01127453506068,92.9861496454854,-0.26826442732402767,6.381209459654107,0.08955238407509908,6.185506398736058,6.505063409677114,0.006755839250838976,0.006346129281650185,0.0003928386662729815,0.0068916257901079,5.4764251033053834e-05,71.7389199172322,1.5806677719627296,69.21284390539033,74.27749947151233,-0.19479444485084613,-7.905525685483726,2.6303254404886505,-12.785820934583723,-4.172477044708194,-0.331282457302905,0.025051824395323368,0.0029381478864513233,0.0274411310542423,0.0003973103143685384
68.5702522363525,4.311327312336357,64.49578020083139,76.97924189921302,0.42484900147623084,2.3179892478624415,0.4222272468639259,1.5695105549611854,2.816831457261618,0.04797388085770894,0.020619885417029842,0.002508665015280573,0.0232527644399641,0.0001819607763461576,Swing phase,135.6958183043932,5.3340947976790885,124.650399401634,141.0827068515087,0.5382235977205744,4.944740469410405,1.4839006115659477,1.625521224754521,6.387528377249694,-0.18315412124981437,0.018306837176267184,0.0032451136787613674,0.0225160038557989,0.00024635232864025393,63.939463339637655,5.5108080708879115,50.90502822309725,73.00270080168752,0.8499104837919338,-32.0955644507497,8.811944442536957,-41.4054439638452,-15.19413996138113,0.9128918790248635,0.011992913548127999,0.00017545305199992062,0.0121586412316799,1.1054742034915409e-05
75.50707279820625,4.297676823174785,66.74122228399219,80.00524846808895,0.510154853234491,3.114964128551618,0.6341546559387036,1.9938180397381824,4.239397197054274,-0.016516435645509975,0.022932615158717678,0.00032426975289013855,0.0232833533809593,2.0048510822738484e-05,Swing phase,137.0537797307154,3.569414974655507,130.07588105209575,141.0827068515087,-0.3228800436169271,1.8296738693715455,2.4817720392536895,-2.0208839051381142,5.71309296600726,-0.2974606488902067,0.02138038842313271,0.00067117661454477,0.0221058424553794,4.417161102564998e-05,75.56488936423848,9.397658776784438,65.19157165140372,91.81868432920515,0.9992102151561343,-13.652701030992372,12.86172234056653,-33.90060749078796,7.695706534832602,1.599858231754637,0.011756324645304093,0.0004287063315391727,0.0121586412316799,-3.2693708497265434e-05
91.7781617702144,4.007426068000204,84.91686066230302,98.22251438121276,0.5117559122657591,-0.480480670488135,1.0304339675980947,-2.1603228430311034,1.3258016570210045,-0.1340817115404657,0.031187986808033277,0.003620156282347663,0.0340684542668196,0.00034823139526525776,double-support landing phase,122.74767570933538,2.159467274206971,117.94586755942852,125.15946257300452,-0.2559996798575892,-1.4466547529440914,1.93030411230308,-5.833884172877741,1.223182312748062,0.2714256340625309,0.018283250988493184,0.0023254148960575763,0.0229825839529539,-0.00022331109311975384,90.63268982712813,2.682841627525847,85.7984743701776,95.58798779697366,-0.37651974718446396,9.044897265604178,2.825492052270025,5.514881086290492,14.619560725097486,-0.3501799861079613,0.030411720853456288,0.007437795517254929,0.0359945669053977,0.000772929245342777
105.64057439468925,1.6024034565960161,103.05691983764292,108.2157877925638,0.19841799826618767,-2.47875597522512,0.17955899808697354,-2.73053178391412,-2.1443030888763235,0.022425019373075915,0.021857056377438545,0.004059542772662821,0.0268022362905671,-0.0004287704138933192,Single-leg support phase,103.08680370359518,3.6135166881698635,97.93269643315784,110.0311520981386,-0.46532521788387543,4.299292322027802,0.3975822342982979,3.873019148064202,5.095859541381439,0.04703232281989374,0.007875775246196308,0.002933354858325667,0.0115250425031143,-0.0002535983817203154,80.28028432805473,1.3181630334932986,78.15075510327016,82.53563067338905,-0.1686490603891882,-0.12781832647023034,1.7896958084158068,-3.1642335849897005,2.675224467629453,-0.22459454048535207,0.023352070511941124,0.004331556396123764,0.0320941291097938,0.00019911019405919613
108.14565437980202,1.335623295418177,105.70909737751587,109.86489071101636,0.15983820513463398,-1.9574016207948726,0.4335267014674165,-2.4956564957776064,-1.2034562473307342,0.04970000955564893,0.01748322638401205,0.0016672078807047452,0.0194224166347244,-0.0001211283539782116,Single-leg support phase,97.69649014557817,2.8142982215739236,93.28407519934228,102.16705053668544,-0.3416528975901213,4.92166290262165,0.443365301625844,3.978536079869247,5.359294437598119,0.05310609068187969,0.005353413215712989,0.0004450495065989832,0.0058900110024753,-2.7437531167873088e-05,77.99456533851345,1.366635926519323,75.70834685722139,80.19686369989473,-0.17263526317974418,-3.417870230510432,2.0954025487556853,-6.99788578318936,-0.0409775786725238,-0.26757339248141676,0.02584782384948152,0.005392026849800951,0.0320941291097938,0.00041022180229805
108.75220309483656,1.4174648734689574,104.5077607000041,109.88502653518636,-0.14939065565135934,-1.093658803294432,0.6230336121921904,-2.074995959999333,0.3800071293368495,0.09442319574369933,0.014905617985140887,0.0013783023668230345,0.0161763541010174,-9.849734367623458e-05,Single-leg support phase,93.46941054284171,2.177624843105211,90.30973398571548,97.53325096460352,-0.27782757611107856,5.382600447115251,0.14365186263456106,5.143802993840592,5.611071441509624,0.0058407806940596885,0.006053807180263839,0.0011818933318672943,0.0078840001485549,8.552436789050767e-05,75.64951408300354,1.4034077366304367,73.30405783969698,77.97108596721075,-0.17950108182745284,-7.609297895542809,2.9009895550478477,-13.022490666215466,-3.4222890175739225,-0.3692385249477517,0.03174935720027713,0.0018271553952954806,0.0337414885895631,0.00012810000615458457
102.5019123879744,6.687490418207494,90.1535140988934,109.88502653518636,-0.7589043244728061,0.5346477905881853,1.2360286797722395,-1.128386486787489,2.1613342399889555,0.09280099611872962,0.01465026034147646,0.001330192423644887,0.0167221035780013,-9.357541469157741e-06,Single-leg support phase,91.13796427761123,0.9712905462382841,90.03644975509921,93.04660616595434,-0.032414390219291093,5.2401167972208595,0.28494755494891494,4.820779059601381,5.611071441509624,-0.022484386975518758,0.01974243535760279,0.014999165800682442,0.0408669201593484,0.001186483264888846,72.82875116382132,1.9831087694905845,68.78649686832993,75.53416163828638,-0.25952556807524785,-13.885836990805142,4.598831549501292,-22.4997128411446,-7.349957007276672,-0.582682916687228,0.03103112481664376,0.0029464512210193457,0.0337414885895631,-8.593525465362296e-05
74.79347076306364,6.029231118693354,64.40454221685721,81.08039440565001,0.6314507622093948,1.9946084374838533,0.6390041512926131,0.739825413925163,3.1085504018442385,0.031746304362626106,0.03406076633926809,0.004610073852727067,0.0396568960338954,-0.00048667923860618836,Swing phase,141.42608103026518,3.4189712935742183,134.1896297518759,145.1943583584815,-0.27792095175280235,4.6279494537577,3.283547091020413,-1.521209651528394,8.230839624631145,-0.33951642308231905,0.03483719860835698,0.005390774018663135,0.0399591896254885,0.00042598769051890395,72.31322969285998,9.305916184013824,62.33128347330079,89.02747870050356,0.9965311110350077,-19.0074680358727,11.780798018345068,-38.303884909341214,0.9591847313160008,1.5101180631022006,0.01743138831889897,0.0007963701437711954,0.0181974290428389,5.9262128021261557e-05
89.88945471069727,3.9987308302132254,83.3430975286688,96.68383651966418,0.5131053458075144,-0.7549168036517384,0.5975663119014618,-2.0105205715650256,-0.0007830997035101,-0.07729759507159675,0.025454255994439918,0.0022273461702390224,0.0274663159380716,-0.00016913708938784625,double-support landing phase,125.12592178578603,1.8046276247509125,120.8167998559576,126.97434191240352,-0.16766179791732144,-1.7194413844724428,1.8008811344643276,-5.012713639373736,0.4826452389080691,0.2113599568569925,0.02520183334405364,0.00448184195303905,0.0390344473707702,-0.0006971861083844616,92.16712306820729,3.3945426820803197,86.89450446770738,97.90203483154386,-0.42336655245524923,5.447541140452044,2.632627961669456,1.852225090848787,10.134491218868108,-0.31854869723151236,0.017619177837021084,0.0014276760516930883,0.0196865738970698,4.734788503043856e-05
106.12191017372737,1.7708874826766543,103.15974605657256,109.00277345322682,0.22473182294824093,-1.7921670038850361,0.22395529792602414,-2.099318394209192,-1.4082648545386145,0.012129354053751902,0.020719072383954578,0.0007773771479945101,0.0218159293044795,1.0896760437296154e-05,Single-leg support phase,103.93620724906867,5.115672160930847,96.98303792137432,112.66828833835626,-0.6032788621916132,3.358260815649356,0.13655513070774886,3.104920652307959,3.753010773289075,0.02492654311465831,0.020059305724389593,0.0015758442998185986,0.0226141839238794,0.00016873342811235764,81.00080905835794,1.0053147022257045,79.34150749338613,82.73325472106094,-0.13045181644903125,-3.1234136089240647,1.2598700629213848,-5.107178482328837,-0.8509473408656443,-0.16370119774858433,0.0236122633765942,0.0020104914361850205,0.0275057533699506,0.00019477779267290768
108.7179643435981,1.317682365034316,106.14271437347472,110.18072851787846,0.15530823632322102,-1.6187590467166908,0.2022341192289898,-2.0859692198639626,-1.4082648545386145,0.02198071983462482,0.02100957434310259,0.0008465065132963496,0.0218159293044795,-3.851934526492343e-06,Single-leg support phase,97.3130709785158,2.749082469400463,93.24710607501974,103.0483227852693,-0.37696987347113703,3.872817733021476,0.5459768256041171,3.243108039653501,4.748973372843175,0.0561102925214945,0.021603682856758486,0.0010740488258895496,0.0226141839238794,7.765676829969236e-05,79.13218806584126,1.2088708554738365,76.91785452581927,80.91496141361714,-0.15373488029991805,-5.430743360832974,1.515800512418666,-8.432613626635357,-3.2922075842430365,-0.19770792470739693,0.02633682704000055,0.0025379383539442463,0.0312485504911622,0.0003117768965110423
109.33850685054851,1.190792343289917,105.60109935718812,110.1972932888752,-0.13740292246475533,-1.1502153059708744,0.501084680444785,-1.571796877893796,0.0570303952395656,0.057275045066354655,0.02018253878821872,0.0018112273746182467,0.0216354368675693,-0.0002664643453458808,Single-leg support phase,93.18993186205654,2.197114939463824,90.10228175534304,96.71939230451056,-0.25450425189105846,4.645412654228102,0.36657480696923495,3.848856163339799,5.067850407896429,0.04688439402140883,0.02186570268514395,0.0006457152498027222,0.0222727363577147,-9.565027799749229e-05,76.65823339225375,1.6992294044489373,73.74272486200431,79.18344518016512,-0.20925847377541593,-8.8453688980666,2.535495731002357,-13.407581772811378,-5.287182024275312,-0.31232306725138714,0.029084980210007876,0.0020002840417312935,0.0312485504911622,2.5764020247984614e-05
103.313442840504,6.474390664039059,91.60197909934112,110.1972932888752,-0.7152043919051569,0.3039207326305344,1.1938962913274296,-1.4502010096018734,1.9429278980187952,0.09451853492682998,0.017173300059696937,0.00255206465901349,0.020005421492217,-0.00031277842510522684,Single-leg support phase,90.89335176323821,0.8757311170046319,89.98216688451222,92.90160110589837,-0.03550754334465886,5.00517723145043,0.11109712124236115,4.790188393372633,5.1480783959550935,0.0021316130869829105,0.02082087569428189,0.0009519450017728306,0.0219186184234819,-8.211206774741541e-05,73.4764880752108,2.0896296255952116,69.39780647716597,76.67726058199857,-0.2799790040320229,-14.216119448810417,3.8988982382200503,-21.998322117750536,-8.792251202904698,-0.5079258044171476,0.028791537662875285,0.002495322663579854,0.0309275037827888,-0.00046451387627277694
71.31906284004282,2.032149277084615,68.96588216776077,74.82944185212364,0.18796228913642482,0.9799713433693753,0.6562474591923896,-0.0459853497793145,2.0396389624831226,0.012852574693736947,0.018462963529171983,0.0014513240597759127,0.0193980228916507,0.0001828828247939462,Swing phase,133.16245476367305,4.167816995325451,123.8789564536783,136.80197195789515,0.44039121900629835,2.391065249312903,3.3955754285274904,-4.304040351415351,6.307928845144877,-0.40815266140616263,0.029495186566777645,0.0014762469383559009,0.0309081622910076,4.250068539815364e-06,69.19072393148166,6.885249802168338,54.99197886648261,78.69700292044594,0.9117316943832049,-30.92807286391139,8.850411577379727,-40.443354033103255,-12.862487851836969,0.9425626645786195,0.023782943413694028,0.0009930435290031192,0.024726212355584,-2.516455538596538e-05
75.52528076442547,2.97300627358693,71.03483817332659,81.34865361361035,0.39668520924168316,0.15420635455240317,0.7238205113605913,-1.4934199623669575,1.4867873554935689,-0.11462335837925101,0.018580940978334147,0.0010608174274403138,0.0193980228916507,-6.7899430668673e-05,Swing phase,134.9156670627111,1.534096494662469,131.90144176600876,136.80197195789515,-0.1681509015794988,-1.9753214950977274,2.6806303744403572,-4.693437681363703,3.439860902667629,-0.20267164743723035,0.026300407372756237,0.004380134854874491,0.0305952863431959,-0.0004347259410748923,79.26575863091747,5.21078607502553,71.67129196718733,86.54971080028635,0.5722468781961161,-12.907979035149205,12.394764616510262,-32.68768124118244,5.76472398107281,1.4789386623944327,0.022266507464890783,0.0016614475566089075,0.0244962680755848,-0.00018058803762195758
96.82343891126607,1.662744007123453,93.7833080038253,99.19582625443772,0.20817377886970853,-9.74583504122806,1.0639836411301096,-11.069159948283342,-7.665012491554822,-0.13092874833571233,0.03432086287532095,0.008635837717262581,0.041591238210626,-0.0006333020433760846,Single-leg support phase,114.96996385437298,3.0438989968599457,109.93809975977938,121.00020091184494,-0.4254654289255987,9.727971309872926,1.2441551492381795,7.580853902369899,11.643880518637076,0.15627025447181447,0.01836516275508265,0.0020718707022528483,0.0201194066518824,-0.00014851945289995005,77.88894304956708,1.299306211387821,75.93212781162431,80.01203265492961,-0.15691941705020385,7.619875066195669,0.6350129493049848,6.4460180143075085,8.581244750862552,-0.08212410525211708,0.024323091195290823,6.770060962273254e-05,0.0245063095072081,-6.602532395561581e-06
99.28867129070059,1.2265104906435167,97.26383500079106,101.1408727153064,0.1491168351736669,-10.936869027438762,0.39543354248640245,-11.36231730373673,-9.954122509322202,-0.05416133824671265,0.021945511589408613,0.007571530526999262,0.0412797321636622,-0.0010224759911350346,Single-leg support phase,109.89611752695137,3.074622491456968,105.27290938927614,114.79004248417084,-0.3660435805728732,11.66667825316545,0.9922066017292646,9.746978938792388,12.91049032345394,0.12167351479467509,0.015974219575639114,0.0012968775369466999,0.0200487067520633,-0.00019041563441183075,75.77080636010739,1.184553362852679,73.85384462837844,77.83385292534143,-0.15307724219088434,6.194896512130106,1.0814917992692694,4.302614622163046,7.7944969976364415,-0.1343031682874383,0.027882429615018856,0.004584256618101913,0.0346098274023184,0.00034257753408833475
101.08802084552,0.8889276678219641,99.39023402374382,102.41807218261552,0.11645531380275778,-11.235729698199485,0.10589348499233152,-11.385056998001316,-11.006423214563682,0.0035507349424871693,0.0154307929509002,0.0035456731141226866,0.0250995187073142,-0.0004455865449397924,Single-leg support phase,105.40162813442902,2.2117057664471838,102.07103647823628,109.50750284585772,-0.28601793721620905,12.954119487574973,0.5461076430966617,11.795928222600118,13.634587923383148,0.06989671543703177,0.01589676903870899,0.001125586389262884,0.0178653927935384,5.2190448162465506e-05,73.86487464437704,1.0654284897158595,72.3211168734849,75.77423296413572,-0.13281215733272397,4.227924997888274,1.269608098791966,2.067818366787906,6.317239569867998,-0.16343927704154199,0.03463199756450245,0.00525535730073521,0.0425500619575392,0.0006521861268435386
102.43250225480512,0.710227670858282,101.24134660517672,103.355525709844,0.0793050523880772,-10.812421810988024,0.5177277381101136,-11.385056998001316,-9.832219137786598,0.05949700604966116,0.013558959351407744,0.0007280584099216283,0.0146867814312202,-7.703245417722693e-05,Single-leg support phase,102.09940831019468,1.703411410540213,99.5026927782561,105.00483669410474,-0.2116209198403321,13.435995520365195,0.1838056936787976,12.961307492395616,13.634587923383148,0.014410692011651691,0.01695716845221261,0.0010368945427343755,0.0178653927935384,8.77552214400654e-05,72.21296832829812,0.8892094589976984,70.69962038500081,73.70757791881142,-0.11569067437733119,1.8411945300603543,1.5875472020109405,-1.10595701954835,4.159332379579805,-0.20251113073569826,0.03863950309041987,0.0034590125990928413,0.0425500619575392,0.00017228999544154986
102.50737561384155,0.9612906604361164,99.83758129296304,103.355525709844,-0.10256486399701113,-9.645374717846735,0.9091128255434353,-10.93934632122298,-7.734277380923745,0.12327188231920133,0.013012734299901317,0.00041602517649974113,0.0135162644321453,-7.392628341588458e-06,Single-leg support phase,99.57424344800266,1.2614868757351743,97.76835408473826,101.83819166747598,-0.15653221472068152,13.30152505810187,0.19847321128086245,13.019401660803885,13.59130137755444,-0.02184771118581031,0.01740297891540154,8.156832564921597e-05,0.0175145225870316,-9.463050899553956e-06,70.57712658093801,1.054478589941822,68.72113954829925,72.21293132198053,-0.13429968360312636,-1.2404723507585826,2.0419718518811645,-4.5981687865909,1.88557857193018,-0.24937489840465693,0.037037004632765186,0.003988541850394321,0.0412862698389421,-0.00041917908523538087
98.57235110889317,4.038044175051548,90.7453119358748,103.23461381296076,-0.4803577645033063,-7.005395335980722,2.2602998517609048,-9.744802930092106,-2.781108758562629,0.2678343912126722,0.013032387003207944,0.00040238765475181416,0.0133658134199718,-2.245133199146149e-05,Single-leg support phase,97.96890221500688,0.6603248827643974,97.23137282540708,99.3319496756389,-0.05916368964135625,13.071922391898186,0.09258858426706541,12.956492011558218,13.302063572009889,-0.013291213863525787,0.01984234585714553,0.00875760757343375,0.0495874476210017,0.0012388628346171155,68.62288511402801,1.2447905164408195,66.51208306173773,70.56675721385882,-0.15594900585081134,-5.105314939565556,2.5427932304391407,-10.017734244131608,-1.398632355969135,-0.33150391877547974,0.03148651854867015,0.0053675193255729335,0.0377061549108844,-0.0007715444026398846
72.63949030717717,2.4028160198471964,70.34690969606429,78.22051489766741,-0.298710492100215,3.0770136153664405,0.6026695332264914,1.5625793206187226,4.389889944748968,0.10874271631270174,0.019696942503783295,0.0027505096406402747,0.0241199501415351,0.00017561178554262687,Dual-thrust phase,116.40973548726447,6.685811933015666,105.39766745207228,126.65716451671146,0.8176729640245838,8.590266150659827,2.3536671858415463,5.164421054418569,12.167547356852648,-0.26935101163208,0.048152590232749044,0.0007966676551656256,0.048844487029126,-5.892318364298836e-05,56.722613303492935,3.525138448432594,52.081523123418165,61.38436055722854,-0.15385531360625967,-29.303145924548648,3.9116120344600427,-36.90084613264845,-21.00863015523498,-0.6112390760543641,0.018168010907856153,0.0013595734269380032,0.0200607455036194,0.00010693738075783464
81.87825860690585,3.009704467991301,75.48315077877551,84.74744275388645,0.32772340811456335,3.682568689947969,1.8375986711663752,1.4612562187782447,7.050744555382327,-0.21498032063861852,0.024090447123866675,0.002048708161831126,0.0264739373209346,-0.0002146753126403577,Swing phase,125.86372515259343,4.0152323567022,118.85875680746196,131.8852992101738,-0.501020861642763,3.686404404685926,2.7246484591781366,1.2545817272684054,8.846746423428103,-0.27819050299496195,0.01365059659777729,0.0003196260762144777,0.0142202158598875,-1.3104484362299962e-05,68.85003400471548,8.11457410658651,54.7923362390186,80.5119461371887,0.9892157653142346,-13.389090580732063,10.78663333364688,-27.77641008231093,5.331754899716662,1.2733909608472151,0.01525010118415135,0.0019595311351329873,0.0186581311156618,-0.00023503214799324232
98.27568675198462,1.578343694780727,95.628670629426,100.80142619759371,0.19895213723721986,-6.47511237324726,0.43423755247254153,-6.9112442081758445,-5.552936246908541,-0.05034832322491294,0.02138941103087049,0.0012127633657390928,0.0226042631143486,-8.555937409449617e-05,Single-leg support phase,104.10642866016919,2.8964333262222755,99.67296554090132,109.20180729591362,-0.36649391365431955,7.113470757068546,0.3177488457494265,6.263415092930416,7.437667160831143,0.030085985908284315,0.013298822525938876,0.0036671164107091626,0.0169762955003072,-0.0002482711423690461,74.21687634302694,0.9730833967507099,72.57265917923016,75.69219828976067,-0.11998227348194271,6.526758656819553,1.1584912351121879,4.343400711066382,7.923258489520514,-0.13768683763285122,0.012134407499998012,0.0002415238147119737,0.0124186608359182,-2.0066491352711597e-05
100.90707265964532,1.5340007982715471,98.39842626145916,103.49482971266887,0.19601551735421963,-6.600063234668277,0.3140819772089538,-6.9112442081758445,-5.93393425435043,0.02743767811475215,0.02088247126636607,0.0008640071899731103,0.022002615870964,7.177609337438464e-05,Single-leg support phase,99.64836543502383,2.364374656404186,96.02972695712228,103.70308324671944,-0.29512908806142946,7.090575990527655,0.2225954889203595,6.831899887845185,7.437667160831143,-0.01788316599983187,0.00858467099148724,0.0015243655082329414,0.0099293796149028,-7.570170250341158e-05,72.57348882562823,0.9633214595507712,71.02115663946603,74.10746769715544,-0.11870427144959286,4.257810084898888,1.4971908186248812,1.72991912450074,6.528780189089728,-0.18457157940726876,0.014362096787398308,0.003751743385112726,0.0206868303775763,0.0002943259520671038
103.58191705336608,1.604287136253044,100.9907861980901,105.99397985921472,0.1924305254278697,-5.991949315822367,0.4721146024538958,-6.824835988018444,-5.287176580133322,0.05914074645712007,0.021731621340199833,0.0005400861024613011,0.022002615870964,6.33340458987846e-05,Single-leg support phase,95.76614777403724,2.204188841908604,92.17991728710372,99.35849374804066,-0.2760990946514207,6.973539021348066,0.09840664503414212,6.831899887845185,7.195981339586218,0.007466823744960011,0.007198071291808795,0.0009919722431969906,0.0099061289410549,-0.00011260102417502696,70.88745648229711,1.0231918162733191,69.08696865603167,72.44947008224838,-0.12932697793141193,1.6011158026525178,1.6121486018980176,-1.174062455287109,4.141869795825126,-0.20445893273508597,0.020014031322553437,0.004626676325519591,0.0255986465173086,0.00048680525392639227
105.58127590915007,0.8660089497066465,103.71728922206778,106.5634158604373,0.05552072453763165,-5.153478507408627,0.5332157056553156,-5.885312239470682,-4.227997896345234,0.06374285935097879,0.02076229078910635,0.002097111610457306,0.021932055039577,-0.00017660462248296537,Single-leg support phase,92.21224419956184,2.0204900068858573,89.05262030899372,95.75055553721914,-0.2576128933932853,7.000686850870475,0.21041868410863257,6.42535920970939,7.240530224714147,-0.021309865131720063,0.007894935385012285,0.001748609907411332,0.0115289174625138,0.00014827657073390385,68.99517137353973,1.197260689126075,67.10837998765528,70.88979723914431,-0.14543912505727044,-1.6842224693843235,2.273618441792418,-6.044023697177395,1.5040148950089842,-0.29030917662255307,0.024770228226356314,0.002735508497572417,0.0284526322568834,0.00034123331724353854
79.74011607769853,7.419728099562808,68.73803351412231,92.18533004630626,-0.9018190973916906,0.7945903923035895,0.5562262473245264,-0.2197155413682647,1.4688126777042227,0.033727788985111445,0.020585418973359824,0.004711962446685204,0.0253828380981663,0.0003730234482006,Dual-thrust phase,99.28423359647039,7.609366207475168,89.1261777476622,113.25295054897222,0.9279528000503856,4.473379381815386,0.8215115586665401,3.0203531125376264,5.37001539206035,-0.09029848842425342,0.04865844389018963,0.012342451012083625,0.0599779176902935,0.000968541662287308,58.19306426287335,4.726676373927311,48.212517914211936,64.43510127246259,-0.6239455137788712,-26.42427037005259,8.213026495451954,-35.66053118978748,-13.333622275056976,-0.8262672199378647,0.02043009618844234,0.004243725168802782,0.0261785874833128,-0.00032828814579220766
69.92270115280434,5.144681375081733,63.39084908357479,77.93747103301183,0.5594854595937323,3.472566338728195,0.5130740404357347,2.230216373981176,3.9753303956395216,0.06711977006378253,0.03348098752929259,0.0026089154418196627,0.0355873915722652,-0.0001975241934053655,Swing phase,137.8275722570681,2.7852468615514554,130.7595736173665,140.60898707529122,0.20568225883090682,3.1042819335622216,2.139625508999054,-1.2752215462890837,5.43943970486411,-0.1772411773562739,0.013211569778010215,0.0019190409380585444,0.0140890938936944,0.00025597159373836535,63.22873247968909,6.242382682167461,56.98717045254668,77.08503956059252,0.7729949656940709,-28.270066254169894,9.926502762526521,-43.023900202803205,-10.080766653485558,1.267043598050679,0.022613444793851738,0.00172678776331343,0.0254643661200756,0.00011448774535802696
76.75263438685066,2.9082371667928144,70.18448036014242,79.55179363328104,0.3602812797361008,3.6166999236964097,0.5801323516979648,2.3202945720461297,4.235932507348381,-0.06301563160824049,0.02841446800790852,0.004234836336467571,0.0354836917884167,-0.0004623341901541307,Swing phase,134.74865031847108,5.236762054836615,125.26086761537964,140.60898707529122,-0.5750080823346179,-1.1616828725981965,3.1529728523632006,-6.062411208661937,4.114573349630844,-0.39142248301126076,0.014306665293750354,0.0009519221484297243,0.0158043993241051,6.0115887042592295e-05,76.64292411383637,10.283826573911654,59.48837436552067,91.75127828232868,1.2408809198772313,-9.127240851886977,12.492741254506972,-27.441808800186543,9.278577942012248,1.4123225670076458,0.02321224982021011,0.001779604981006654,0.0254643661200756,1.721930315745381e-05
90.14981961674533,3.8272927052522014,84.1670351897186,96.42124995292596,0.47131595243105223,1.0842761963222314,0.6887187458218589,0.0336425234376667,2.07305191274589,-0.0784388226657009,0.023547926663461907,0.0014544816200979648,0.026858919533605,0.0001620060067077578,double-support landing phase,121.08303495975497,2.307323971027132,116.35652512068414,123.35590221160136,-0.2618933294699701,-3.622381554454898,1.306761555145293,-6.026077093749226,-1.379072638708139,0.17873094057850336,0.01565579138857843,0.0004561083015544218,0.0164307772208107,1.1755729022888444e-05,87.27853900901707,2.5115377144707454,83.00171712988104,91.41039321582991,-0.3234106186903411,5.04825689478242,2.1155970180216586,2.2773369606667258,8.737720867831843,-0.2484763041217353,0.01604866198749511,0.0003511101225489356,0.0167832918076826,3.7290991980811516e-05
103.74785192136466,2.0073276809920046,100.76390339700082,106.8575293189128,0.23437022776584535,-0.7555011740688043,0.1900395824175864,-1.0651951787945144,-0.5436289904826799,-0.0025225501218270265,0.027126935598634497,0.0004671201709325259,0.0276180371128703,3.315848381916156e-05,Single-leg support phase,101.34371008282254,3.683192923916444,96.27254403628643,108.41685480660796,-0.4670888757815971,1.106133242091777,0.2924469737001049,0.7959730121778956,1.8157714340525577,0.039223016225948544,0.018496792811155207,0.00024423745358761626,0.0187477512695597,6.777592911784585e-06,77.71764484973781,1.1938839294008017,75.58472626237062,79.60393061590486,-0.15458478282823981,-1.975814766698107,1.2288569016252555,-4.1320301528665375,0.0842322276071788,-0.16216393771052753,0.023333277604713338,0.0037684356362613484,0.0280875501717562,0.00025125552660216534
106.35614697088698,1.139291002186821,103.78926823271982,107.33316684469207,0.1360382313033624,-0.6982012788986162,0.1925855176589651,-1.0651951787945144,-0.2245649855719213,0.03233193050856127,0.026298406991672903,0.0016548601225540663,0.0276180371128703,-0.00012377591574029621,Single-leg support phase,96.0052688144167,2.667996724979045,91.79787003879002,100.38438264187458,-0.3302504847340214,1.9403968905899909,0.736010786301585,0.9086710169818544,3.147586307485355,0.08611212655782695,0.01822551085045051,0.000648457625936333,0.0187477512695597,-4.835828967508074e-05,75.42395902895751,1.511904111559466,72.91987453300618,77.71765690262936,-0.184530091139353,-4.399295292839414,1.6621679825953448,-7.41999812701564,-1.8843142368870416,-0.21291091885109997,0.030946434550002573,0.00511433456818808,0.0383321486697946,0.00034016096664948083
106.22572948890489,1.7326167310575018,101.2723097166854,107.33316684469207,-0.21929136065994306,-0.017145495057463784,0.7389997866246307,-0.7819837324053761,1.737745971839822,0.09228704651331708,0.023152945111192445,0.0029720131575831153,0.0275690227087641,-0.0003309418946695885,Single-leg support phase,92.24076133787881,1.8117408171803693,90.3251817991495,95.91125052251137,-0.2147277742542188,3.062635459502715,0.5813339322107784,1.923028350690192,3.7176965733442753,0.0690257008713109,0.016996723800079865,0.0011627312407525795,0.018721723031,-0.00012983766241214233,72.80822377733898,1.5602026230085253,70.20699297139474,75.37694092266577,-0.19884415197196256,-8.102894351136374,2.7633119121736045,-13.372620925396356,-4.337226530021917,-0.34751516905286306,0.03517256153616137,0.0032457374274536908,0.0383321486697946,0.00031212194976296153
99.74538105744243,6.334482697640225,88.56140873219029,107.2904264998652,-0.7203468372182661,1.8163169555752687,1.3378417191393037,-0.0949667417876712,3.518233556357441,0.1078331489932539,0.0199528420173708,0.0024762468630841784,0.0243943569968432,-0.000233027797252777,Single-leg support phase,91.15429865206104,0.9262450566977249,90.3251817991495,93.74227424054196,0.0832604198435077,3.640799696161427,0.15243882600244119,3.224569325671563,3.780529437208843,0.01420726798513828,0.01683194421163682,0.001527770593096433,0.0191245162576432,3.7567872355288403e-05,69.68319016603911,2.2009860161532644,65.25969832228814,72.72552880693735,-0.28714732633266166,-14.184407371263974,4.499864897893118,-22.68921778332756,-7.749213777283311,-0.5746155386940096,0.03199263154279679,0.005119881914019701,0.0369414552749175,-0.000454483732598946
72.608131697785,2.7722181097572203,69.42764396988248,76.7932913625217,0.2806270890601025,3.1893916321380997,0.4303424907489273,2.7134782995966784,4.171876862927112,0.05609225243578591,0.029302038457237112,0.0011195597337522417,0.0304875037941669,-8.365448849078846e-05,Swing phase,133.47698978273442,3.968532431058407,124.38474671614416,137.20209143728795,0.33690899951682624,3.653872378094818,0.8059449851228483,1.464957520597994,4.811268461798449,-0.10129733312012419,0.019991661082271375,5.962344726102646e-05,0.0200855710662704,-5.1095137207308215e-06,64.1706401415343,7.137562563827327,51.93757037322188,74.51837926235721,0.8684926495821282,-30.380634575521377,7.954514378640844,-38.35216980628224,-14.813849339762728,0.8633026201009526,0.02914818640622773,0.0007417865863316653,0.0299994314734962,5.0578501489903934e-05
76.51760420319748,1.8377572499953538,72.231025265888,78.88559576072312,0.2559450190321203,3.2609291285613478,0.8946117214819472,0.9567734373410516,4.251601661964905,-0.08373602795040279,0.026987293370962045,0.0013728512813502057,0.0283998265910097,-8.130877637037692e-05,Swing phase,132.4089485304413,4.17367117846157,125.5243594050685,137.20209143728795,-0.4271209664617709,0.9290449389468034,3.1725637820869377,-3.8636027406274014,4.811268461798449,-0.31580978656544556,0.019432490634986897,0.0005241934270923555,0.0200855710662704,-4.358044191779996e-05,76.52473294748373,7.654912572758325,67.70725746647041,89.08024393976652,0.8220379412806196,-12.906163829487276,12.502611210241135,-32.61601810514245,7.896806019874849,1.5581855432698963,0.026344295058402453,0.0035430937012466733,0.0299994314734962,-0.00026874090715860003
89.90745387310201,3.93497657006199,83.02695182610077,96.1574032308528,0.5050173617212317,0.18423024973796595,0.792955750153948,-0.956939131552216,2.111591920744882,-0.11802042508834992,0.03132911234154963,0.0017830209331798363,0.0331045670104619,5.253390141373843e-05,double-support landing phase,123.04306101315629,2.2381191447162934,118.02313354645214,124.99248720878994,-0.2317553117226575,-2.417761237479127,1.179232810455139,-4.614997095869766,-0.038994702450463,0.17600009205458858,0.01948764297723689,0.0006648841960376091,0.0204023867188557,7.322581112396548e-05,86.633954316638,2.63065656365344,82.35994143416524,90.87678006035806,-0.3275707163920316,6.029844008971982,3.006095441280097,2.442453126121911,12.208704608346965,-0.3756250570086559,0.0160769097743711,0.0011187619500159982,0.0185406812546592,-9.321479139580771e-05
105.5401337904232,1.7953932924000675,102.0258015753226,108.10779507163608,0.23392282678128742,-1.3588222989865648,0.4071592302817032,-1.7695355050737014,-0.3104835519245069,0.038030846330748144,0.01717632087236514,0.005133156085002745,0.0238882939207274,-0.000520754262882523,Single-leg support phase,101.80805296355635,4.709342901353893,94.9177461555656,109.98285554450864,-0.579427284190117,2.929309144111781,0.25652753594669697,2.272581367870414,3.3825213500108733,0.04268999931309459,0.018716908676305842,0.0003574774889838045,0.0190420361714174,-4.134402296463465e-05,76.16882866496377,1.2715769393782506,74.09808701657761,78.39909286814323,-0.16542330198329308,-3.4595621253645232,1.874651363927201,-6.439117750934477,-0.2000089422683795,-0.23996572341023453,0.020130796513582315,0.002947513447285372,0.0256760792120353,0.0003317861204599539
107.79542443612651,0.9358404210714721,105.9430834406416,108.76135562482432,0.08824683142098166,-0.5665547683716322,0.7529389949294429,-1.7695355050737014,0.3027680880756498,0.07970398435189813,0.012034690659355892,0.0021550610702588346,0.0147369769474872,-0.00016490065780173075,Single-leg support phase,95.1652556305452,3.1349739794677003,90.84832536487497,101.03812840469948,-0.39191550153171195,3.5074491024559813,0.47036567880892544,2.9135895961833427,4.292537413351703,0.053036454506475414,0.0182390152815965,0.00037771932801469076,0.0187080546403696,-2.9070133149876837e-05,73.97618144087286,1.3189657146963116,71.7662430896487,76.04811964487041,-0.1646875598162198,-6.564702095402489,1.8215313543005476,-9.83854219523654,-3.536532322619296,-0.24238499510066325,0.023613904988888282,0.0020261716461087613,0.0256760792120353,0.0001545262683145269
83.26574809355544,7.552752741579151,72.20562525081561,96.15120032430356,-0.9209836566726133,2.0380154819870104,0.9484783268400199,1.0465195944479992,3.689767591143434,-0.0978478326017841,0.008921360989043281,0.0006887113222009976,0.0099849185735921,5.029465356942688e-05,Dual-thrust phase,97.29684503742024,7.845359070143111,88.67692120224167,112.56330770802091,0.9187071732992016,2.7851562563080914,0.6483000646197269,1.8380596136482807,3.6369122830927,-0.026512131426484505,0.017595855451817206,0.0017110347015721766,0.0203178865082712,0.00011426756944428075,62.952583236910655,2.963356590873024,56.85734971675814,67.98375168714885,-0.42793853732271986,-30.539419650654985,8.73307090650003,-42.21903388080234,-17.73295732850163,-0.9150763196840178,0.01667919843395135,0.0029628284875413435,0.0246719891186212,-0.0004381107968904885
74.2645839533107,2.872839619279674,69.23010582708636,77.22126655006613,0.2864457573370208,1.7442979967529553,0.7871573164183324,1.0225922313665314,3.153475207748242,0.06312240420095708,0.01002350779386563,0.00033662955708348835,0.0105853755310906,-1.9782370813507678e-05,Swing phase,134.1656117488904,2.758786057893045,128.275143570482,137.41323625633672,0.0825392920567706,4.674166179744976,1.9765357746755525,0.4623738651551325,6.975744748699707,-0.1443597614962629,0.018310337755011754,0.0015742132263674975,0.020171598533296,-0.00018777693672743462,72.07404342282491,6.046542105753371,61.07763234218815,83.07115579513786,0.8459047481903732,-25.506719214435382,13.085070325640698,-41.84376290745144,-3.005463754358973,1.4937807366574027,0.02693800956169345,0.0020167705465822814,0.0285923660846797,6.929340999598847e-05
77.24521677266748,1.552693350147975,75.4914192266507,81.05944934666886,0.2141550046160827,1.3347433898576073,1.506868990237648,-1.1743660151572042,3.153475207748242,-0.07376884356331567,0.010552623820424186,0.0016372733774511633,0.015399761491226,0.00016156760899100773,Swing phase,129.91698609694316,4.887011754091181,122.94133143839268,137.33122182671318,-0.5534573226277113,0.9563632440200374,3.266623061359327,-4.221811630573339,6.622145409602741,-0.41707527077600304,0.01647600117458993,0.0014888358658134903,0.0184786271255427,-9.872099026968455e-05,82.79762281865669,7.012234892217891,71.78734487430272,93.37450771406952,0.8302754938371848,-3.205934207378825,13.017505159888847,-26.860805572958416,14.478244964108423,1.5899634821948785,0.02500171488827709,0.004977647723925255,0.0284314058184737,-0.0005914582848650192
102.58702941534588,2.2311113831038063,98.55608031884384,106.11991387854556,0.2909166753731431,-2.9933212620305025,0.2970354395064471,-3.436779009371124,-2.624910241061964,-0.004102397285887469,0.011425374110485728,0.003629597810829924,0.0228025695372047,-0.0005409245060904231,Single-leg support phase,106.7672371844715,5.140725922423614,98.8711625104206,114.69973791894505,-0.6087913618663248,4.199619862578235,0.4457550000150021,3.16606297275321,4.731650394529738,0.05085703422993567,0.007778099757967108,0.0009443099433101161,0.0109599211284944,-0.0001326039381010923,77.25145673896597,1.3593815586107403,75.16406040007584,79.7440823789119,-0.17615469149369453,-1.2272266893136212,1.7238620211915017,-4.263416361977489,1.2411847170807313,-0.21171542611762387,0.014943360355414178,0.0004395915326791945,0.0153006918326082,6.351552866286925e-05
106.22248686421713,2.045601390928276,102.880361383837,109.21608964756597,0.24368185629726796,-2.5502754779899934,0.7410348199220966,-3.436779009371124,-1.4380744111287098,0.06616429012853586,0.008667217937953069,0.0017466205805758148,0.0116909964717522,-0.0001929133362686308,Single-leg support phase,99.35355763658033,3.6790562765841583,94.12547299520205,106.73517477654411,-0.484988530051618,4.832825697766899,0.521550529637435,4.20570489872365,5.806914453369932,0.04135630995539207,0.007461063300313603,0.00011136077195586496,0.0075964927382893,-1.1864996978903832e-05,74.97756845435106,1.3261989296826426,72.68465697937722,77.0546486684452,-0.16807660342569128,-4.331972714276128,1.8202728086981317,-7.124682819114723,-1.357048219983609,-0.2218320999665813,0.01975456556253707,0.007762228795275217,0.0339760778042856,0.0006302007086273155
108.83301898404551,1.097285343605643,106.4210457018895,110.05163342819408,0.09311193618297754,-1.0980436253417443,0.9347451426120978,-2.5695586147535234,0.4865739992282896,0.11754356207622357,0.007041551351731008,0.0009501332156093964,0.0087325188724153,-9.625522214895e-05,Single-leg support phase,93.94285059348547,2.8364007646875007,89.50568069723634,98.51260585701051,-0.34642019845285266,5.596224876738962,0.4510242255530808,4.600311941571515,6.028174363249715,0.0453707389635732,0.007331749328792993,0.00010197840240735625,0.0075102004895439,-1.2175176437988471e-05,72.53487943220593,1.543683980398246,70.0384210073988,74.99599066621225,-0.1906757561082098,-7.68932557098481,2.144186830771576,-11.926159999487156,-4.584706738449723,-0.2823635869629782,0.02794589506728907,0.00711966874502672,0.0339760778042856,0.0006332480866577347
106.21798547599636,4.554601679036258,95.92344027028946,110.05163342819408,-0.5168828723586467,0.9834034564412661,1.610098435736271,-1.318835199080898,3.7016562242504047,0.19309582397428085,0.006393024098019061,0.0002069371261510417,0.0066752497287678,-1.3128372414499984e-05,Single-leg support phase,89.89105463568596,1.9339855211325392,87.88585301888666,93.7345467478036,-0.22350640003003702,5.673209775097354,0.3150368858514649,5.051557503751526,6.028174363249715,-0.03158013254617012,0.012979953567382109,0.01605157732793088,0.0586848695660032,0.001719824950110777,69.98505650842995,1.4608446875144323,67.50976935405468,72.4708718093133,-0.190811632894562,-12.510493928819614,3.6475804508965117,-19.405704995304568,-7.380352103590404,-0.46251357275823707,0.031185580187001224,0.0010090512263621772,0.0316755581444135,-9.518503516607321e-05
71.39228870046809,4.5842015514999055,64.94990647040585,77.75512016888537,0.4925082191722892,3.0254663032046554,1.769209283022269,0.2501573207107707,5.288906217178673,0.13650778617719694,0.005936993791384799,0.0011167417335363665,0.0079149682033531,6.177389246529228e-05,Swing phase,136.77974507539798,2.6172553993048955,130.16338840870156,139.37918184009,0.15015829173884754,7.199335029074082,2.631948321794099,1.3865298790080738,10.28258199565101,-0.12271948670886257,0.01625825352581666,0.010633943470737922,0.0514862648650176,-0.0013746496377726577,67.08118245802392,7.463953082001267,53.43531414569503,80.88802799824936,1.0558736097136279,-32.742563021196645,11.248621235635516,-46.92559831492862,-12.160193350744004,1.282619235866016,0.01874567433651545,0.004338843920824786,0.0254324110091636,0.00046341077242561537
76.94002209208377,1.889887799658123,72.20388871959608,79.12392503277474,0.2661552428145637,3.0787962634808563,1.6950214672118853,0.6757861631230332,5.288906217178673,-0.07483663421420825,0.008463762094376631,0.00280519763405468,0.0134776976869698,0.0002774801445966923,Swing phase,133.30150062501323,4.8031928076772,125.04555257822616,139.3636588841013,-0.5506963963798134,2.0453710090379222,5.176793584659769,-4.790165466171313,10.26419402054112,-0.5790138264120167,0.015570808437516617,0.001430276713166056,0.0171508333712758,0.0001523847259035885,80.2354137034121,8.740754811745752,64.89419665982518,92.29848581703152,1.0540111214310128,-11.267842328897721,13.354866030983317,-31.84194091513558,7.413617535540023,1.509829171179831,0.022788066638633753,0.0032820144921965355,0.0254324110091636,0.00027625510102647694
103.16406356256279,2.0029140721477456,99.7817921529913,106.426069734862,0.25554913776425753,0.021960698048800645,0.18337937657035056,-0.1972790718358411,0.4068066796640694,-0.01599194158689531,0.008698863072864375,0.002081071322028356,0.010631941213316,-0.00014912683419516536,Single-leg support phase,105.49993235049101,4.580799556698483,99.08311750237417,113.34939185512508,-0.5487028597211889,4.7842037431166435,0.5681631035851026,3.505264323187171,5.591835064626329,0.08025272082458298,0.005344649067697222,0.0004952768353010815,0.0058182202553686,-3.310360252602307e-05,78.25553297692801,0.9612008829175903,76.6908804516485,79.9718618069551,-0.12619159058871568,-3.073321918314897,1.7628865810970358,-5.903037444582415,-0.4439747689854498,-0.20996394906142174,0.016134912515491946,0.001421019520949876,0.0180104696528473,9.944172229061546e-05
106.44356440410034,1.862623572137969,103.21836570615832,109.19004585421966,0.22968000569466687,-0.060031025002331005,0.05979775427557797,-0.1972790718358411,-0.0002834430002727,0.004488473103347684,0.005730950169620342,0.0014775643638306791,0.0105185320051371,-0.0002363115040435423,Single-leg support phase,99.0929868792669,2.992211845639321,94.38769545141042,104.73446915762035,-0.3979528348542281,5.528854424663551,0.37553070431983604,4.841061736612399,6.0363508402441335,0.045972657831989776,0.004863367874192796,0.00019135331500978262,0.0057838822865104,-3.6637233228011545e-05,76.54755098509733,1.0573509750741834,74.7421811932303,78.15024615718151,-0.1310794216904315,-5.929290970862831,1.594019768986419,-8.635862258566684,-3.367535023084282,-0.202627970595477,0.020646825466908682,0.003858358722440896,0.0262232045808192,0.0003776985333503346
108.75184429928893,0.9585680434652208,106.66760202864586,109.747755076268,0.08293556964887691,0.22761694882466857,0.4329132692914369,-0.08416076768091,1.1996870712277996,0.046736436664970515,0.0044991299616361224,0.0006164647078661918,0.0065689606074629,-8.640448441512693e-05,Single-leg support phase,94.2850608794259,2.7349190514060164,90.14055550471257,98.762864394269,-0.3316272649829398,5.859197886902697,0.12224157949770371,5.618208560029901,6.0363508402441335,0.010763064063618027,0.004855029480841784,3.915008374605748e-05,0.0049398603157019,1.9882151820346272e-06,74.5477070264893,1.3079373651895772,72.17857254782025,76.5461910156011,-0.1679853256838786,-9.030342228173968,2.0757649356268995,-12.875609016170891,-6.10659382021544,-0.2603467383059789,0.026162114352675233,0.003697552637121688,0.0311012678274108,0.0004967195536746461
106.25404061169428,4.342361772664506,96.34258152946452,109.747755076268,-0.49819715620293653,1.7212133155498213,1.5410473300459981,-0.08416076768091,4.508383168603258,0.17663630524169877,0.004971570452186987,0.001058608396382914,0.0069293450218699,8.354874889629614e-05,Single-leg support phase,90.49596104838625,1.7631808432118532,88.56108286931602,94.02762226711532,-0.20888553770478452,5.954490614717596,0.11455806069926434,5.795670252772323,6.1317241832793465,-0.008857046243437484,0.00489914280679596,3.832322535680301e-05,0.0049454583698973,4.325403913823063e-06,72.10483442610578,1.5683985370072158,69.58039281980116,74.58160692087304,-0.19235438850276465,-13.430954722701529,3.189274198025152,-19.66297723097809,-8.907076160678544,-0.4136885027038287,0.02895676834199001,0.0022934843662254538,0.0311012678274108,0.00015136978670902314
73.6600830576872,2.978327202584261,68.43155434554798,76.36970030976144,0.30531330631590237,5.084769587719965,1.5100820417836545,3.4105630112685583,7.23809002295908,0.10609922397559018,0.006092745197664947,0.0016195809000423955,0.0082245211612309,0.00012018372284644233,Swing phase,134.27396459990712,2.4918804454044596,129.61210442805347,137.04274129713843,-0.009268493802669408,3.1448995530917703,3.163899364372105,-2.5083109211197563,6.237808026486098,-0.28990076916276053,0.016580944673817953,0.0032135511390662284,0.0205651994554331,0.00023419389651894995,72.6018021404706,6.562921808253362,59.21543361749667,85.82751348632891,1.0235415334166247,-26.44107879811705,12.453416735755383,-42.281280542236175,-3.721748950153812,1.4830589073877833,0.009323599897034969,0.0001887810595307721,0.0095032779143092,-1.426532397535384e-05
86.55629197492574,3.910164989150313,80.46358399148156,92.46086295102413,0.4614338061362527,3.758033208616392,1.0693057917879563,2.2490551570137405,5.432882129031832,-0.09552906266104845,0.014953597601655898,0.0021293540846508015,0.0165929856502146,0.0002431737100500385,double-support landing phase,125.43087834565956,1.0844155116951781,123.17030844392065,126.86707745215044,-0.03432491752028109,-5.516086715150161,2.0285265309397933,-8.881314468053112,-3.226227474935514,0.21530207346613806,0.017010117943627803,0.0014594579517205777,0.0200641577954563,-0.00018439009961389235,91.21343327247861,3.026318377288276,86.23312808813795,96.21861598641917,-0.38405722685697,3.5493930247614167,3.139825462873935,-1.2128982613325645,8.32938413549254,-0.3666994228182204,0.010369019814963,0.001597535937486681,0.0129608092162967,0.00018506135679628458
93.35836927128379,4.114469335587389,87.29831545636259,100.79425824332075,0.5190747225753142,2.286204865782306,0.6117287375184698,1.548656981100886,3.2238092936014264,-0.05079680997302563,0.014877153877825993,0.0012052229317364505,0.0156780980748426,-0.00010133971022110385,double-support landing phase,122.26523428231364,3.349740670623286,116.65698840232442,126.70866523127329,-0.386602954959572,-2.6571018390796106,1.4325144221207275,-4.237498641240009,-0.2861041592052534,0.1416460255917206,0.014185076040337115,0.003195541503694129,0.0173329240093219,-0.00031576074380945,86.26545063961856,2.821608530741989,81.66380640908255,90.850218086367,-0.35332352604940154,-0.7687604806226811,2.089151558511725,-3.959435169395236,2.8101323826640097,-0.26036798277150947,0.012795315517178055,0.002204473192245395,0.0166038491323795,0.00023210456408377309
107.60700257708476,1.0286860616589704,105.59647389046108,108.7385963689872,0.11467384634500578,2.4118945970060444,0.5942356571939861,1.670598371953704,3.164047707399242,0.03886656403660223,0.005837377076944826,0.00169265025362455,0.0077999509406142,-0.00012090382661612694,Single-leg support phase,99.39684153949209,4.061279148346552,94.23126322431985,108.00969814422164,-0.5299398046116076,0.7499262257254615,0.7309202657708094,-0.091498218624111,2.080964189031501,0.056696359638712876,0.005072641562767823,0.0002376338148601723,0.0053613593042056,-1.2838135272684606e-05,78.1695219157507,0.840426307364479,76.62084683783698,79.5049876735422,-0.11092849368097017,-9.072013864089582,1.1753081644095642,-11.079341322300834,-7.240423873863381,-0.14765067109374821,0.02126908404987488,0.004876347403761075,0.0267269677999877,0.0003640326101320038
107.70954456193343,1.3358082545334056,103.69897838496564,108.7385963689872,-0.16104086871461148,3.329450601832882,0.5897833832899538,2.329005872794299,4.934382168253018,0.10020678059456611,0.004515940256086192,3.7778259758591816e-05,0.0046026010879644,4.206175481792313e-06,Single-leg support phase,94.47995005570012,1.9750905598339972,91.91597347753216,98.23154378747329,-0.24290655038235087,1.9958195284282059,0.7933062609158218,0.4384509561551753,2.9817970917331427,0.0973029225822408,0.006215240264052831,0.0014810131187132818,0.0084079349743209,0.00010702500197669616,76.28384025817435,1.4153728205481233,73.58892175365204,78.27805941555296,-0.18035144853465057,-11.786151375315313,2.072880229375279,-16.080697597705228,-9.314015017583026,-0.2602570223123924,0.02455078067442373,0.0006504327650406818,0.025344207662329,-5.449541131156923e-05
101.34443543772188,6.574246144286392,89.21435781314763,108.48986321465026,-0.7413655923654857,5.236249260504134,1.6835502825690845,3.107151989836568,7.48904683390741,0.13124592504697877,0.004853573525936577,0.0003788229195985447,0.0053632130221312,2.9209521531469247e-05,Single-leg support phase,92.64243536908984,0.7854576846460871,91.76007346017168,94.30909760652384,0.012674680039807549,2.640483961818733,0.23106166171715628,2.1621742336766285,2.9817970917331427,0.014828253379378244,0.021394976320060138,0.016427692772099132,0.0440227816813215,0.0013161850164300423,73.1054097057671,2.3669068784201204,68.65161541188577,76.43662321788989,-0.2994233771540045,-16.920569665680258,4.1105470239354736,-24.808172584826256,-11.340443262363582,-0.5179895893254874,0.021061288452945772,0.00406540612235323,0.0251002153445966,-0.000349365669362123
75.32609871648891,2.831898175092526,69.72689815957114,78.46547661101765,0.3360991712094813,4.49674115157,0.27528757786186936,4.011948210985957,4.917645577660777,-0.003567749564128693,0.007358281261646107,0.0007185777798360748,0.0083028453613089,7.014072002385766e-05,Swing phase,137.41988044935903,2.8170924767278014,132.35333784281667,140.31163862340426,-0.23237133855217978,-2.430498549152262,2.966094173044075,-6.346766326214898,1.1379176516982576,-0.2637510606547907,0.01381948749999334,0.0017979004935534375,0.0159157515429677,6.38722721145231e-05,71.72506736176388,9.528096299225945,58.26467440859763,86.99925106344465,1.1051760251864238,-20.593732202702952,11.441335416637335,-38.64262284773008,-0.9253768886375604,1.4506633061189431,0.007592090747988839,0.00013349868330131973,0.0080203951897062,1.989177513588845e-05
88.24357531337185,4.0205668237941,81.38997593851467,94.76841180643147,0.5145552256891079,1.2315540670419514,1.1357829644439743,-0.3626255386647006,3.1533133219053093,-0.13186535902252702,0.015365024212763527,0.0003783412153231815,0.0159802188728378,-1.0530863504126958e-05,double-support landing phase,126.62698675412625,1.5497224747008511,122.86132727942248,128.31518363156488,-0.15499159493424924,-7.155971055266516,1.5440276585255166,-10.340630958868577,-5.175510211095503,0.19865849029896437,0.01572983253409445,8.436696458184567e-05,0.0160640125204866,-1.5555808914973094e-05,88.70611518821448,3.108665832101745,83.55206690838017,94.0481620810893,-0.40369596818112047,4.967768902012256,3.0725446794836597,0.7879495307372603,9.836850967086605,-0.348034670628821,0.011495640987196454,0.0032760871683400793,0.0162367085904921,0.00023481391956929235
106.28463746829365,1.8656803252783583,102.9037303314985,109.1546643990656,0.24042054106027314,-0.7569195746661813,0.28559346976759653,-1.1258416554372686,-0.0522233434928592,0.01913474314522815,0.009023013482939822,0.00315845970475766,0.0143493098796781,-0.00033052316660038463,Single-leg support phase,106.12916625283181,5.6701801335966096,98.14923439264112,115.55455878420784,-0.6694355535217971,-1.1591007648848382,0.6631484900628168,-2.584336468904371,-0.0767243455033328,0.09644662013080917,0.008213145492373477,0.002512706756306362,0.0126417282262892,-0.0002528459936700154,76.69532822683591,1.087708132360058,74.90376145328838,78.59042386326216,-0.14179470807591452,-4.3010278570573135,1.3012146285054087,-6.264218488844017,-1.8588825376177087,-0.16943599812408877,0.028017796020462008,0.0014573360020163422,0.0309019360989631,0.00014454190040723077
109.23814052385407,1.5882725075420192,106.51626961403493,111.45905709048648,0.19010721063275218,-0.08675711076012532,0.7157786957009363,-1.1258416554372686,0.692113735298392,0.06868893481981729,0.006223492489123657,0.001390140438236963,0.0084090591440472,-0.00014070842473464998,Single-leg support phase,98.33601510974427,3.4825658673406945,93.2769053930091,105.19200284470708,-0.45827297891146057,-0.024101627110178457,0.7654332118780132,-1.0618709856500954,1.205530216378649,0.08720773853956709,0.0062407071579732775,0.000792835829600896,0.0074135273596409,-8.340346993460001e-05,74.67041166905247,1.3156814100945515,72.34256606814198,76.58951471518711,-0.163344178732505,-6.390805540808246,1.2667973762625864,-8.851869209899817,-4.626490148205743,-0.16251457929592592,0.0291369610774277,0.0012166254151285403,0.0309019360989631,2.830584541158846e-05
110.61380450750438,1.0416454249872338,107.66163473063948,111.69134007596728,-0.0667742787170116,1.0353700383079156,0.6180715283145493,0.1248942952494518,2.487172205098989,0.09085684268652067,0.005123481001736109,0.0004733895482885609,0.0057586158616284,-7.151599242057663e-06,Single-leg support phase,93.18810489606946,2.6684642204824724,89.11789237648749,97.7503620239398,-0.33201806336355044,0.8756631953621118,0.3820775531832014,0.0241086666774852,1.276038516062307,0.03328118842886134,0.006515312517529707,0.003558526166531495,0.0185289967016,0.0004789381659721615,72.23802133730281,1.570573773127753,69.48108035353215,74.73360134032323,-0.2020200379535032,-9.684301984867012,2.6920762576585813,-14.939037409555146,-6.407657987094652,-0.3281299777869421,0.02868186033376152,0.001169267873289099,0.0300788838263881,-0.00016167533772865007
78.40857265132647,7.573771510698596,68.29317782674175,92.05565681882833,-0.9139414996956373,1.7306723159672197,1.1874224426449453,-0.6763851579416363,2.957684300765076,-0.13977190225795047,0.007014500620328424,0.00024954770020843716,0.0073659927857707,1.1886774408053857e-05,Dual-thrust phase,103.02547876490546,9.463551655347711,90.06831179659216,119.16451031313176,1.119084558328446,-0.12443074001072602,0.45417115653777934,-0.715842197434804,0.7590357180522719,-0.02047944134898643,0.036060461682729035,0.0006891329684465109,0.0379066833274383,-5.0465322906130856e-05,57.85466746959973,5.989037223825071,45.50547568239541,64.0439354067243,-0.7130176817049575,-37.01138723535838,6.656630804837566,-44.66709401854815,-24.42546799522097,-0.5263582971541232,0.012532474091957154,0.0010609818095168929,0.0135828189500481,3.6000039159768883e-06
74.36108811388267,4.149434533014922,67.20530029939091,78.76842743113177,0.44400606337175436,2.216753664576734,0.457465813847731,1.1929897312220312,2.9049991083897018,-0.008555863701338814,0.007007976806251584,0.0018236772634634215,0.0105578654255239,0.00016233791038333843,Swing phase,138.08022399851947,2.8794473198740054,132.35585441305705,141.43582265925022,-0.23814483671739703,1.4161732665228546,4.320100234403254,-6.3234137772612975,5.819015786946724,-0.42532156997475823,0.014594813867320906,0.0037620518319201757,0.0232765461184543,-0.0004186680054466423,69.89753407270025,9.33399252371113,57.29036163447672,85.62543717267761,1.0898105976231112,-19.983103491860298,12.890451314391129,-40.31999447192985,1.800534222426549,1.620020334398323,0.00862577112845437,0.0011204625582655196,0.0110666325332084,-0.00013404282966284612
87.82275982707407,3.886214274241701,81.21170978361582,93.76871680267683,0.4829618084254238,0.1714395164066379,1.096189735214187,-1.3218045563409702,2.029756737297327,-0.12002953477350593,0.01495426302660682,0.001028729555570188,0.016022906849439,5.7367253890788474e-05,double-support landing phase,125.06732750491577,1.5772694475457871,121.53473021175978,126.7761226262096,-0.1529173862208178,-4.099966695504709,0.9317373362180348,-6.339091341036351,-2.9648361106285304,0.12945855752168606,0.011794500544093447,0.0004932069729690157,0.0121435685682792,-9.583864514446156e-05,88.64547174392747,1.7203243538387438,85.29269749668619,92.53577312072493,-0.27857983169379763,11.878240236373241,3.1698395238525077,7.620339312094845,16.47313919852461,-0.3348845976651385,0.010293750614656804,0.0013919017760940775,0.0118471174492984,0.00010448735535335003
102.39030710742087,1.9727386454426483,98.99352235813684,105.5031764140422,0.25037130984251377,-3.0521667451081878,0.2142330561079758,-3.3265087040494667,-2.7240463309541174,-0.01707443531570651,0.008684162288501638,0.0022205642727530913,0.0105580310950348,-0.00013309767098384614,Single-leg support phase,107.17991266273378,3.879399709104706,101.09163928741074,113.543324556449,-0.47891097188608656,1.1790713751680344,0.750731927534044,-0.617905885862638,2.0546273384805844,0.10278973939781624,0.0051562682675552855,0.0009312296901099688,0.0059620812600517,-5.036553979657309e-05,77.68572775686094,1.558244572168032,75.4023678439855,80.48145465190743,-0.19534949261238174,2.249124721381865,1.876487292739783,-0.7676872090966015,5.21692421913297,-0.23017736262421432,0.016599722130741824,0.0024340221151804378,0.0200949833902823,0.00015782691287774623
105.68268512438028,1.8757372169505941,102.67965141925916,108.58903150159078,0.22728384932044704,-2.9553514623075703,0.36297838568850227,-3.3265087040494667,-2.158068892960945,0.03572529808964212,0.00607464133081965,0.0017265393120667366,0.0105315145431623,-0.00022126846483499617,Single-leg support phase,101.0856159894469,3.260062911576435,96.13817051814532,106.84865504979592,-0.4119417127557926,2.085320262925923,0.41253512445669505,1.4284806529406584,2.712693567280214,0.049392804397675225,0.004348180474680669,0.0005998954817166669,0.005952047640118,-6.373490507159998e-05,75.35490187312563,1.2142351939153329,73.35077622101426,77.47068845783066,-0.15845816295447707,-0.8077159457494135,1.7655817335163688,-3.763180668748412,2.069773915467959,-0.224344407085245,0.022821997555499185,0.005967554647535989,0.0320319698254688,0.0005936435168400155
108.41485958312234,1.332398830988155,105.78225087026225,109.98903622186272,0.159045558052909,-1.779016059867731,1.0786076223843728,-3.104267768337463,0.2680650493852763,0.12970510837395152,0.004919248684824815,0.0005079373895937796,0.0060892285503843,-5.750964781542309e-05,Single-leg support phase,96.17975354863772,2.559422551845421,92.04513331206604,100.66690859335456,-0.33160674158802006,2.877326529225887,0.5286651120332997,2.110898295569535,3.774236717726199,0.06397455469833324,0.004194248247055584,0.00013945937956474406,0.0043307838964732,-3.232257145923059e-06,73.19315065122652,1.3292780554621644,71.03744181856226,75.25348775381661,-0.16215561289439834,-4.11152210117608,2.171155031409378,-8.095150209286338,-0.9699079872337428,-0.27404777777125366,0.028542212034447074,0.003953113056318707,0.0320319698254688,0.0004002527939253232
108.27648449973518,2.156112584797392,102.331693881678,109.98903622186272,-0.24714667008298583,0.29121090653198284,1.4699619605945604,-2.0315830660867844,3.1299412831801594,0.19852016727949787,0.0048535417137184345,0.00042984508101880163,0.0057928073386067,3.2280749091919255e-05,Single-leg support phase,92.19195086537387,2.1316435946444763,89.43102538845355,95.8143296627974,-0.24551170285937912,3.332601754124251,0.33791259899820575,2.7746317303028647,3.774236717726199,0.0018001072739415997,0.005069031971252992,0.0020498654992133305,0.0099595120301682,0.00016050521819392305,71.15378118418828,1.0717631340961513,69.57777437219737,73.15719617149615,-0.13767006920379943,-8.637205637764263,3.2156333217985,-14.600387799035426,-4.025486006606533,-0.40672699201649587,0.028355756230190685,0.0031834729358754415,0.0301008313734698,-0.00028717119058909623
74.40836145302612,3.4619347304470636,70.74694735684089,79.44613318711292,0.3163622531380651,2.25332439937671,0.6004884115350022,1.812390432156223,4.06984772862514,0.06882556885389027,0.004992364562269161,0.0002490248397839911,0.005417974473891,1.638405161443461e-05,Swing phase,132.89379129779095,3.423066299904329,124.50707004791288,135.64241669954131,0.3623396384888923,2.983985015530818,1.078652677645896,1.73609776483405,4.6742526709637,0.007864669463870023,0.009336017037981207,0.0011563910637880134,0.010852847981613,0.00011737611367018848,65.63329959123163,6.602789695564256,52.93067504767874,75.23059646575697,0.8576892853107013,-31.531056969782135,8.89100492742884,-40.36237629783497,-13.561005486616834,0.9624676808637015,0.007168354998270115,5.401719496563335e-05,0.0072215503474382,-4.85374471359999e-06
77.9172642115552,1.5458665201592376,73.6484254422665,79.44613318711292,0.20311674273732086,3.0810125834397772,1.1156517109731288,1.1307923480171322,4.643566791687675,-0.029876706386094146,0.006712778235740065,0.002119768154382139,0.0101651732209948,0.00017508069281565772,Swing phase,131.908441493897,3.8764583602393876,124.55495535347806,135.64241669954131,-0.4209595412478103,1.001772368972282,3.266644510490432,-5.05255204199695,4.6742526709637,-0.3313111918509525,0.01047524817360341,0.0006821753434278289,0.010852847981613,8.13549689867038e-05,77.56246674949962,7.796305777932861,68.2638487253813,90.53398727310017,0.8565437902968797,-12.593024855792926,13.473799097711593,-34.04921542964575,8.865492618101674,1.6505656941441318,0.007404224095614902,0.00039616124037176613,0.0079597344471238,2.7467332747349974e-05
89.0539032525547,3.3677317442569827,82.51592602040078,94.43241175117753,0.45832637426064393,2.11332273404558,0.942046662994772,1.2471836217942005,4.412407491693919,-0.12082831390982268,0.018307344618217154,0.0013471615983764926,0.0198231310405625,2.0771893781876992e-05,double-support landing phase,123.16631153910554,1.881050219717025,119.18196918029382,125.43305828175863,-0.20435519963848764,-6.223532355299024,1.5985034762647283,-10.379107646047924,-3.5963504116631544,0.26087527824556805,0.017524947665206934,0.0008853884348072226,0.0183175494838132,6.23592748935076e-05,89.70043480680604,2.638826369449267,84.94372005601959,93.90876345466208,-0.34480936148624974,6.6043924281157,3.2379629118808015,2.3117999412649968,12.82493271166187,-0.4043512603998797,0.024384497019370066,0.009292528981490251,0.040527065681964,0.001025127844710069
104.65350937211724,1.7567585574176388,101.82713327949324,107.63867378802762,0.22352078878978376,1.5968062413654407,0.20966065986397625,1.2888316095542716,1.948430618021396,0.012088181969395668,0.008048386041002392,0.0026576228002161695,0.0107720687047181,-0.00015601141124158463,Single-leg support phase,105.16497713206056,4.7689139843226895,98.62809853673988,112.82297245093176,-0.5459566890073797,-1.363836018260418,0.12747142527589964,-1.7119626088461115,-1.1692427081128862,0.020873842335893282,0.00829157834166915,0.002273747376456701,0.0106497884262453,-0.0001258702169787346,79.69557657282351,0.8701141933709371,78.32906112362824,81.2967937848021,-0.11414356389130266,-3.3423064482063043,1.3458748963801428,-5.268667223275084,-0.7123406484249271,-0.1752433298019291,0.03804720885401611,0.003801878460598417,0.0421488384062508,-0.0002887999634706885
107.54206791075958,1.658907383455139,104.52923706410672,109.82538106852604,0.20369784632381993,1.8970257686692429,0.4505467540207307,1.2888316095542716,2.4270553423383547,0.03543133225652209,0.005289669771992655,0.0003347755946749996,0.0056284807894059,8.139074659326921e-06,Single-leg support phase,98.85333403677342,2.702330253002562,94.5179057389528,104.44071064555853,-0.38164634256175844,-0.655720940632469,0.9097414081522212,-1.4771190991304008,1.0442205945946887,0.0929631724880354,0.005518967661710076,0.0007632697475674862,0.0062034105366134,-3.439468069496153e-05,78.08414626902413,1.0472379107794598,76.19228684177551,79.55113596489632,-0.1291865047354156,-5.621634776663425,1.4088941375096475,-8.327372849827398,-3.5375904978762023,-0.18422239815196909,0.03293684480117932,0.0019335196716739175,0.0347002773217356,-8.377797643345375e-05
109.46707081538527,0.737278012931749,107.85498287096944,110.3052698535976,0.0482288586270578,2.4477102916569966,0.18097205174969025,2.067571566102444,2.764090022417496,0.02678917139673276,0.0049791861647715185,0.0002539678455361189,0.0056146809281017,-3.475897530222692e-05,Single-leg support phase,94.45190317331512,2.5650184949216945,90.83933601611012,98.4047806357206,-0.2909786392157875,0.5164664431305803,0.667333835364072,-1.033208485823893,1.0861252562586348,0.07616710481729153,0.004665753083625128,0.0005931045593958867,0.0061892556613364,-7.74538575333346e-05,76.05720978525703,1.358322945371737,73.68998602963129,78.18888805518876,-0.17303469329067192,-8.716862481782272,2.2714005156731587,-12.722476126147034,-5.436385535831878,-0.2802342534736599,0.029985567888150984,0.002457059174850693,0.0346400393560129,-0.0003013940406923461
106.85144388466198,4.1079095552360005,97.61535628353136,110.3052698535976,-0.4740321163211635,3.504626102405312,1.212004359349663,2.334307482784023,5.935079858971196,0.1384912452379682,0.004739011203246677,0.0001445367644519588,0.0049799316566364,-1.4080968547680776e-05,Single-leg support phase,91.15276219212771,1.2958072365677265,89.88497786514026,94.078479186341,-0.15477638407800443,1.0984550459471978,0.18809851119382787,0.8395984250403655,1.3575788434967428,0.008675263031196452,0.004851345427601446,0.0008433687653570817,0.0063739353806594,4.911217287594229e-05,73.64427108706616,1.4888850633473378,71.20389332781706,76.032730298479,-0.18572449887161305,-13.200036557878196,3.052286581929763,-18.86200586245855,-8.628376447197322,-0.393601131356201,0.02658035886437133,0.002672525760216341,0.0306473264142249,-0.0002718030915380885
76.79362661595836,1.3116216756084191,73.69122054340538,77.860699651321,0.1603645810736777,1.086484475719394,0.450708610985666,0.3859655683789061,1.781268610834603,0.026894224608842627,0.006578783432467827,0.0003139112645299577,0.0070093984412086,2.1132933606326925e-05,Swing phase,131.6286745007203,2.1089881245483793,127.91921991239752,134.44674527079755,-0.10062178594917051,-2.5961177870934913,2.3433604201974267,-6.496831174560952,-0.2102568336340084,-0.22770017512210602,0.013032800652883224,0.0009650420122997191,0.0141052280756519,-7.800082912788462e-05,72.88500454525857,7.556590745656451,59.83177417192285,85.73068752059613,0.9961120518720493,-22.94962372293839,11.20629216357095,-37.33967025113803,-3.586520873173106,1.298198052998651,0.00797063550992443,0.0003499522024971344,0.0083286000379891,-2.4013338407223097e-05
78.35402892501715,1.0471345345791168,77.5226767491351,81.3149990805545,0.13969005431645234,0.5256190323589766,1.05226429777198,-1.54883898263007,1.781268610834603,-0.07441555965419139,0.0077431419916282225,0.0009488788176117949,0.0089671644127732,6.483953032426154e-05,Swing phase,127.886042514308,2.609776169208759,123.91249039778572,132.69633776071817,-0.33784028318970954,-6.361744269651981,2.2471097608886805,-9.830668251198288,-1.7326682843351844,-0.31146153718704245,0.009983400207280075,0.0023322983320218614,0.0121939345781853,-0.0001564590223270577,85.09154379070789,7.060140084371282,72.75421879221844,94.59552339001915,0.840050176838489,-4.235492243810255,10.756680928641941,-23.66103839491248,11.46881598656422,1.3511482454414117,0.006795565865720592,0.0009190098601509874,0.0076498213540827,-6.465900046241923e-05
87.96518918613707,3.158380885671334,81.85821162980507,92.96147417222777,0.4270485593239499,-0.14456890351784085,0.8214409204704807,-1.2170771183961773,1.831534670255852,-0.08605970246131366,0.02088995493760968,0.005539647594249528,0.0304296058247319,0.0006530269052220769,double-support landing phase,121.34807088977355,1.61345028412801,118.587690199871,124.43997762228908,-0.22508797778531048,-7.521062522150708,1.0560601537251708,-9.225547041862995,-5.463053158551865,0.07290885829928673,0.013739848346125523,0.000914272287839356,0.0144446152156831,8.735270620850767e-05,89.7440706575281,2.216853093662088,85.29051812251178,92.45246453430674,-0.27545947737672916,6.641590411398775,3.392012687632396,2.410190814678237,13.558796297466907,-0.428792518568795,0.01930010035252563,0.006191016900333343,0.0266639654191261,0.0007040350083870038
93.44823602702574,3.5655953999259635,88.51224300160725,99.42156429286985,0.41958928043317695,-0.34594387578201385,0.23301019252750346,-0.7858107632091318,0.0790220430660557,0.02034299866967247,0.026539160263516146,0.0041118818592110265,0.0304296058247319,0.00025157969337932703,double-support landing phase,117.78548509393242,2.6564884896298624,112.94687895487918,120.5463733014502,-0.29127463834717776,-6.4128614837630415,1.6631244859323009,-9.225547041862995,-4.942171823047054,0.15519364492184393,0.013675474150053855,0.0015832774499493828,0.0141728141378851,-0.00022535800269176924,85.56733230301187,2.830501109314732,81.62113670502696,90.66553307761274,-0.3478613989456069,2.5725057152878232,1.6407938396348902,0.3125476159268104,6.156561376377954,-0.22476976001735166,0.024438095557300962,0.002734343367416796,0.0277118886780237,0.00027978245762245774
104.95763254727665,1.2384561476308402,102.95725662923522,106.86852491199078,0.15043339549059837,0.5619272115039435,0.32280517881086196,0.1001969603303038,0.9553227777278296,0.017012884438853817,0.009050260953617183,0.002117648809256166,0.0112236523922211,-0.0001438657294160154,Single-leg support phase,99.11917684569084,2.520672184888045,95.786728708469,104.69558714949632,-0.3426484015779738,-3.3631776919543337,0.9762332727016204,-4.296520252153554,-1.4168296107497724,0.11075733236168392,0.0049176505027441805,0.000183830317189605,0.0051175317088477,-1.064567160235002e-05,78.85086057465736,0.42211336534640875,77.98379288106077,79.50303878563125,-0.05843253479117239,-3.252616500277023,0.8007334897930604,-4.828382845642636,-1.9533604967767408,-0.1105777826486883,0.03031232829381114,0.0010177146932475577,0.0316883143978483,6.813642706530382e-05
106.71944897971039,0.8573918792743791,105.00642729889968,107.81589952655938,0.10805662414075758,0.9371812751723237,0.195145001618858,0.6568158178584798,1.4408846583174613,0.03015649386380698,0.006511005502805269,0.0005226218526274368,0.0070478541385464,-2.973698891847308e-05,Single-leg support phase,95.36181719993509,2.04875410316769,91.98899727664734,98.28365299998592,-0.24210214320532997,-1.7995644934198678,0.9384401041766518,-3.666998829827204,-0.8226345436721898,0.10939862639057746,0.004502417960411569,0.0002609843797487865,0.004789003024862,-2.1016467284130766e-05,77.8292657386689,0.8262567775343379,76.25756030055,78.94584740385379,-0.10339565781937665,-5.189691173463194,1.5159305284782891,-7.878606621583976,-3.162197735097206,-0.18140034178795267,0.030095384693042716,0.0013347102983299343,0.0316883143978483,-0.00011157554995853074
107.53570091371877,0.3482736575711732,106.7510223953422,107.92860398899457,-0.007980844350539175,1.552903686053175,0.6075742381788355,0.7666952880000966,2.4582326990472083,0.06490508920533197,0.005457010140989418,0.0008291007622074017,0.0070220929123503,-9.90646564207577e-05,Single-leg support phase,92.29445825615257,1.5699018271853182,90.45056876271916,95.47312219778428,-0.19317513211788923,-0.7449837531921406,0.33148564666456193,-1.2801262864428853,-0.2041398693907012,0.04138409296354554,0.00432372573030275,0.00013323549216560186,0.0047211481981208,-1.1203170339096155e-05,76.18943437702285,1.1067293250125803,74.39689748850721,77.88731656001242,-0.1342468873655852,-8.197986547075134,2.0176232138350167,-11.661345028391878,-5.046713663179587,-0.25440889866201116,0.027678219122583645,0.0017284759067198992,0.0312022092283599,-0.0002166020498754346
104.69837800112002,3.8590357879411123,95.9637482602026,107.92860398899457,-0.45721471052540114,2.8777002021677713,1.0627494579692676,1.5308399617936477,5.222202094249308,0.14197546663291002,0.0047919760483568765,0.0005616910576653463,0.0059862307891932,-4.368998477044231e-05,Single-leg support phase,90.62339785306325,0.4994147036032714,90.07447153481392,91.79145660371547,-0.04517310721109224,-0.24347805171704165,0.24969786536542782,-0.7524325055892614,0.0592559988445612,0.021813941891196176,0.0044444576481910076,0.00010434966298231926,0.00460180328879,1.1415310335476931e-05,74.34783467414935,1.0535104642813062,72.58198722114126,76.10237079287224,-0.135399368143499,-12.114989801379998,2.644229818636107,-17.159419477553303,-8.147109683388363,-0.3466272997755746,0.022266577073717674,0.00614199144939787,0.0287861957722631,-0.0005665404738107308
77.01018770970067,0.5989325866878882,75.5305335049865,77.6610592708634,0.07712918273739214,1.1345813356726016,0.30887667618983794,0.5707136196329344,1.6061638351339609,0.03194791515720399,0.008938186697050142,0.0008383767502464186,0.0097767480967524,-6.198554134582691e-05,Swing phase,127.56767346759497,2.3795833557386312,123.32623343236834,130.48153754989522,-0.1466769601270856,-3.5188104694393423,1.6335287816920205,-6.158635466571947,-1.1380987583037774,-0.11147940092603671,0.012374500345918058,0.0011616682005875557,0.0135180131081851,-8.573094631298077e-05,71.4543472768701,7.9261768590241966,56.66904823647047,83.20670915803794,1.0206792662141333,-23.606477004446546,10.18596231616403,-35.45693293818139,-5.192549212406219,1.1630875200364241,0.008233237929211153,0.00021880088840848117,0.0084881627341417,-1.748227819543846e-05
78.10384157098682,1.10370048011059,76.96115882638328,80.4130100295304,0.11312295423986776,0.9193394617057342,0.5271752926197414,-0.2106452716995758,1.6061638351339609,-0.03668380152407741,0.008179693869458046,8.423258888025066e-05,0.0083227782672854,1.0150515922426945e-05,Swing phase,123.95661917453737,2.302329330550342,121.232309564104,129.03271410215714,-0.3000155591558901,-5.552082935790291,1.6430580315387673,-7.474193696229006,-1.5194315543760395,-0.22902931314819103,0.009962004937570577,0.0014209556231927637,0.0113490856014014,-8.76890810649885e-05,83.15657302606358,5.981119868770242,73.21829200866358,92.04380937478636,0.7240583602354916,-5.873702848143903,10.731730047489236,-25.17730881273648,9.341190984584996,1.3276346075892875,0.0077636935296733775,0.00028979216750007314,0.0080539898981888,-1.5912822736226907e-05
90.17163953516284,3.103349851318131,84.5863921008565,95.15251955389894,0.40638951742470925,-0.5689865570095108,0.5388587090164113,-1.286207829263091,0.5239451972784251,-0.04513681994728299,0.01317052020562004,0.0014986282738481901,0.0148305881419393,0.00016521628135563078,double-support landing phase,117.82846253627291,1.619411254368833,114.72788873008876,120.41206074508614,-0.21862200057682202,-5.16629711550694,0.5950561771430876,-6.2183704089704825,-3.793986890343525,0.09324551994719067,0.01219657440302325,0.001168475543793768,0.0130455147775986,0.00011631805874416538,90.01462951828809,1.757015282060688,86.62674104871861,92.90099922452312,-0.2413176221463271,9.447558665572616,2.4982641098444005,6.12027892305687,14.423220981725144,-0.31934392533339523,0.013351016836120621,0.0038623028748884123,0.017127578205844,0.0004146423858399385
94.88214950080061,2.6866236324989883,90.47136197801213,99.03513223309707,0.3293757790417287,-0.8928938144511787,0.29964502022236333,-1.4198854868380388,-0.5660285415507362,-0.012393607295833395,0.01390559224670519,0.0011407893723587791,0.0148305881419393,-5.481660982929617e-05,double-support landing phase,113.89885729750519,2.985130990758674,108.50516983996404,117.43451067215123,-0.3434361858533536,-4.130758617016583,0.9681381925933291,-5.580950559670315,-2.935497484671174,0.08502416480181842,0.0123101447115687,0.0011820454061604974,0.0129329378663742,-0.00010710797283048075,86.50027826938994,2.5066418918601876,82.70768436971117,90.5083109171317,-0.30002409797771235,6.296930577248034,1.5556523037524452,3.975996371855112,9.189629554540868,-0.20052435318022138,0.016755385277629008,0.002106370056798073,0.0210621269585477,0.00025303055964719996
106.61201480372769,1.583230480880025,103.9365706478484,109.2247986911958,0.2033933862825924,-0.9933965125935208,0.3048011791169424,-1.3556056557724754,-0.4592627642577283,0.021027768213492486,0.007509764566403537,0.001132626042248969,0.0086402877215199,-8.183476435322309e-05,Single-leg support phase,97.06401022529975,3.7037737937419464,91.68166422541194,103.0747298305458,-0.4381948309666873,-0.15359986978505935,0.37232920164542804,-1.0924661161654237,0.3151349233442406,0.05413850151960247,0.005955788098984984,0.0009118050174098678,0.0068676379149129,-6.454745617033075e-05,77.93564064345195,0.8151227575520237,76.63766368702346,79.43292445900732,-0.10751002969168702,-2.2702295856467085,1.7155074072807441,-4.919665922751851,0.7447409150521173,-0.21786180145399878,0.02589552445936523,0.0005518304234609957,0.0267332898832498,3.696764729783452e-05
109.15955349996226,1.413659313171847,106.70524177196994,111.09721301718864,0.16892197096994993,-0.5209984798994987,0.33110115781577054,-1.158542369032076,0.2206784618002203,0.05304695503201139,0.0059714914957228835,0.0004862694456556278,0.0064631359109527,-2.5261871385076923e-05,Single-leg support phase,91.96177948158605,2.2996793862548714,88.72171754485294,96.52153497343414,-0.29999297802235414,0.5277787276479885,0.504606060228921,-0.0216164790993106,1.456799435361097,0.05686215055616951,0.005038220463809493,7.157328035789372e-05,0.0051126327771267,5.627603291850006e-06,76.52119809249947,0.8742827977369114,74.95068730931398,77.82358053097512,-0.11049589314081323,-5.063568623259234,1.6386718360960502,-7.990885988391626,-2.5363859112570504,-0.209788464505176,0.028781231301469364,0.0026084455054179983,0.0324158588228463,0.00017532594818010756
110.61534790935002,0.6266767103356673,109.42815488808758,111.36913225781392,0.00026060226716796166,0.4508086688763128,0.8242330101508643,-0.451414744018027,1.9061955575876155,0.0906773192925247,0.00530463634998431,0.00033649474008876746,0.0064436773839815,-5.535967462291154e-05,Single-leg support phase,88.5089072027979,1.804901579398824,85.66905795400633,91.39934492967576,-0.22039565291036267,1.1771952798195924,0.35099867179521654,0.3854654821572234,1.5195944399902603,0.03353810070101097,0.004974852234053173,4.805395589027367e-05,0.0051053304099557,-6.912076010603871e-06,74.81254093396836,1.1418542679422852,72.86278715690607,76.52814149568607,-0.14097516687615405,-8.470096773669678,2.4022560142530307,-12.733445471145131,-5.096800485720966,-0.29371711482400636,0.03161916527797932,0.0011589837190480044,0.0324158588228463,0.00022591915692651924
107.2088889110708,4.602880897995221,97.34810257170376,111.36913225781392,-0.5325183000288913,2.312621880372115,1.3429876358468664,0.4045019454208434,4.592535866755414,0.1610782277436373,0.005114433149308508,0.00016662013397232352,0.0054890928241161,-9.761441434438474e-06,Single-leg support phase,86.22709218468157,0.9933577029539755,85.39708146429963,88.46852729711219,-0.10285266146889754,1.2391934463007221,0.23542907258677012,0.595802702881462,1.5195944399902603,-0.034539294893072864,0.005503794070076391,0.0008870201500301086,0.0073077701521514,6.086032223995386e-05,72.8551481615385,1.1724785044962438,70.79812141310676,74.80225841604361,-0.1540052693437253,-13.196271181661356,3.2465819240057563,-19.32530205638338,-8.303812568438923,-0.4239034418440175,0.030200234124072092,0.003004334865065837,0.032337545306039,-0.00020071575295709993
76.3361998937386,1.2822714727690825,73.5505913037191,77.43950771044408,0.13330463555801833,-0.8397050476170265,0.19161111193779348,-1.162181006770198,-0.5315740477140349,-0.0034353427235031928,0.0052742017867068,0.00041553669829833093,0.0057556918094573,3.259524568842308e-05,Swing phase,128.02941468210176,1.5466133222300094,125.34332715980143,130.12653524937485,-0.010836301530681807,0.5452312306845966,1.2351674187663377,-1.4106533995630697,2.1232770082545613,-0.08074480891883372,0.010496388581122878,0.00015144160375482116,0.0106783050193302,-1.1056344572115438e-05,72.40055137659317,6.063765100402237,62.0080603608795,83.39527305887667,0.822585103769122,-22.275015587751838,11.437280340733613,-37.74708728286716,-1.8196943611656653,1.3818228046808267,0.007232192326996912,0.0006478626855081252,0.0079881126004507,-4.895705982218845e-05
77.75216110190641,1.1714758208644518,76.9895358597529,81.40196336652883,0.1569410771819007,-1.3947885836280742,0.8666950842600316,-3.1953068992163267,-0.5315740477140349,-0.08023579740273354,0.0060898951442063766,0.0005394400732862514,0.0067994901559089,3.8824776022411566e-05,Swing phase,125.16961451838704,2.3978628307589984,121.62153351473548,129.07798213088705,-0.28678648523659905,-1.6996472458301188,1.585768342394731,-4.606996711323709,1.286794480861963,-0.22668427662252585,0.009883882239507445,0.0005362461799965605,0.0103708961289235,-3.863692022176152e-05,82.90645447107671,6.520321819454335,72.01671497869243,91.84581007912804,0.762657503862908,-2.428322396703636,11.78100779145981,-23.05468741848733,13.543394888656708,1.4076185502747707,0.006656935690983578,6.362470670389972e-05,0.0067221177945581,-3.4638944453884388e-06
91.23829218402933,2.929415109366098,85.7892941202996,96.3033248087635,0.40438579571015015,-4.044908704818863,0.7310642117377555,-5.248029276895834,-2.287958600570373,-0.11384887216636388,0.010802713556483916,0.0006178486197324787,0.0111523695899405,6.154786713136545e-05,double-support landing phase,119.76349392910146,2.571829273490503,114.73310886697658,123.24272434956106,-0.32729290317632614,-0.7643176270979359,1.1974232606475705,-2.111694181942642,1.5123116854825709,0.1294579717573689,0.012847569402344692,0.0007489129081574765,0.013659516219581,3.881752371012303e-05,85.11623753580446,2.192437566016151,80.85020450487126,88.010099744862,-0.27538058615349026,7.807957422894632,2.0808630320423713,4.797259544625225,11.653781533623777,-0.26371238419225196,0.011750123054459254,0.002685166474754924,0.0153303308040396,0.00029366958659833076
104.89467095227164,1.7891405561422897,101.91656593616452,107.88262210719148,0.22946369888565243,-5.52488382212861,0.25509565906354337,-5.747891152342722,-4.920654563549184,0.026539742017205888,0.006576340822856478,0.0012494563949233721,0.0080929244288609,-0.0001334505128612346,Single-leg support phase,100.55162374709718,4.198410951673474,94.5200256128352,107.73938023406794,-0.5084367162012592,4.775464124127719,0.13621244343497188,4.37436620796583,5.066378952633728,0.026615874794919156,0.006314742613226217,0.001983681779507294,0.0087959063819139,-0.00017877967401571157,74.86793850489734,1.0740819662433845,73.23035846808281,76.86193939278083,-0.13967618941146207,-0.9407179290988744,1.6923570926635856,-3.5052094150189683,2.054617618274284,-0.21383950128050971,0.02647680873918495,0.004326638669832556,0.0365889766979915,0.0005693006994705116
107.66394002841375,1.4829256250409597,104.91369687853178,109.52175139798833,0.17723286613294403,-5.106614209445372,0.31946484777195455,-5.690155265083041,-4.574413065509939,0.04291316152204239,0.005203727463243304,0.0005579446355238374,0.0058578894169152,-3.950076716964232e-05,Single-leg support phase,94.83761918501857,2.5888877383354174,90.94021264534928,99.8619826538787,-0.3431450003280547,5.20121911610739,0.3979745909458304,4.731674387780305,5.780291280753231,0.03904563253689501,0.004499037679593788,0.0003761822263026519,0.0049460904008843,-2.5300631348319214e-05,73.04394190005445,1.0836412992362545,71.09548600250103,74.73479614933105,-0.13997346718576972,-3.780073670701964,1.6853957265385107,-7.000567678699109,-1.0382844124933692,-0.2293185871617592,0.03234299125281695,0.0035783979466135632,0.0365889766979915,0.00026061074282268833
108.69261393791831,1.0172634718690772,105.64871193567522,109.64135651960372,-0.09426424820415272,-4.34484218654573,0.6404628419237167,-4.964247546103559,-2.7143810162207824,0.08329919305418798,0.004611410133492438,0.00015739056219741333,0.00475899803264,-1.080896562943846e-05,Single-leg support phase,90.96977600775132,1.9883794959664798,88.23066516177319,94.23938614147607,-0.23110465306549563,5.591958520385152,0.17169289414649225,5.133692726052631,5.780291280753231,0.023332561217391443,0.004189962658288178,1.892772603428283e-05,0.0042074617953968,7.869874488076995e-07,70.77513122645114,1.597451543911619,67.9640350340274,73.0899143199366,-0.19714920330419972,-7.435973683443939,2.641637357297261,-12.049633904173184,-3.696435858968733,-0.3212768478924789,0.03506438804895062,0.00015860705847063055,0.0352796132112867,-9.531219623230783e-06
76.54917905551264,2.6977706427982646,73.83343701633179,80.47855257889847,0.2309534490174059,-1.4709428771005253,1.2076955003475882,-2.923835697449836,0.3668053830680812,0.12421164090489684,0.005091929496323511,0.0011806271166218865,0.0084721422250698,0.00012393472208531921,Swing phase,125.30174227034135,4.6888428686143735,116.0043239321038,130.25595707619576,0.4684480332086484,5.83324488306623,1.1176163307392144,3.800352594489404,7.553390860691436,-0.028905737873686502,0.009795540860387215,0.0005225108040924303,0.01024902683539,4.792069171696153e-05,65.68304153823,6.815505544201366,54.1677565009226,74.06728663987093,0.7653665438057049,-33.389660757349745,8.298912200157332,-39.93100686230018,-14.479817762032775,0.9788918884718233,0.02404865630498015,0.004226849954415181,0.0274759454308922,0.00035353674436629224
79.54968735295796,1.361164295751217,75.71919382159071,81.0267428137895,0.20413649969995346,-0.4762819367048871,0.8318230842474064,-2.527209969693864,0.4233617550002672,-0.04159935452295697,0.00691789965594456,0.0019946271436165177,0.0109899150512993,0.0002438798074881692,Swing phase,126.61795288448994,3.1411929873724733,120.50774773360234,130.25595707619576,-0.26561919389426963,2.8626430356800374,4.036649621264615,-3.4695232693317144,7.553390860691436,-0.38352395057655986,0.010151321169660816,7.527019282198383e-05,0.0103064598468857,9.037351846030743e-06,77.09373915826258,6.483843682772505,69.75705821591751,88.89000536639749,0.7358825827107685,-14.191154415131063,15.337641655300875,-38.03671412022311,9.402569179953172,1.8245878192375495,0.025313787286102913,0.0036217205405122085,0.0264745168289882,-0.000517003677515377
89.79437973605853,3.5305525714481614,83.70628636705892,95.39653240317408,0.4496248475428906,-5.115883885107793,1.209126559665405,-6.794964068573068,-2.795140509081441,-0.1538393676727549,0.01423423994085507,0.000845252728173587,0.0152623911751296,0.00012501271311005384,double-support landing phase,120.25782493252343,1.6556851004224042,116.18480707458129,121.67198993481604,-0.1725684522171114,-0.4742806073877928,1.469993922388843,-3.9858834080839456,1.96013196549796,0.22869289898391945,0.01356836643610132,0.0007159944863206202,0.0140494115441686,0.00014075872797729235,85.57035891894179,2.6281981454945496,81.14056639739816,90.2280349368134,-0.34951802074674004,8.422190977514212,2.706580961667471,4.906371864502953,13.769877601718942,-0.3409040668159996,0.014251229798550894,0.006528863340183162,0.0237919273315892,0.00023377837474188468
104.04859586825735,1.625218282927625,100.96733463919216,106.47312898385886,0.2117613209487191,-7.60895240830567,0.24880070325795753,-7.910567984519195,-7.088621290833828,0.01340268443829264,0.006265622175929914,0.002340076463555152,0.0104366082176485,-0.0002285811410298769,Single-leg support phase,101.9057147692019,4.064106193036277,95.68898096902974,108.6892583473302,-0.5000106683961713,5.9808530685329035,0.2777217461374545,5.249378143763125,6.226444985527557,0.03305293337320821,0.005838781463747463,0.002514048761071319,0.0103754985630448,-0.00023216419204253079,75.20417235230849,1.250940027962464,73.19137775137656,77.33216831230088,-0.159261175420166,0.40162989038021746,1.2589761769613987,-1.7405476403074702,2.5533072256100167,-0.1651482640737495,0.035166529730526475,0.002789741852162629,0.0389726018829885,0.00030509331839450774
106.35739805368229,1.1361641089699026,104.34160402090409,107.9007804639426,0.1368914016553273,-7.207825702713721,0.4030835620780609,-7.906807260627397,-6.523203390069817,0.053215533482983836,0.004753272558452392,0.00039968369435334274,0.0053989389649279,-2.606745723273079e-05,Single-leg support phase,96.04568472535514,2.825556611417055,92.33188581581352,101.3735545032829,-0.34775648797959163,6.165186987018779,0.10431069550700425,6.09011161213297,6.477360833105659,0.009993512594792121,0.004403481747976073,0.00016703100900621352,0.0046690335235464,-1.9465618113765393e-05,73.15145778145754,1.1896952992888585,71.12420155979439,75.1148288907741,-0.15348566657614307,-1.7396159489123102,1.2867957993084962,-3.966246322920013,0.4102146157871756,-0.16832542071950723,0.037329207496549395,0.0019147902811913092,0.0389726018829885,-2.119163454281546e-05
107.48393798842334,0.5705067386253914,106.11184553400706,108.1749932883063,-0.019757560835713023,-6.31725035736064,0.6277143169803976,-7.051566681818703,-5.303365911895456,0.0672384911508941,0.004643887331002162,0.00012555509627410334,0.0048769240345542,1.4566939791515387e-05,Single-leg support phase,92.33945014102726,1.5650881569978743,90.06134901075215,95.30529438782268,-0.20169020681040506,6.401884234991754,0.22695737730038554,6.09011161213297,6.656468246940244,0.01576967680484981,0.004257866247663647,0.00010762163164204771,0.0044905155368205,5.7720720251730605e-06,70.8908508406871,1.48034931156613,68.32765063050334,73.04814217896532,-0.18155736724853766,-4.589022247225516,2.116835082936148,-8.770653056030184,-1.9052409544095656,-0.264054311600793,0.0356796076421598,0.0031527473538167385,0.0387605154027631,-0.00044008017204528094
84.70418264421096,5.6114266191570605,77.24890260396819,95.21802592023084,-0.6911201275485636,-0.8701828705590035,0.6699745962016401,-1.867651662959832,-0.0419603219996781,-0.06694091897045665,0.004663620201463627,0.00024109082704471118,0.0050204120424212,1.9939553546511546e-05,Dual-thrust phase,99.40504688747522,7.261479721155865,90.36783213458612,112.66923075227534,0.8577461006803545,4.687485188898947,0.7664378703436798,3.810926255255021,5.900445851418177,-0.06766257653612219,0.004998091269506923,0.0004838107019498762,0.0056335691906849,3.357117312534616e-05,60.32331976268555,3.1322818794793874,54.907374708831135,65.14840437306917,-0.39388575631684747,-27.979373485364484,7.4139238961165015,-36.330251860438864,-15.888737514456986,-0.7862120902300723,0.008089552763672823,0.0008565915539489358,0.0096144257467923,0.00013864565942149997
80.98721231075113,2.4285781109609497,76.90301565392973,84.01217569097129,0.23708104371479904,-0.5164320291944529,0.8830452549401698,-1.640776964258526,0.5474630266389474,-0.05116049284561108,0.005853415097631884,0.0006778323815245172,0.006747170940587,6.452946852136921e-05,Swing phase,126.62775154035687,1.4311477806056558,124.09013934113251,128.58567751005558,-0.016466160615304003,6.035764681216301,2.789181746962864,1.923691425101619,9.205769727828333,-0.22494783650017813,0.0065158000786772535,0.0003674426246295943,0.0071227548262801,3.654829076497693e-05,70.90671267636243,3.6435797358706585,66.97689847690478,78.1580202484316,0.41658441888669273,-18.91793955660407,13.026997791452551,-37.4287527138308,1.6059668307747736,1.5013353671002143,0.02144739908337557,0.0037726217660419776,0.0231810444924799,-0.0003429308364455577
90.36417171365518,3.447949605965329,86.17434083460331,95.89536469468878,0.3738855330802103,-4.349455088940669,1.1100357460591352,-5.936520625413172,-2.7340013521240207,-0.1164459603923061,0.01135184861680569,0.0022504744559140675,0.0144198686736893,0.00021708319914732303,double-support landing phase,120.74780908058672,1.3356701913601545,118.46599300568872,122.56907215398378,-0.011137028370050928,3.784616758253349,0.9337234718896079,2.307772470818604,4.859103183188926,0.059755403333532985,0.010088593455272863,0.0010281476016956684,0.0113272015184619,2.9222614946161523e-05,83.25715854585056,2.1854129755885343,80.91023131117926,87.39722472228688,-0.24949974658106228,13.346225411288543,2.966716232301678,9.35214469942558,17.608024030145895,-0.3122025662237806,0.00719040095293098,0.00033992000059655965,0.0088296981465843,6.839528267770387e-05
103.58409086257191,1.836688424430927,100.1782291799719,106.40098594383107,0.23933679860996848,-7.273583120023722,0.1386038220748805,-7.453778092895508,-6.8953399846353145,0.020594361277052036,0.009930249292174946,0.0015566515367773427,0.0141329942620161,-0.00021531064003733078,Single-leg support phase,104.58462939291176,3.629491305766016,98.27300059345067,110.32744707062947,-0.4636325568145692,7.508387550716757,0.41898925961346317,6.542747302241137,8.018801759423368,0.029969312158093134,0.006897436296787361,0.0024116126999502627,0.0099342376465277,-0.0002242506189235077,74.63512562762543,1.5273893610318658,72.565503128871,77.52018344188858,-0.19056462742375294,5.433191839871784,1.4432216741305752,2.6869292278862824,7.254735383980239,-0.17568485215745985,0.020082350869538093,0.004438513117654089,0.0251524667363154,0.0005962244535467692
106.44407068069619,1.5591150553397242,103.80418900348218,108.83690631727995,0.19356605053068365,-6.779312394155198,0.4615336903292305,-7.316424058468582,-6.072410401445909,0.04375911140346915,0.0075076577540074164,0.0019590071259592444,0.0104999905975333,-0.00020621933172540767,Single-leg support phase,98.67942186120503,3.39956675408851,93.77331248105293,104.728278506601,-0.4213448471364644,7.537646066532072,0.28495252538203686,7.263712038863132,8.018801759423368,-0.025931868801604054,0.0044451921631782155,0.0015255650210807502,0.0086166839423665,-0.00018534136510370774,72.54834961801804,0.9532280320637129,71.00432904538873,74.29157565772994,-0.12643256201312333,2.513643118828693,2.01465694648286,-0.7668267039739772,5.728287385237316,-0.24981208035428049,0.02538516700972026,0.0034045620350792467,0.0294604868824274,0.0004155180295858654
108.84485446211399,1.288124309853226,106.59958765322958,110.90421053299777,0.16556241845262265,-5.883604703671415,0.6131293210073271,-6.804523733958153,-4.591662580954595,0.08511004434629067,0.005478331308194585,0.0013347692433002172,0.0085328061342753,-0.00015061813953430768,Single-leg support phase,93.67296063277166,2.4812334967215124,89.97018237758896,97.8378589613772,-0.30260294553031686,7.220850785622925,0.11047304062408368,7.089245090726727,7.371834180263703,-0.007765145202967518,0.0038245729585509843,0.00012051778711655723,0.0040992177477165,-1.3731079331700014e-05,70.87527723630404,1.0368760392224268,69.05203470626324,72.45781303210269,-0.13099147407074804,-0.9503052660213468,2.1275541350631015,-4.904474103574176,2.440929000368488,-0.2825155039977948,0.027788347605088467,0.0018009475645955637,0.0294604868824274,9.138532354975381e-05
110.04655795876634,0.9637900603895116,107.46332712096886,111.1754611213251,-0.058402105438484196,-4.427199595236192,1.1943387948657906,-6.020943166753201,-1.770719082650391,0.1634701570808773,0.004788456374087253,0.0002517404047784746,0.0051382879726727,-7.456066849730781e-06,Single-leg support phase,90.05860891606527,1.7616307967108555,87.48955939056144,93.40432392768231,-0.22749094373541823,6.921887907862935,0.26181916496944824,6.351617532120841,7.221454809451101,-0.03345527989731771,0.0038883874842141615,0.0003651804969571874,0.0049329572792103,3.6924324565899995e-05,68.79778037726759,1.4117964175079085,66.31723159659884,70.86759902539316,-0.1750141318767045,-5.366058009647817,3.0884324067878293,-10.725797243937162,-0.9906621209501638,-0.3744282739610384,0.026588608698916025,0.0024553945514966557,0.029008268029657,-0.00030686252314255
75.93480516003724,3.271770521872864,72.64183594666035,80.74605783401924,0.2684194937784318,1.009125672083483,0.46453522255419183,0.2052754559294489,1.5583750632810436,0.052042292590445946,0.0064250735368491145,0.0007627258649996316,0.0075756065196901,5.741273359789998e-05,Swing phase,126.28017467094452,4.683483661689756,116.28414475469768,130.70607841501004,0.47229190248455555,5.857426873338407,1.1230879432055791,2.54373217416876,6.950406801048177,-0.112311494335707,0.010169597848054277,0.001599954271753143,0.0125548889071915,0.00011185682213231154,62.66101294016241,6.678110597250284,52.41001812396413,73.28649287970302,0.8029413367591881,-30.722179839139002,7.806670993652559,-37.70033844763142,-13.638891220472066,0.9254402779676673,0.01019280388636937,0.00032124078110154595,0.0107214206734812,-3.3660799952538496e-05
79.17834191377155,1.55302556979108,74.79282629834445,80.74605783401924,0.2169293307297354,0.8954940531564701,0.974274078976635,-1.74600963136703,1.562495894777132,-0.11215708844348048,0.008213712305728066,0.0016481164958772826,0.0107520182547042,0.00016766795590883457,Swing phase,127.44222528847406,2.9995790090936754,121.47491818959658,130.70607841501004,-0.29159800870201735,2.15227579846617,3.7737691419571737,-3.433956656496393,6.950406801048177,-0.3972017276013827,0.011750270876528026,0.001044115852564261,0.0125548889071915,0.00012368836532394611,75.24276408493071,7.9864322900177545,64.89844324675478,88.8159534047127,0.9199042368445354,-11.59995545811457,15.00960460393039,-34.23512447154496,12.25612424616531,1.788124950681164,0.009822756852187718,0.00022695884781270898,0.0103833412724212,-2.8062628877549967e-05
91.52690312718553,3.9918524291580466,84.61954084200912,98.3071820674589,0.5264477394403762,-2.9447383129817295,0.8598711367460681,-4.191267985641519,-0.8561106612851049,-0.12827528170601593,0.0183985252303675,0.0012500909990243087,0.019703287069796,6.619418964900075e-06,double-support landing phase,120.80864371089683,2.5676659987691965,115.4249215060118,123.40473302475262,-0.27152337957130995,-1.76736933082223,1.519282398189919,-4.6955850880030034,1.2897599021558426,0.230205576544571,0.01678462104301184,0.0016401972427413246,0.0178910816544656,-0.00024788682680018464,86.78289405368832,2.641986354364499,82.06538618985003,91.37862225253843,-0.3582013870264771,9.452381219504689,2.8686674912638677,5.87150734167053,14.98242847863543,-0.35042004372941926,0.011008331390388013,0.0019273262964265886,0.0153680104974493,0.00026184770035241924
107.13050782233474,2.037672215186626,103.8079671645105,110.44956135101448,0.25544593025015305,-4.075028866105141,0.5045938314256747,-4.56461629677723,-3.160352703016412,0.04159774703429328,0.006898234787531258,0.0024342734179411823,0.0172070176843516,-0.00045329944136627306,Single-leg support phase,98.81893744059688,4.535300312520622,92.78708677786597,107.13957618825502,-0.5520188234765021,4.023667669667533,0.17821817873206428,3.786840406144455,4.309864392573803,0.011125362607194492,0.005140630671580757,0.0016752776758436835,0.0124826882389416,-0.00031962881446168074,76.12203527907357,1.2977746174695315,73.85610464415359,78.25376473894775,-0.16914077287669854,-0.36466634923844404,1.9292478024648425,-3.544971964655514,2.9867228407364825,-0.25121903097661524,0.017268946202630045,0.0006087375739235462,0.017821500963333,0.00010981182697363846
110.1775656504917,1.5919775952276431,107.16445577605836,112.09721042836874,0.18704758763497153,-2.909055317160814,1.0607571621061636,-4.380338511911487,-0.5065957139039945,0.14899010761567277,0.005248287163273483,0.00018563009704740112,0.0054243833497677,-5.405838900907701e-06,Single-leg support phase,92.82152036863226,2.6092559816721406,88.71937375875218,97.58676776426093,-0.3410536155964901,4.250272097452397,0.3464120248910585,3.786840406144455,4.671102944037997,0.03083224717560628,0.004415381232964454,0.00034459643010915095,0.0049021029649526,3.110865481221538e-05,73.72271856487056,1.5464168975035493,71.05151006254609,76.14894255293677,-0.19605509578425723,-3.815289619921807,2.188763619959138,-7.852008523772104,-0.4086954652724091,-0.2862812714807575,0.021687228728875383,0.005138213207298856,0.0293039693654995,0.00037809712030871924
109.69550964411134,2.970020127553593,102.06927066046822,112.09721042836874,-0.3294760814999314,-0.4084171227802957,2.0012409694060413,-3.135418827230061,2.752489970758979,0.22645803069188614,0.005371868829270688,0.00039733986313162084,0.0059923141813773,1.667767606428845e-05,Single-leg support phase,88.76810346532912,2.1704780039802216,85.8348517536576,92.46820578270064,-0.25512900111703973,4.438441063187641,0.20206202181526497,3.9693088830580434,4.671102944037997,-0.012889883360541669,0.004885798826320773,0.0003119264527332528,0.0052410405662768,3.8973461431280746e-05,70.85341931885422,1.8138049452485079,67.96895303409289,73.66116985693786,-0.21893141626326804,-8.487990021447967,3.361497901461287,-14.743910288542413,-3.8044511945363215,-0.420748426692542,0.026560131114642112,0.003260752058216271,0.0293039693654995,0.0003722317894197539
77.04790732520095,2.7391774333411525,72.64949076803859,79.85605697544915,0.2264048750249576,1.7447065205282253,1.0998105343584634,0.4801927094254052,3.458509607053017,0.06793001283965275,0.00993165898370977,0.0004211735461045741,0.0105835160024615,3.052579368111922e-05,Swing phase,127.9320491259744,2.6099411243128965,121.58437236423642,130.91105466036515,0.14929315289972378,4.035508036560058,2.353598563972207,-0.8656380150293165,6.408844649595462,-0.21882634898733455,0.011881684520809113,0.001093928615857324,0.0131258426515144,8.143081668345383e-05,70.49638527754652,6.6844548881126,58.775174580786526,84.10193458159065,0.9741061538770819,-24.1361239229934,13.08918534264037,-39.542086400301,-0.8347243119832622,1.4776232793100648,0.009601247965574091,0.0004238354955127834,0.0100493066766277,-3.1089245782169295e-05
87.76368439101019,4.215582327787258,81.19221789164558,94.52348912143344,0.5127412011456869,-0.9113249196263792,1.2035818195084516,-2.6867704106102512,1.1092645640375296,-0.13113324381472702,0.016359381177832952,0.0015637557630028118,0.0177028837549857,0.00017002859334211152,double-support landing phase,121.79026406193722,1.1217605130472779,119.29128786893423,123.09064175441767,0.04003190292076926,-2.8417692211452508,2.6891037592241087,-7.493078283503538,0.1705694237592958,0.28974236281112964,0.015186956931723216,0.0007018432429761392,0.015997426639732,4.8526373755646145e-05,91.1509951792275,3.54028994824226,85.83374889163878,97.63584231044403,-0.45392666995404835,11.495542101735868,3.5573509965192005,6.070595213718543,16.373792427843206,-0.3895408353926316,0.011466906755975096,0.0016738705594474459,0.0138120537848614,0.0001822200833755346
104.46633958406515,1.8909681623252441,101.49945385330348,107.70846909556737,0.23880827854861109,-3.1949582495637214,0.271771187208151,-3.5184928734505845,-2.6238326721002303,0.009495041041818265,0.009143452544635746,0.0028680548343322375,0.0131854633307564,-0.00029099727831823075,Single-leg support phase,102.58214884995613,4.950514576286622,96.04487498841124,110.86087163207706,-0.5698460247563779,2.78941997058193,0.29922572943676073,2.00949486115292,3.186930598784059,0.045285989908889955,0.008540552074274815,0.0016739058256741422,0.01102651727741,-0.00013682193782667311,78.8276077956569,1.2283402998217188,76.90675585180558,80.94755958523794,-0.15541552820893673,1.1047429890843712,1.559250189449805,-1.3773281790795455,3.62593425311845,-0.1924331704691537,0.01696572678319778,0.00041141984534147846,0.0179766327843785,4.3217387626115406e-05
107.64424108978227,1.8334642426792649,104.40690823641688,110.18100818743272,0.22208076734676313,-2.774875507713352,0.4454508364476012,-3.5184928734505845,-2.2317755186788126,0.04948912902968353,0.006418308467507518,0.0012221853564553069,0.0080581622628801,-0.0001347814953131269,Single-leg support phase,96.14994149954016,2.663366355378865,91.98384824075735,101.64166644856984,-0.37145454645432624,3.3114560280579375,0.5173053119309015,2.681395635644292,4.015995691359317,0.042255914857141974,0.007470101501382346,6.399252056617339e-05,0.007511522943658,-1.2772265838461557e-05,76.73106991411919,1.2644429689589982,74.53602890856732,78.64850032020222,-0.15817197737057306,-1.581364382547383,1.6442211497484154,-4.593437463790795,0.8763110309512671,-0.2103749421054639,0.017627128424468255,0.0009141527970322487,0.021591419132382,0.00018002997956240765
109.8430455626952,0.8729332558612255,107.97208182921862,110.9102567478106,0.05262511088509733,-1.9113285192744285,0.5916793546450771,-2.5449889662850134,-0.6612003771742689,0.07245340727349017,0.005114787092983516,0.0005330287047082819,0.0056883165285175,-3.881190250385384e-05,Single-leg support phase,91.97215851158552,2.378675910293239,88.43651146184766,95.81480923198104,-0.2837806834666687,3.796572901923158,0.18195026859493965,3.293463309255902,4.015995691359317,0.020260730506491516,0.007331023000716038,0.00013144255972921242,0.0074710909214754,-1.0104184844469221e-05,74.36578851613469,1.5214302952244876,71.79334147036776,76.74208602283281,-0.19033632894096322,-5.101483519475827,2.516843765480528,-9.620688022073155,-1.570123306418449,-0.3096371044482579,0.019619344343598952,0.0017598499491278227,0.021591419132382,0.00012968359002667692
76.32517935086818,0.9459802163306092,75.0797810895083,77.60944339113617,0.02026662403130567,-0.6190285878183749,0.5814160479696083,-1.0548709423463525,0.8788965444001196,0.06543029895240947,0.027522263213763828,0.0032910459576707073,0.0303631509454217,0.0003596113939894385,Swing phase,123.51528402141263,6.090251144039061,111.86233721694208,129.83528749641542,0.6605976476718791,4.118065915473079,1.2597369975311328,1.9636738427572176,5.905614554523753,0.09235441627157427,0.012415598817751646,0.0006190785331450354,0.0129318560229929,6.239006069659229e-05,63.811188471968656,7.281772682399754,52.2281636756505,71.45497488968326,0.7394927390012599,-35.95036777681413,5.814215044083658,-41.186365047496,-21.483971061214213,0.6463474900294742,0.016169922824371366,0.00408335239819203,0.0208209514814593,0.0004642421646555115
77.5602434115075,0.8809092152721049,75.68260959602021,79.20219493613482,0.1353686669274847,0.47223671616305485,0.9136424902376582,-0.996657113484674,1.7329874177381803,0.04412201879826335,0.02911069169898025,0.0015598332591147612,0.0303631509454217,-8.127693500058076e-05,Swing phase,127.18886441423032,2.1587489942948537,123.40636700283332,129.83528749641542,-0.08783470862766762,2.898777058701727,2.809998931151612,-2.620679192604438,5.905614554523753,-0.2650098358715799,0.012753724409417867,8.74942067736838e-05,0.0129542702755248,7.3441351947499665e-06,74.95452449735131,5.8944008748385075,67.60394347591564,85.96493795899342,0.7061920955029913,-20.064227418283377,14.054955777615197,-40.5697769096729,2.5080311030036344,1.6568387697183282,0.0188420116006906,0.001835069754770164,0.0208209514814593,3.981742815807652e-06
79.61825725546511,1.9917352565220454,77.34424872916698,83.50840937708162,0.2355431496162104,0.00589088004127781,1.3096549344887152,-1.7937553401725743,1.7329874177381803,-0.08363659449302979,0.027272445650068814,0.0025704138057684126,0.0303491808750554,-0.0002917335378794808,Swing phase,123.65755360805923,2.5003143379411474,120.41535110472364,128.6447781213458,-0.3165164237162372,-2.3569342893500167,3.458997307390039,-6.585098231437131,3.845839655380876,-0.4011899187237695,0.013309850618396773,0.001336428410804456,0.0171031611250509,0.00014567331310495776,85.37394011182838,6.752612445630879,72.32475954893297,94.38554315838134,0.8484916772864756,1.6214725743431215,11.116579859416127,-19.27376427300624,15.334904993785418,1.3311026641073715,0.01750869480010276,0.002897225598253966,0.0204448881333835,-0.00034976835265229227
94.10359802139406,3.3102035865928463,89.2717881828834,99.72685493742708,0.40211795209783385,-3.6750950131540994,0.7754183578735597,-4.8520703026472765,-2.577222405401732,-0.0874941498940594,0.021836402759225656,0.0007035487534057477,0.0224746065292169,-5.009483562104618e-05,double-support landing phase,117.11169174067618,3.0370900349335557,111.71858414201772,121.3501501005216,-0.3704448445578417,-1.1341870416361304,1.4944699249805071,-2.9488634909547944,1.3459333128092346,0.1353064999162428,0.015254732335684505,0.0004511442325380708,0.0156952213577617,-2.7076350152688504e-05,85.94158733492806,2.6998461989742304,81.13273622005197,89.72922888822237,-0.33063433339116916,6.334107913411935,2.0309917067329506,3.400746593935536,9.506165074434405,-0.23482378771149495,0.01568613237389164,0.0027751966058607376,0.0193363710326696,0.00018681331881903075
107.24942079909694,1.920827394629757,104.02783781939488,110.33651657173418,0.24264149047458863,-4.518624257337521,0.2764328524208498,-4.8544862102711965,-3.9318094742388574,0.03532626695589452,0.01968263878101145,0.0002409050217626089,0.0202597667594105,3.259129177031539e-05,Single-leg support phase,97.6468704682792,3.4121839469557935,92.5187123750074,104.2064672232064,-0.44952903262303867,3.524146612255583,0.36591522747174354,3.05268229138158,4.033261082466042,0.027966035596314002,0.009303110243505618,0.000434951746607028,0.01014637480722,5.737199581870384e-05,75.98726354701519,1.2282832293007364,73.84399728413624,77.82488662244151,-0.1531111283963567,-2.601063857894742,1.872562741000296,-5.5577091366680085,0.3781815556612395,-0.22830348816650953,0.026827200734219757,0.0005093299341969909,0.0281061564585844,6.445596864506533e-05
110.31578209349503,1.6769478102594917,107.42894457958592,112.71168752053543,0.2031824208057507,-3.7886651316364057,0.6450135549243681,-4.563121512462308,-2.3475259023024817,0.08521521577537793,0.019762125399082103,0.0005352517645539492,0.0202597667594105,-3.349144175216924e-05,Single-leg support phase,92.47297813497069,2.766671900618838,88.16787956563981,97.05101571316769,-0.3416590825972261,3.9903999702980117,0.1807807503088748,3.52612914165755,4.176685706155537,0.02089035207401185,0.009861084581141055,0.0004375253417914912,0.0105185792543825,4.2623145404815374e-05,73.66638475051204,1.5053709612572626,71.11149750872245,75.9799166709599,-0.1872468908552863,-6.006632733613229,2.13551329998685,-10.004048422549133,-2.885243556973961,-0.2738001871375066,0.027452810992640776,0.0005156911911728865,0.0281061564585844,4.195234236111156e-05
111.2384177988371,1.6126603928136658,106.56879330289595,112.7533956079655,-0.1545146909392257,-2.2834719789129485,1.1786345164027958,-3.865168303304791,0.0595061115845202,0.15094901595728122,0.019387036074100226,0.0006720683140627217,0.0202092807291921,-2.217826865428068e-05,Single-leg support phase,88.29699289134977,2.1255539046237844,85.32675776522339,92.13178532534972,-0.2617318292356282,3.967039686417655,0.1841951719032051,3.6224816738518175,4.176685706155537,-0.016536772061201657,0.010533552190538142,0.0006610683538793424,0.0123272092164794,7.779583371425772e-05,71.0343230960487,1.5936412515431104,68.56491900261442,73.65619621404217,-0.19581835428568276,-10.32010030391146,2.953222214855539,-15.373679866240591,-5.832322058496814,-0.3669753002978376,0.027070547950415805,0.0021933798803889294,0.0279219061584924,-0.00023472511972632686
77.74492385848608,2.1403073524064817,74.91609678963573,79.99311722789727,0.18087145604025176,-0.036635037565662006,1.4749634830703946,-1.95314992560944,2.330431610438516,0.16386951662395285,0.02606715324942576,0.0011767252425112765,0.0270112144435539,-0.00010033594850365383,Swing phase,126.46723886433067,3.2621752620808864,118.4699720799826,129.62756433886946,0.27153570647205016,4.677437383851477,2.1585448706563617,-0.7889352240522776,6.792058687874088,-0.1940655218032705,0.019276245102517332,0.00316218527261865,0.0239460969456643,0.00034396772672169615,65.81922070499806,6.915818718460061,55.02004738108441,80.84197825368788,0.9931511874078259,-29.652820812534568,11.380705132522575,-42.86995581260131,-8.833601557261192,1.2735725010682775,0.014881544290408201,0.0007866496768820635,0.0166925916403986,-8.449118166744221e-05
79.92977856700789,0.7252434021883235,78.68067859743464,82.08551377063957,0.13095519896942037,0.555607036028788,1.4810037097043711,-2.1618655400889475,2.330431610438516,-0.07483493840129703,0.02481413526110768,0.0009817996138454285,0.0268071906896997,-9.488429802362308e-05,Swing phase,125.35105735210186,3.2771049468489934,119.88714892585894,129.62756433886946,-0.36784946401952656,-0.3560257098352117,4.73686549485799,-7.850210699788508,6.737930107859911,-0.5610823387557085,0.022789083210114074,0.0023748577966426717,0.02512587148548,0.0002577716850668462,80.36733065201247,10.950571385393815,62.99618228702187,95.85507935921048,1.2638037335457157,-8.77021104237173,12.77050174161474,-30.003750651386152,9.044710282406706,1.5018638820689563,0.013251694578093656,0.0021286986087849192,0.014667142581504,-0.00017795549482398082
93.0295714358434,3.663615005468067,86.18069054195517,99.14600130294308,0.4986657984995348,-1.8874287447918545,0.41585695167992415,-2.456745469989497,-0.8886909991976755,-0.04917771329124414,0.022305825282299612,0.0021739765001542954,0.0250076247169435,-0.00016607626716917304,double-support landing phase,119.79061569181584,2.9486791425119656,113.7898503826634,122.68117406311696,-0.33420347988858895,-2.2348273822922646,1.295238430064513,-4.6083304694516,0.1481723262669392,0.1829424152199438,0.02067897118405963,0.0022715067260834737,0.0235271091107203,-0.00017323315509787303,88.03355200869223,2.793005079691174,83.2760420997771,92.60063214418597,-0.3586380786311102,5.179274428331224,2.19273320644512,2.1788612022486302,9.546227716920244,-0.28336025056429287,0.014069477189862126,0.002839358059000887,0.0170555505165397,0.00022033383532945003
106.79770667236063,1.4589874037905413,104.21044093186168,108.95567831479518,0.18250913011282677,-2.007941898767414,0.20202835867220004,-2.245775932978007,-1.6775404201569788,0.019518908459841507,0.015929972686796797,0.00050635974397762,0.0183647919279865,-9.666459764279614e-05,Single-leg support phase,99.1852099243516,3.7655036296006448,94.17687370996244,106.46700314553873,-0.4726972859837035,2.9482713656237065,0.44315935829360786,2.286496457065037,3.822116659905543,0.05906231549386561,0.019812703741108755,3.714721133512718e-05,0.0198618665171974,5.275782475284718e-06,78.27849498571238,1.116712725830281,76.46984027983858,80.10830622790093,-0.13994099800239795,-2.7527765397776203,1.5692477122337094,-5.258078293731936,-0.2292067694148915,-0.19341813555065557,0.02328541381913126,0.00038387670469348657,0.0236371704758043,-1.0251948583607746e-05
108.88559174539304,0.9897856186772763,107.09715290965596,110.04900305474754,0.11353269788813783,-1.5940812583108281,0.2907857463725401,-2.026705650598175,-1.0453243586010426,0.037745434307582024,0.015225984506809991,0.0009514610922475118,0.0158832479967873,-7.541780204057702e-05,Single-leg support phase,94.02823563643635,2.4235876808651664,90.14103987915,98.15359615542286,-0.30817524139511004,3.802697769682872,0.5517679347625033,2.8718334231139964,4.430221313351559,0.057651090752100995,0.01900804754287583,0.0012725578712790336,0.0198618665171974,-9.643793637014991e-05,76.37725828718627,1.1106264341222474,74.47337709855937,78.1813866195537,-0.14261575080747455,-5.458499952543594,1.6104939714090367,-8.457524029909257,-2.8652895794372344,-0.21508594040277007,0.024486683403186424,0.002353205780581481,0.0281535626128456,0.00016275159121728077
109.56363665955868,0.6953713745175488,107.3627219427922,110.07454072513796,-0.0672095382643598,-0.953669340764724,0.45381481186845823,-1.6527854478139228,-0.2494549078239907,0.05397425153807431,0.01370830105518795,0.00136551806918734,0.0158515123892738,-0.00014845183207504224,Single-leg support phase,90.4135669140416,1.8690080492950565,87.98947342972038,93.87675710409056,-0.2264339874757762,4.283092119067447,0.12047763756302349,3.922959635068088,4.430221313351559,0.010196945652802226,0.017098533515818023,0.001678935660642565,0.019851350277714,-0.00018603176513050772,74.29419548610882,1.3220666191621986,72.15213251207923,76.32245005138448,-0.16039682843481712,-8.877316242299464,2.434847935828537,-13.27466732126152,-5.448151406934677,-0.3010198428587247,0.026494849282334955,0.0019261690869599296,0.0281535626128456,0.00013813457000278078
85.4744035034991,5.559800363589927,77.96118804020048,95.50668947770924,-0.6748269783657216,-0.47526234044924076,0.9990949795803894,-1.7663738909676157,1.1915882866720675,-0.11376777606306474,0.011205728999417748,0.0008721795721886824,0.0119706933616757,-0.00012631442999848851,Dual-thrust phase,99.13382766821165,7.1913102640002675,89.39310626529935,111.96941717244944,0.8683196502750034,2.493232437515431,0.5889167474161701,1.7781892062148033,3.896727861301949,0.028584066170423698,0.01878191567334384,0.002165283248406534,0.0218399684752187,0.00021947372026705,62.76401598826419,3.461457802173883,57.24166515439808,68.61321111752112,-0.4373671524278092,-32.346649074248774,6.290964259105924,-38.90272574746135,-21.03363161967318,-0.6730124358604963,0.015537854826771278,0.0026201150876460307,0.0207479256653622,0.00011588276163858845
80.99149334881132,1.821563833975068,78.15547598132517,83.87252316964427,0.2196119874090052,-1.5247573534072698,1.5331186713319158,-4.208904492601891,0.1541205339019979,-0.16086782446557474,0.0075827478711122725,0.0002998554266084549,0.0089721971116084,-5.2817783672942355e-05,Swing phase,125.29091473804807,0.5200963533627689,124.04020875024308,125.73160519443891,-0.004487892035602779,3.394567033058708,2.202540976352912,0.8021020657917958,6.355390329657485,-0.1387242357819382,0.017500564819451368,0.002122543930416571,0.0215642515231603,-0.0002565122668298077,75.45523003110733,3.0416597433463846,71.105158379891,80.519756858842,0.21294372593911468,-15.341264496816008,13.365119447726759,-36.57572437520621,5.210124575326897,1.6071480365589654,0.02087643631923661,0.002243811916561301,0.0228063580798077,-5.962074837148839e-05
97.77390372994357,0.9620629421029642,96.33899978637956,99.26662943558632,0.11260114035410632,-9.965014580905132,0.6680455722656541,-11.14015465185351,-8.636153707886537,-0.09630772861411437,0.011917940019791453,0.0002645770467236685,0.0122454240388224,-2.1457708401769236e-05,Single-leg support phase,110.23313441506374,2.93441166954265,105.89822885155048,115.06434407031485,-0.3525428930293985,11.418979450582336,1.1096433692431111,9.982711464730228,12.931955689754943,0.10770418254048278,0.014000634655942186,0.0026074058183667196,0.0172603143112176,-0.0001979831553262115,74.7999075023523,1.2779382462609357,72.89662776975335,77.02622933922072,-0.15883082959489878,7.733651173808964,1.058530795509651,6.183194497599622,9.670949373573748,-0.13414441830669716,0.01725914245666889,0.004492879010329751,0.0227714795782652,0.00034622031383018076
99.14985491917415,0.6621330226388771,97.73492835057564,100.0962572806868,0.0908203434658137,-11.060095962760952,0.669310033134072,-11.836702564355951,-9.946091405952666,-0.07244666322269805,0.010398038663655955,0.001364638652548759,0.0117450761229368,-0.00010045257224480384,Single-leg support phase,105.85510655037439,2.2071579318847356,102.43623023496876,109.93695551243036,-0.288489433748523,12.938485548351554,0.6133697278447122,11.7069172365538,13.806640264667278,0.08075857800436456,0.01324083089591089,0.0011991543021997483,0.0147647885257764,9.209192600188842e-05,72.92767871864274,0.9140876787480013,71.59811196918605,74.63546461809463,-0.11682125572725309,6.129217020647929,0.8217632490658893,4.795624044021843,7.556919467517823,-0.10620367013446078,0.02782210788117412,0.007578852832736752,0.036508490218934,0.0005587403146966961
100.31268268767576,0.7607789879278927,99.3390289925085,101.80153713553194,0.09471185165474776,-11.509701284706544,0.29496182886853367,-11.836702564355951,-10.855672158106804,0.014930483291373902,0.008533155941709055,0.0006020256303027811,0.0091497911870408,-2.879294792396926e-05,Single-leg support phase,102.52408998958427,1.7540723084469625,99.97561035641932,105.63259961058122,-0.21757650977545767,13.636363348541304,0.27067839677305594,13.017253925358467,13.941864924514253,0.02148639784861709,0.014689747632447169,0.0003305751302115551,0.0150868869943594,9.042639535430728e-06,71.75318448740948,0.49653043053192814,71.20649656163188,72.77948754503068,-0.060499653207646005,4.678334106135567,0.8942236582198386,3.070464948276777,6.061801326244234,-0.11505139915259452,0.038768320483983626,0.00393271229947272,0.0439967375145298,0.00023624340857801145
101.78586475747565,0.9783441685856231,100.19051537244982,103.24196341324136,0.11736338618429006,-10.816119509163322,0.6536657451820401,-11.80840899495764,-9.849807691987206,0.0753308193450167,0.008125404911801186,0.0002843978126837372,0.0091161098295041,-3.217444371158463e-05,Single-leg support phase,99.91629338754709,1.3479522655571934,97.57337129210798,102.2045541419836,-0.1781224173029088,13.400987965518247,0.5338670402275992,12.199014353356024,13.941864924514253,-0.0634009135884898,0.014465991309831476,0.0006172553690602797,0.0150868869943594,-2.0287780518599982e-05,71.02052628168056,0.4144244476574119,70.1382861652845,71.53163720968675,-0.05359042478470199,2.76161491330834,1.4094852936179312,0.1241009219259982,4.688667132574082,-0.17556023887108016,0.04330158473529406,0.0019175263855607655,0.0446572370220861,0.0003652360743274692
103.12610670254637,0.5946602163466694,101.94255130619212,103.78426801685949,0.0663316878368046,-9.883727802601587,0.4724054350066138,-10.763930934762016,-9.02590624816798,0.06684710333053985,0.008256807332395023,0.00010123883625311378,0.0083946684435323,1.2940207000057667e-05,Single-leg support phase,97.49614163469572,1.5011399341223686,95.1993180741753,99.82620762215944,-0.17795729030708266,12.215292310432613,0.8821260423791508,10.92643089440424,13.531570502079324,-0.1001976772182725,0.01326767052380234,0.001054837387417988,0.0149795690807708,-0.00011869044640389997,70.05949221060716,0.7428485734912145,68.76719014038154,71.16208973601124,-0.09211152290883444,0.20412179603109307,1.6320030026584418,-2.1985989536468624,2.9225694933503683,-0.1969680171922012,0.04348779183494412,0.0014623001694858858,0.0446572370220861,-3.861585602459989e-05
102.33861771051417,1.9386278125416196,97.43807627209378,103.78426801685949,-0.2263942321584223,-8.379850479212969,1.5302207003122767,-9.824800996906754,-4.694883170241326,0.19730453179482416,0.00869528157448627,0.000720516951124076,0.0101645387711394,5.458147971678465e-05,Single-leg support phase,95.27929736838001,1.0949796290112306,93.7540225020256,97.35050431382362,-0.13832622353069285,11.146917108271245,0.39439993789461414,10.827089381284027,12.060387509970589,-0.0456761851479721,0.011881115013082045,0.0011024395565122265,0.0138278924768116,-0.00012144779700881153,68.50170904534868,1.1098406394319023,66.41449950813353,70.03883614904929,-0.13939756311214452,-2.509423490367982,1.6203676706704464,-5.685816586361527,-0.0893243690697791,-0.21524970066506727,0.03943949405077053,0.005014965982421285,0.0445717035314476,-0.0004822132978692037
79.76190711184589,2.966982320339414,75.70619771407232,83.66389134207702,0.303267000715618,3.314438062751375,0.9665559310672307,2.2015003383619995,4.59741375568395,-0.0729715297900513,0.02731320150621757,0.002570937581926056,0.0293510814642495,-0.00019324581617027694,Swing phase,123.48207830484124,2.40308270377044,118.01745181660692,125.83910286408351,0.20306632710977368,5.216365043207868,3.3898074863298593,0.6883538667080489,9.916216834459576,-0.3541431644065995,0.011062690094318667,8.562966007194037e-06,0.0110755672839526,6.269161866731009e-07,68.68724900882059,4.191960129172491,63.09302915602918,77.04331174916182,0.5365493305051013,-21.458864106445063,9.108301043613073,-33.606028285717535,-5.874350364496964,1.062418943164146,0.015151202278566726,0.0015689396687049411,0.0163883559078674,-0.00011663185347376534
82.96923695151052,1.1092342213249748,80.05899680888088,84.45044091421693,0.1689016963590788,1.8529125809345177,0.7179046119447912,0.5209901998550988,2.998420365174849,-0.09528577558922115,0.02260665117397481,0.0034435574733275905,0.0293022197489617,-0.0003858459452250153,Swing phase,122.47276282343934,2.993395928961212,117.84593799299245,125.83910286408351,-0.2910314712521715,1.5452336635080157,1.2771676923248492,0.5963862147825502,5.098300972079368,-0.17315056758833916,0.011264138528844555,0.00023245050896637757,0.0116212723038721,1.737399866626155e-05,76.70138235546048,5.6937199267489325,66.31769001221477,84.63462051987943,0.7044973272178717,-5.3746637635855885,9.47240320135132,-20.620993694385124,8.154143069359504,1.1067360293747934,0.013673142491748422,0.000997836033716759,0.0163657653854464,-0.0001138272193360693
93.32222086430556,3.1160223641372444,88.08340188591934,98.67947994432184,0.40754146378471146,-2.2316516470178285,0.4849448249961934,-2.876598183350512,-1.2820438559740546,-0.061329012591402214,0.019913135630863037,0.0003073353752457601,0.0201945674079458,1.2753627538023112e-05,double-support landing phase,116.75888656765717,2.3533064267935373,111.87668915859425,118.8978564281866,-0.26991556592922666,3.196166954419242,0.8385392819492185,1.889930268980046,4.710090693822434,0.10846770864778417,0.010783091445375896,0.0011007474042490101,0.0119527834069226,-0.00011292269807506538,79.84234939408863,1.915459696096005,76.97149071797332,82.99090718299121,-0.2315160178853032,3.316319437542388,1.426106999473363,1.0982199501309593,5.6712387247229445,-0.17588533748430712,0.011110281061314248,0.0008327304763960518,0.0122340865454817,8.940086835153934e-07
105.19863282318335,1.5485411784234926,102.84043578472829,107.66516393525008,0.18556646732776125,-2.383188138196159,0.2670695670419395,-2.684525583425121,-1.961750667820175,0.021808658776265383,0.02071140759150462,0.00044734731803816396,0.0211845601827861,-2.9981658039611553e-05,Single-leg support phase,97.91138976073755,3.5782779292851887,93.4850326564656,104.65245550629557,-0.4295162634549985,5.151480024130829,0.313692260058502,4.731581183846248,5.612024764410076,-0.00420362202232492,0.004563973132491784,0.00024273697351528451,0.0056242016519036,4.206193890725385e-05,74.76338365826032,0.6322747600079658,73.62633790485165,75.73171874875872,-0.0809761863041181,-1.7305577571295945,0.9001067925757921,-3.2715262514646297,-0.2837151054151327,-0.11491581330959605,0.016404715927474247,0.00429637454850713,0.0332570661935637,0.0007848678321569809
107.43408328582096,1.1135465992043414,105.1779321565162,108.8328666239276,0.14057440259274592,-1.895302908095168,0.3991550493285049,-2.5316598786460336,-0.9572775455988456,0.06055316665566108,0.020391108163784956,0.0006538291987338329,0.0210902084968795,-4.8073954577157674e-05,Single-leg support phase,93.19194309140201,2.0681696298353636,89.64052083343627,96.7617878950962,-0.2738948869869206,5.352783548652681,0.40787462281449033,4.731581183846248,5.756140981346171,0.0342745074242243,0.005021007300820323,0.0005749325241449396,0.0056242016519036,4.271934462926922e-05,73.40800437373578,0.9673711811163853,71.67832010112147,74.76682577315756,-0.11878867969369586,-3.6556583984870636,1.3869909001426022,-6.434577784877639,-1.812691832214958,-0.17776484433318004,0.025088451415829247,0.006896141965121303,0.0332570661935637,0.0005021493702791616
107.87735051033299,1.0971540715317907,104.59675411288067,108.8328666239276,-0.12243552701298636,-0.9357150541861127,0.8379387533770873,-1.9786085803682176,0.7897676781111989,0.10641943435094635,0.018148562739567886,0.0019873392954220716,0.0198529305390439,-0.0001369788615570923,Single-leg support phase,89.9068164686962,1.8401214568148545,87.64966518641121,93.24959496699913,-0.2153819146379967,5.523209647165522,0.22646966376647767,5.108289290618998,5.756140981346171,-0.01766963884216179,0.005992830673094997,0.0005448116310617918,0.006761178855325,3.6767648668665374e-05,71.64089173524306,1.1227075991035533,69.72101057166873,73.4930371305021,-0.1450779445705144,-6.856501246077621,2.4280979531019136,-11.363761167569397,-3.4568342401810104,-0.30411257413032255,0.032135457169029,0.0012428446731873786,0.0335424419303435,8.913636086211565e-06
74.1219922375874,1.5362472342285822,72.51121346204111,76.92899548030407,0.13578698346411883,2.89565231578251,0.7525778622152648,1.461297156426716,3.72419629133775,0.08703458211196284,0.028838784514831368,0.001637986968269441,0.0300412818166503,-0.00012694789532837313,Swing phase,125.50242560679689,4.96536459197137,115.64875793250462,129.94732489160876,0.531048467629933,5.557514946331121,0.9981441826986195,3.1278029609160463,6.930025914757909,-0.06163098160676388,0.010676966978798587,0.00046477178998658293,0.0115663645741779,5.837873528753461e-05,68.58252574096967,5.617901417132365,57.61616565798735,75.36647841322532,0.6827043367399219,-31.267840220840135,9.193640654771823,-39.24750093903915,-12.1629816615913,0.9670630997698189,0.031270254498014086,0.002210078643475429,0.0335394674247263,-4.083483733973468e-05
76.57659247793745,1.4388646038139543,73.56190795089388,78.05754728738657,0.16134729027222777,4.009066149663003,0.6021554538552579,3.363149572873088,5.002713002559036,0.010256652749751814,0.02692427010751486,0.002895695103990392,0.0299301217690526,-0.00043252346480889995,Swing phase,128.42537253529957,1.6433250297992952,124.47352323691786,129.94732489160876,-0.144902100511285,2.720789869781183,3.389519830655518,-1.9282642128565093,6.930025914757909,-0.3286050847466083,0.011300006092069066,0.0006456526934678225,0.0141035400979936,0.00012493581043145768,77.60683557773676,5.913401682200061,71.18078077459668,88.78694983938487,0.6040613176608978,-12.714173787836422,13.570117091107115,-36.109056270644565,7.520734003569116,1.6780688567005262,0.029583137979654915,0.004484509998758252,0.0328824051430182,-0.0008586920616464463
86.57320243005724,3.792049462244413,80.45468771127757,92.70025596155064,0.4709833942412718,1.59583864524769,0.9756777224843558,0.3299023625933139,3.223192715682877,-0.10791525472072225,0.02315866819372026,0.0012314643224344724,0.0243743188199689,0.000175650151706873,double-support landing phase,122.90851808080144,0.9334018982514183,120.44293588458063,123.95525517450282,-0.08500526149825578,-2.6599799860925817,1.4359093073696632,-5.796591964493365,-0.336995948279933,0.20998446216205507,0.020543015367142394,0.002063275503128727,0.0219016536966141,0.00030212012934615386,90.580319113664,2.7951087833123593,85.55601821206601,95.46815544247912,-0.3812360473235811,7.188472485838428,3.215349254802935,2.9668929406746543,12.837725318505804,-0.3796473991473519,0.01666166240687026,0.005393043450403775,0.0253340642452225,0.00036331314351592303
102.76787096302404,1.9063511128093908,99.38193827995023,105.70196120750172,0.2430778049058266,-0.832439406550365,0.3079551010803991,-1.123672029272646,-0.109874846951498,-0.02699101113817233,0.022500516949847008,0.0007804850794955461,0.0237647150070047,-6.0968780524023137e-05,Single-leg support phase,105.00097045228243,4.451765792452908,98.823578923166,112.75212676639288,-0.5357133785856493,3.974564846607464,0.5918143296364802,2.48240489923528,4.675728282935341,0.08435859168077159,0.019914059889936796,0.000779547710544346,0.0209601769570256,-8.232968571321935e-05,79.14305569529247,1.1968992401561775,77.23627452877253,81.24406183803322,-0.15414566574079586,-0.34846802139799293,1.0875136591466203,-2.0467602075655726,1.5419336612415395,-0.138026687261812,0.03128977384081141,0.0016169055463236594,0.033086141731057,-1.2842282000769245e-06
105.79862647690616,1.6700283228746666,102.92598491989156,108.33656319477508,0.2080991644185969,-0.966472393867324,0.12620020246605948,-1.1327316645099794,-0.7761855644827088,-0.000348447509128205,0.021926305827509887,0.0007007866911633424,0.0221828924178303,-9.543428185898462e-05,Single-leg support phase,98.72002312704488,2.9994969554450623,93.6811331483018,104.1400277759734,-0.4022651779873691,4.781572991443024,0.47041072150144325,4.133768479849511,5.673994755147732,0.05923947212685466,0.018919777688799985,0.0008160597036966447,0.0197913908930979,-0.00011971102069879235,77.00458239576575,1.3545887608624179,74.61543133869262,79.039740325557,-0.17016573026401496,-2.2083741173195057,1.1704244761135383,-4.407648811345424,-0.4306803575499385,-0.15296032514598018,0.03116830626513143,0.002415220745656424,0.0377694913990151,0.00019527306728996934
108.18793162969807,1.1759248758435472,105.90718319751406,109.60168848713484,0.13851487472830007,-0.7408587832660748,0.35959088160242597,-1.1327316645099794,0.013059740270364,0.03080407429843842,0.020760919351994804,0.0012915630472258872,0.0221795267133801,-0.0001666458383675307,Single-leg support phase,93.792537896709,2.842934071677861,89.7616568428481,98.5070558965052,-0.33636150206373444,5.366103130248845,0.3177817692094241,4.72631815201234,5.74432983943291,0.0246171224265128,0.01762988857893571,0.001068166828016334,0.0188196051284819,-0.0001331055991914192,74.5659264420206,1.5391471407556994,72.01788946632173,77.07364798864617,-0.19445225085863227,-4.93508646242889,2.089278424230774,-8.855796273675047,-2.1744973134037884,-0.2569730369335099,0.03380681479760582,0.003747852771277333,0.0411614794039541,0.00044280161104718084
107.65155593339215,2.5307417867236954,100.86343090046604,109.60168848713484,-0.2924316712427756,0.2466814876902297,1.0064099194169374,-1.1149370921564017,2.44073135428678,0.13675647870935315,0.01890759444925734,0.000954488062794755,0.0199381723135758,-6.886369791369993e-05,Single-leg support phase,89.9517415281132,1.6578110282427505,87.9019071385189,93.26505485318242,-0.2062749121024433,5.475542096689082,0.14231307683548433,5.270452307154652,5.74432983943291,-0.01733194667090589,0.01615782362642797,0.0007062929478914361,0.0169211410906701,-5.039920833869617e-05,71.94927911999054,1.5335702191384004,69.47950308691318,74.42479686000883,-0.1902036066575247,-9.208906292915298,3.003768487979895,-14.645702659024252,-4.681268188019921,-0.38324747965401273,0.038778945721876665,0.0023118385090845875,0.0411614794039541,0.00016863344799600383
75.19312912381926,2.106258782579978,72.16763547398703,77.3291724703784,0.18013777624876653,3.3245046475751723,0.6089263760517639,2.514516817735244,4.444236577246459,0.06721397479962973,0.022577744690843796,0.0004363750576384011,0.0228331168364596,-3.498966441866548e-05,Swing phase,128.6421021791295,2.6720661841835187,121.66686212576752,131.19177323135642,0.2504663480994181,3.9335546240741768,2.717793513889111,-2.255040172911297,6.425811309068561,-0.28750599509990515,0.021399235288473466,0.0007270442583103593,0.0223222299845209,4.6834269102726884e-05,70.49073324850528,6.204874998085438,59.49894070296828,81.96649689832294,0.8641367767444103,-25.679625978333927,10.732210929999713,-37.813005013420415,-5.602155949792999,1.2266944886495463,0.025754354536999795,0.0032933473375925085,0.0280943742154969,-0.0003123023285285616
77.71127989692015,1.1733712403326937,76.54958439456439,81.0646806884169,0.17365754976355802,2.957273302645708,1.2843500507608832,0.1487941613294021,4.444236577246459,-0.1079109581393894,0.02213902239992505,0.000456234684925049,0.0227800201201885,-2.0950688301153867e-05,Swing phase,127.5807735054104,2.76691585188588,123.10343217917028,131.19177323135642,-0.30792435063675,-0.8925835806425193,3.851404155597746,-5.877548099549491,6.165322722805207,-0.46318733932133455,0.021513065129804197,0.00037880750622733614,0.0219155289570824,-5.2585491414450025e-05,81.97443061567037,7.308265170567911,70.96461726470754,92.68570181476854,0.8354263288484998,-5.522232215270041,13.004030375667346,-27.18627992702848,13.318388365887555,1.5578718574198476,0.021160067622064058,0.004748876214669853,0.0269834015872779,-0.0006600559689854269
89.83766324250017,3.7009916512944248,83.71318322393469,96.51611598668612,0.4924204908750548,-0.49802344323194353,0.9733021664077459,-2.043309582398754,1.7192293195088455,-0.14471303468875382,0.027682365189038088,0.0002552096929501959,0.0285679010809027,-2.795471094460384e-05,double-support landing phase,122.4232156936007,1.9370861589627915,118.25532740173074,124.6735529486298,-0.2452695341709345,-2.0715605313492427,1.3781904893962242,-3.834464437759197,0.7049016125801484,0.17459100193612867,0.017725094373267872,0.0002283971403279541,0.0179891450180582,4.147696369338413e-06,87.05361840266102,2.6642678792416707,82.09902321999525,90.9526914026798,-0.34052569933402144,6.606412961758047,2.7804864303478696,2.921284269759884,11.676584461950243,-0.3367423150842446,0.011858080669224046,0.002061741767679126,0.0145750325991817,0.00015146540844655388
105.34838247872143,1.7599635431651115,102.3348134959868,108.01513767142532,0.2184740067476357,-2.7472362984037013,0.2671931564411495,-3.100466990568313,-2.2793846243530425,0.008529478160080206,0.01186324093112293,0.004312450236915743,0.0207773677924909,-0.0005254308176775153,Single-leg support phase,101.61813543539242,4.680022858095528,95.16039687329746,110.17728024727734,-0.5775724374607646,3.4930937497183407,0.3103982592804338,2.9702328819624206,4.158965947369325,0.04572050251565015,0.014695486103107568,0.00024149900077591603,0.0149607298644274,9.895131726726899e-06,76.63886604195983,1.0744686383371955,74.7172754105536,78.38419400745435,-0.14103533065002913,-2.164312356780235,1.4273523057330473,-4.430769278262921,0.2660538507786776,-0.18064704342467688,0.025680867080908106,0.0018695252210436306,0.0292488061350763,0.00019499483455038088
107.7057423014319,1.053425039287859,105.53608165091842,108.79273522351482,0.12082876695641705,-2.274391751461161,0.5058275146732423,-3.0587443040164453,-1.2237701520749344,0.07057592892082734,0.008135680005092457,0.002241425419407865,0.0117272152418009,-0.00022634691838701153,Single-leg support phase,95.30446750209776,2.826685790304678,91.08661204566737,100.58768164943854,-0.36542575399119887,4.153179228061291,0.4645356523961022,3.422598530420688,4.705070218931626,0.049088715548857215,0.014531085377017684,0.00029432152036941515,0.0148590343987691,-3.548173112956541e-05,74.4920129756021,1.4593108252344484,71.89514735917453,76.62813939796789,-0.18203815533820597,-4.815280676988238,1.7105222726763645,-8.160778376246267,-2.190300266821855,-0.22963377343940045,0.02754548988017312,0.001702708798916702,0.0292488061350763,7.991950388518452e-05
106.83506621100173,2.68194956445257,99.87914987092424,108.79273522351482,-0.31796745614917543,-0.9363460017622474,1.2628949853229248,-2.26354820051856,2.12599966743256,0.16882876415196615,0.006604211282537714,0.0007319376737576789,0.0077166054187855,1.300314590190769e-05,Single-leg support phase,91.34558772876842,1.8809496292720913,89.04859588479384,94.82413974473674,-0.22213630230549614,4.658000574599919,0.14819633641797647,4.243265315751653,4.80440302612545,0.020166906303139297,0.014014452532207058,0.0005168181787406564,0.0145267306296479,-5.706047756509611e-05,71.67925952041989,1.8420241223185436,68.60556969966729,74.5208111746609,-0.22750928749975466,-8.729457420678582,2.961765911854986,-14.280355039925077,-4.638780167298569,-0.37082980279332717,0.027113332975016145,0.0018019330233991244,0.0287270471342641,-0.00018000149994916914
74.74912837122848,2.309431966987721,71.35243024410867,77.41082436267493,0.17065325022712804,1.4411578808294316,0.6479822057899253,0.4976567634582365,2.589090715010559,0.031009439297819723,0.010125895942154194,0.00023223746023636857,0.0103715252421073,2.4135778628669202e-05,Swing phase,129.71251713498577,3.247091751708724,121.88763492623096,133.2286942087796,0.22328936262672217,3.1167511383696453,2.163055934797602,-1.2344081958645536,5.731521164751346,-0.15368267342896344,0.016255947084973525,0.0008003013149602947,0.0168772178889343,-5.45835103032654e-05,71.0795632543327,4.982581542414672,62.304913942537226,81.63981604752192,0.7436500809609498,-24.993499222551627,12.118835310334747,-39.1399067382668,-3.085511356738456,1.3846793834750548,0.013932703439049537,0.001334397478747202,0.0149835435660737,-9.17249388133462e-05
76.85341521495329,1.144556603759915,75.7473660087409,80.24634463124113,0.1494001549226951,0.6800132294580936,1.515520168378637,-2.237196980469295,2.589090715010559,-0.10819837722993539,0.010216755488504672,9.878730679585124e-05,0.0103796883185076,4.221480697676875e-06,Swing phase,127.68101594889451,3.895763128009759,122.3573650853554,133.2286942087796,-0.4137455430343057,-0.3167762081478735,3.0204764293502016,-4.849514122657912,5.435158924161624,-0.39556434795459755,0.015244507248842822,0.00076628446581482,0.0168553083425813,-8.936795833933076e-05,81.88962710325993,8.026719683890416,70.73946478387319,94.20176802515104,0.9023962785106866,-3.4595186058044622,13.143041381893775,-26.307084637764003,14.771485431125658,1.5799450026496022,0.011899542284029247,0.001667118739351,0.0149479276148688,-0.0001880451570218423
91.64725221812608,3.862096172481279,84.62072469216095,97.69532946008454,0.5028694141509072,-3.0508703280699367,0.7433712584759365,-4.062851988074009,-1.151782871068747,-0.11196419680789468,0.01915517882098372,0.0022020316594113924,0.0212739866831002,7.512861931150382e-05,double-support landing phase,121.44086227360111,2.9337103962734914,115.3667149721856,124.901100253269,-0.3663748472532552,-0.3140510019304808,1.5064064007271578,-1.9979772073835864,2.559433602481359,0.1689010449519257,0.013789928819263374,0.0009250552527554057,0.0181471953637143,0.00016165370060551923,86.78969308428555,2.5198326939889975,81.72585311248332,89.75819301378006,-0.3089361500498745,9.742932586142938,2.4535487674175345,6.494790214998033,14.530625391238615,-0.3090705837015608,0.013404152351522647,0.0027521776121093157,0.0193122295956252,0.00036366939427920765
105.34619903305703,1.7171727382386655,102.02064646734397,107.76860427380336,0.22107530024843833,-4.3208095126136605,0.42885781163959874,-4.860756333881723,-3.528722705821476,0.05123206261770179,0.008262650536830193,0.0013696903490237524,0.0097268338074545,-5.133608149636536e-05,Single-leg support phase,99.98694291529036,3.3398705674756415,94.64229432394032,106.14710075507868,-0.44249255504378315,5.1999841822634245,0.3210297536251629,4.561951608232378,5.51776593294584,0.033092316605871606,0.015061593389951231,0.0023279038209357236,0.0171934141546024,-0.0001681385746961039,76.7763024204543,1.399723465232401,74.52010031271347,79.07299281312443,-0.17511125001580624,0.09741329799911945,2.3767416267900687,-3.615277117177165,3.9568720601049314,-0.2912365068185422,0.024931885663362317,0.003722968943106364,0.0298524357459563,0.00025637768219231155
107.39451097089467,0.8196548306916569,105.66366497571876,108.20108404642208,0.07373828007900912,-3.316600577175701,0.8121316729569243,-4.446222382343077,-1.818175523074076,0.10107872535650005,0.006830574771627773,0.0006213769031824924,0.0096368089994231,-0.00012271348393869615,Single-leg support phase,94.93941913784991,2.6752021825707115,91.33890504034837,99.66979792007716,-0.3204189569126459,5.4895094129571715,0.06168115294082831,5.387900551177462,5.617023698687149,0.008812428750372563,0.012222002299894504,0.001341194039380539,0.0171049158371831,-0.00023923429755153458,74.37583960004649,1.4257163893595426,71.88977738962072,76.6398975720046,-0.18269693009168775,-3.9148038907384484,2.3648042003453966,-8.237458560709047,-0.1303493160897134,-0.31181189402382053,0.028848008695495028,0.0015749639066783042,0.0298524357459563,0.00031256043014788837
105.47567420879201,3.442460360908357,97.5817733449246,108.20108404642208,-0.3958780425974464,-1.5143152712911354,1.4814900969920666,-3.465286821975181,1.482894341640799,0.19031466013907616,0.0063094018442857456,0.0003975713262555105,0.0069371104644849,-4.30236821236e-05,Single-leg support phase,91.39576224792225,1.4872072648699308,89.55516526388622,94.2625536850195,-0.17725798645933713,5.367092133854813,0.27436936844331017,4.672504902281343,5.617023698687149,-0.02864708312309559,0.016157530112461845,0.007526622658325376,0.0311153048547389,0.0004906147056715692,71.74105163348307,1.6750829501701936,68.91263974935599,74.34393176270753,-0.20889584666736682,-8.84649695014531,3.5195171490694053,-15.310696075487362,-3.868637219238383,-0.44007918677880686,0.02759454985266072,0.002915142692105366,0.0297272167052903,-0.00018907213833855007
70.9996538756375,4.554256436624732,66.38173421106616,78.39956508453292,0.4423957203460451,2.7805761478665496,0.5404724346914768,1.3606696492345252,3.2632358793769702,0.07297805696346145,0.005477576161484578,0.000625315500810537,0.0065115053608979,5.148913952616154e-05,Swing phase,136.87976849950036,3.3493066529416824,128.33800970428436,139.81468568259152,0.3342356490462471,4.731484822052352,2.619225920585379,-0.7234825558896675,7.831393719799879,-0.15923445429760344,0.01581220183701866,0.002638080055694196,0.0188068933142564,0.00016948314158379227,65.82571160170545,5.526015523751376,55.81790870833864,77.4496201632412,0.8319889021116371,-31.75694232764421,9.665805581053185,-43.707595584420986,-13.979309345485724,1.106272495233351,0.011469880130745524,0.0018811709280227586,0.0133498440054041,-0.00014006609966278461
76.75264153169698,2.8247477199138653,69.76103571545036,80.05866644165764,0.3960627202387413,3.1016051656168715,0.7285177068715666,0.8602740223299484,3.927103543309845,-0.08590097201964189,0.0091429218505846,0.0033834586756861028,0.0133727009014555,0.00023228707787190003,Swing phase,135.00094523342727,4.829823744581459,125.71466516768002,139.81468568259152,-0.5124066209263216,0.3797383821870268,3.823597718274077,-4.700141095379669,7.559847296657325,-0.471538015078346,0.013716020812904876,0.00028047571133562384,0.0145353128681913,-3.8855301946515364e-05,78.61254763905231,9.82633408815,65.01125490150822,94.42712354455055,1.1313795631939358,-12.155188154676132,13.051690767402345,-31.464486578681782,8.529158793576977,1.53821712970226,0.008736843399171407,0.0010182960907938743,0.009795200987427,-4.884055478048462e-05
91.96767868966555,4.523248327018642,83.92192447701485,98.62072252544507,0.5653383864780854,-0.8602055394558061,1.097648561405701,-2.0176567037005286,1.5440203601886493,-0.13508557391226966,0.02080767125421642,0.000477511013988375,0.0212737068909693,-4.7398196089926925e-05,double-support landing phase,122.39081480641129,2.4223763625207813,117.02374117025644,124.8961911366699,-0.28103268917578544,-1.898969086868218,1.370142546273698,-4.831808015275061,0.623209242761248,0.20980835607831955,0.014399711318641635,0.000911836175376727,0.0155426218563897,-0.00010102268433826537,90.28472351908319,2.6756971523431385,85.17941516710363,94.4542653549394,-0.3567250072244526,7.032094004746403,3.089310495754613,3.4551888442975653,12.987704218763284,-0.36663520671022,0.018488363137629228,0.007292891662259958,0.031718099416392,0.0008533763430401654
106.62321328522171,1.7398589105124846,103.45202642942732,109.13381271731384,0.2185302418417894,-1.829643547478768,0.444560956112783,-2.338251015067244,-1.0323530467587343,0.05022684493494268,0.006151936399648232,0.001232739671784957,0.0077281799161164,-9.707595271221152e-05,Single-leg support phase,100.33000058994381,3.774673975336487,94.4264217985607,107.19382459192312,-0.49105395359086235,3.2933726307492273,0.3445664667088688,2.738648774015174,3.710213590083628,0.037367877541094385,0.004786652561231461,0.0006816257852568095,0.0056528018793136,-5.2256260418623056e-05,80.33065077434111,1.4095883920247658,77.88310850279977,82.42421942690513,-0.17465811246559054,-2.453196998270473,2.162813671353231,-5.851194716148226,0.8669043838238285,-0.2583884269220021,0.03301657924608534,0.00035910929923828046,0.0334344383364037,-2.6625194412246125e-05
108.84935126803079,0.9288650580720236,106.95496039519098,109.80490063166002,0.10076020328939596,-0.8275734880242903,0.7963453822338336,-1.9781483083154687,0.8474555416371927,0.10867707115202543,0.00476920746835275,0.00043687011042773104,0.0052046649447064,-3.1452791444573096e-05,Single-leg support phase,94.6756293064283,2.956065568430118,90.72864388684349,99.89967358129768,-0.3527319113251612,3.790157664370024,0.2239227534562868,3.3859512875113995,4.233704495720591,0.03260589262343045,0.004558078275045684,0.0002875355445331893,0.0049251046981777,2.209750077180767e-05,77.8036524661742,1.553746566529444,75.23852095091722,80.37533630815082,-0.1975698214320616,-6.164793239462274,2.205741791310879,-10.213061217724148,-2.485852778426364,-0.29720032458837625,0.03170767489759399,0.0011282471259457293,0.0329141889783694,-8.742347114815394e-05
107.4349419315644,3.2417471088471825,99.24880068731466,109.80490063166002,-0.3849314905112433,1.004612084943403,1.463476502881425,-0.9660563324968324,3.826829343209473,0.18434175675793482,0.004310209397495593,4.965907764016669e-05,0.0043669912366744,1.304848806761538e-06,Single-leg support phase,90.68788203154571,1.7620815115727952,88.26604047078195,94.0294827522668,-0.2216708569801868,3.8821384379346586,0.3588998596268824,2.9440076345548927,4.276722896856437,-0.030546395790827612,0.008319996601768392,0.004594216040289435,0.0170496937860942,0.00031694304728317307,75.11026180244491,1.614743146882289,72.3853183093249,77.68121136800853,-0.20368819456475507,-11.038378353532721,3.5906861485792794,-17.600104173946807,-6.097079428123426,-0.44242402868551467,0.029530794999788064,0.001391687451302442,0.0306538494560462,-0.00010447366792003855
72.45334455045587,3.4553307599572456,67.54625395466816,77.81572212851103,0.3949795451478026,2.585915673952637,1.0753875816872722,0.441187082527637,3.638943807126246,0.09860954651821288,0.006009804806156932,0.0008706929199200885,0.0084032320767976,7.881500350394614e-05,Swing phase,135.81008248865905,2.8021370615506362,128.64321295866748,138.8957730274612,0.20978949887851592,3.120878211726251,3.2215000458213017,-3.731921130144824,6.608178320549286,-0.27669111839303573,0.013765181715340975,0.0006169676937743429,0.0145054749084448,-3.4900607994769215e-06,71.99198880272318,6.309249826876177,60.859667563364205,84.81213400802073,0.9212487094098665,-28.612557581576784,11.156005751515405,-43.151089920538254,-8.44428784722274,1.3248490215890905,0.010511992452157958,0.0010970928931187678,0.0111754588112012,-0.00012659543076362693
77.67159773979952,2.5814140502013423,73.34883997626905,82.50970438116184,0.35234093864972277,2.4213086731383084,1.1762603779856897,0.4102289206910247,3.638943807126246,-0.10895481873422906,0.007084708219254576,0.0012551525108547767,0.0084032320767976,9.650998655926921e-05,Swing phase,133.72306056694123,3.532704260919462,127.54394342222876,138.8957730274612,-0.43660883097047787,-2.8123010797657377,4.752295756768257,-9.156883853018645,6.0658004445824085,-0.5854878576000405,0.013914028963263863,0.0006018825922041422,0.0145054749084448,4.844924084485003e-05,84.9482631897213,9.1694153922027,70.63534579537131,98.20803464050412,1.0604880325051083,-8.11290561154017,12.658444641358608,-28.371803359800577,9.805251062066176,1.4683482469948752,0.008972203311167746,0.0014169027269425797,0.0107343375509026,-0.00010735798421796151
92.40467677442078,3.4815022374308606,85.9755789987154,98.4865691731572,0.4811919297862231,1.2315665620688452,0.46331638241506046,0.5009215347654192,2.2433893944322256,-0.048241703176962684,0.01884750592782928,0.004728030078239169,0.025166626054949,0.0005230739803399577,double-support landing phase,121.84549048299138,2.6711992926326174,117.0241276705932,125.99014804709292,-0.3448469375576813,-4.421085450569058,1.0984700197152062,-6.052917870535869,-2.45241082847976,0.1031180563012346,0.014052369425809877,0.000467963325343467,0.0154135628914355,-6.948580916503079e-05,92.8411092151336,2.6167367532480257,88.15886128661548,96.60425217478796,-0.3248227264681724,3.5127093435624794,2.705395584445832,0.5176734962205999,9.297681938119792,-0.3376926323807382,0.01358943126750656,0.0018382297546176883,0.0154783525324467,0.00030623699626933844
107.10591491857767,1.9966255831372677,103.56687701072325,109.8020441001876,0.2398141188255521,0.8380851026571919,0.4260385379781605,0.5125709187436766,1.844192498831332,0.047017504030485296,0.012703795290940801,0.005498684268401402,0.0217329545257805,-0.0006342985363168809,Single-leg support phase,101.45657784018938,4.167887680069441,95.37116004186768,109.13417659534122,-0.5293467905182129,-1.2876878899003412,0.6532373863253846,-2.047884064979724,0.0883786374390748,0.05660184966592889,0.004853379291640946,0.000699012350433026,0.0061047035676323,-6.90765091324577e-05,81.57762290357572,1.5050765052538957,79.23424929591327,84.16570196569961,-0.1896712565302438,-5.448624524315254,1.9141724632475459,-8.619951698747645,-2.5819704641575285,-0.23223004748423526,0.0172168217717796,0.002562878797286256,0.0235059045874358,0.00024408889282016537
109.56371749610278,0.9209219573823587,107.56124828138071,110.55769759806174,0.10588347950085418,1.7527723542720752,0.7933470153413692,0.5196112632728441,2.96337413402661,0.09399087964437561,0.007359052248498404,0.0030941169199815138,0.0116034714551474,-0.0002710699580790577,Single-leg support phase,95.3675370519199,3.0034726799484224,91.26563673493784,100.44181990790764,-0.3529301220373,-0.06676148716771658,0.9911353582306647,-1.8760246499678923,1.3018600958056772,0.12222633637590653,0.004365159845357757,0.0001779617427478646,0.0045756186916585,-2.1983952170149976e-05,79.14719885401165,1.378242845428932,76.92812632065923,81.39975164763898,-0.17198558949922108,-8.715039638948207,1.9718613381645174,-12.095097256379956,-5.28053104429003,-0.26209870046499717,0.020109145094666356,0.0030996059359465426,0.0235059045874358,0.00016930423185351548
107.71564257419124,3.924632777470503,97.88890875649004,110.55769759806174,-0.46258615318910373,3.1059772841472015,0.9671501400819064,1.908764632022725,5.284041914541017,0.12981835701993433,0.004893452203523538,0.0003984671148485217,0.0053923655390659,-2.04367949519077e-05,Single-leg support phase,91.43820293079537,1.6417897732760829,89.14415391786949,94.89083992220256,-0.2210263847820412,1.08678910376016,0.44422849447571955,0.1982056789497896,1.6316759352526808,0.029154487729468416,0.004161830158082677,0.0001695578212502009,0.0044597199105129,5.703684046861554e-06,76.77095929496669,1.4476753711820145,74.22916350465975,79.06342948625463,-0.18593330698441854,-12.880297976828196,3.038129184382345,-18.802309386194068,-8.846572469808883,-0.3829129583225071,0.020865012144946182,0.0018224653393675704,0.0225280089442936,-0.0002611460564967038
76.87656900211127,3.3528778493310023,70.92739760241417,81.504568411273,0.40681426187918557,1.939231723745053,0.8110148350278829,0.2422161617779165,2.7645575533223234,-0.045940367722711276,0.007027589071291958,0.0031693729755748043,0.0128772432301956,0.0002272574664128423,Swing phase,134.9266749631219,2.0990422758807643,130.54946241963935,137.55006874952832,-0.03916838753178153,-1.5744629152953051,3.8293480160976863,-7.425897631076911,2.834515280171819,-0.3946312658172589,0.012873241773387473,0.0007812999028285609,0.0136454232393175,4.584680627448077e-05,76.22340418070395,6.6277891684235595,66.78597694103426,87.90061241188187,0.8121013642633693,-22.041226013865586,12.442820175617333,-40.6073404104792,-0.6758262748662893,1.5358274667543428,0.006316398993641363,0.0005851315060109312,0.0069626454447504,-5.658657138463845e-05
81.51733345553187,2.282505625387721,77.60763281514666,84.67397973304377,0.25440901306103025,0.42036606994558795,1.4277556989294864,-1.4782907378299133,2.7645575533223234,-0.11806386207658587,0.01111892835233919,0.003935033695034788,0.0176164900056624,0.00045597365400964227,Swing phase,130.39323902293128,4.3035019858985875,124.55802152744874,136.58526402577667,-0.4625862499356893,-6.396542472928084,2.1492946299853424,-8.082110488550285,-0.785009657060085,-0.2581120126255373,0.012904052886913467,0.0003404716572877736,0.0134517941065385,-1.2810580930619233e-05,87.04867482916212,6.208913026449358,75.37697109167199,95.48521050023842,0.7733938234064013,-1.891485548007992,11.261067681814062,-21.961408997534864,11.779546141663396,1.2977290438153177,0.005821787285273539,0.00046222728297499186,0.0064745631232816,-1.0434856716015407e-05
105.92205370102518,1.7951802225028386,102.62897866505666,108.7650357454363,0.23600219539921652,-3.389187920999654,0.312974443748461,-3.7954843604970936,-2.6743278773514763,0.017004401445537037,0.008708287705731092,0.003111880402200108,0.0178696281235662,-0.0004668016852367154,Single-leg support phase,104.40988032215219,4.856344221226925,97.52958242267316,112.3641275911684,-0.5705594295575092,1.4578948734192907,0.5592231266199056,-0.0767434952846443,1.836327480572865,0.0680211897377807,0.004969769931334123,0.0012882271062455279,0.0103041639632339,-0.00024070771575364618,78.93361854700333,1.1383410360632353,77.0876376873691,81.01780735237038,-0.15116037173081873,-3.5071259711932044,1.8949250404641822,-6.525027824297732,-0.3619086013534249,-0.2370430470363195,0.02600655328898663,0.0021819512068849845,0.0280649041140958,-0.00010321025436051537
108.76765444812096,1.5309354953481755,106.23242939880087,110.6660315985438,0.17052316152857389,-2.6827974260389342,0.7956760882093784,-3.7954843604970936,-1.7325303328021555,0.06902347644085623,0.005726850145742069,0.001516508376251026,0.010630922938422,-0.00022610084900223464,Single-leg support phase,97.86297956855803,2.8504645382448204,93.93113531072748,103.6930991356058,-0.3754601471107047,2.037002521205916,0.40036238317927947,1.6660333962866984,2.910857308707427,0.041328070312867775,0.004223907786515607,0.0003787887221896301,0.0054390612476919,-4.429430921444616e-05,76.86589817341084,1.3303114805909682,74.48642293714465,78.80583029926066,-0.1661310523890773,-6.504536992187644,1.7070799162992987,-9.36730514168478,-3.5568129444728465,-0.2234804691235359,0.023897281361284824,0.0011739714290549038,0.0278183460774963,-0.00016486624441515373
110.17096755096063,0.7096031747114299,108.14562771047976,110.84635506437876,-0.03416154746083486,-1.4951784678349493,0.6940231571687294,-2.4930351666292223,0.2257855655265024,0.10457002815983556,0.0049705407107455924,0.0003811264101118189,0.0057327843074116,-3.2428445462946155e-05,Single-leg support phase,93.67634091182988,2.1805116220972898,90.2804172827368,97.21488001344257,-0.26671010502714465,2.5214790850172437,0.38233714901581217,1.7381818959766555,2.9861669500932555,0.02414551068014246,0.004230842461518354,9.547867167983848e-05,0.0043259399171195,7.376614290330786e-06,74.39401930342471,1.5979651572719444,71.61004293223196,76.9155809377615,-0.20405915405882852,-10.017239416300432,2.4945548636690553,-14.665798691745383,-6.703618075939303,-0.3062377159925415,0.022955617790519574,0.0010432902926562314,0.0236908851082392,-8.651884685101163e-05
75.60543979627944,1.7537341923167968,73.89117796656564,78.43037041887555,0.14182743831516723,-0.22669896818222182,0.35996464386880345,-0.6909512159080622,0.7243417169783307,0.05443434357255358,0.004736631938024784,1.2186933017484626e-05,0.0047657012619967,1.128018890103837e-06,Swing phase,128.24368410038397,5.303305001196723,117.16355662966345,133.1518971381273,0.5492284160467842,3.1138310422879565,0.7479617972132921,1.967790585792796,4.348142646160127,-0.011943123933737771,0.010122011622246883,0.0011301701044809601,0.011723110995028,8.472184726279232e-05,68.01595317047203,5.840844620963264,57.773815699584894,76.90395276360245,0.7357745024622135,-33.72306621316845,8.1214487534053,-40.71986709770661,-16.0132099640855,0.9056291545804993,0.017409803731543685,0.0011623733666582454,0.019056905177812,8.157340711073067e-05
77.15657096047094,0.9748953747848835,74.84885576888965,78.43037041887555,0.0786000050220881,0.4851708863877692,0.6048751150553116,-0.330847747906912,1.4138335284868675,-0.0034704391587126885,0.006631217303808242,0.002240062784527657,0.0097522472594752,0.00016597197753646538,Swing phase,130.40600119372203,2.466327723676524,125.73262220224277,133.1518971381273,-0.21502340346186946,0.8846462821344304,3.0359419371318355,-3.361132995128369,4.348142646160127,-0.26805023848796206,0.011192811072405173,0.000713334041973461,0.011723110995028,8.170156109010386e-05,78.94941455221033,6.929987581547032,70.911509165016,90.51142243609864,0.7538428181185631,-15.17821474985203,14.331604755896487,-37.4644428414665,7.6472698021589105,1.7350658709086697,0.016926615571388616,0.0018763325919822081,0.019056905177812,-5.2161972311830765e-05
89.33658965563487,4.243487754691843,83.63484789592928,95.2489911956337,0.4211441711539167,-2.3516146001578826,1.354697416043306,-3.615529805768787,-0.0871963313218804,-0.11402582719533041,0.01654444653939275,0.0032726867858533927,0.0189894372547633,0.0003124805185627116,double-support landing phase,124.26512281142563,2.0736737027425844,120.85642202401364,126.8362413240329,-0.15910666803476387,-3.7516336729404336,1.679454278110412,-7.100099705169893,-1.2243099202754768,0.16868334871233076,0.01041819504586137,0.0008989548033576332,0.0121797353465872,8.44452778122077e-05,89.56572297355085,2.003564206852527,85.92247476799241,93.9111807846495,-0.30725792371758043,7.057371141530502,3.343269914796819,2.7554883474855822,13.934444494588003,-0.4299598518116316,0.012581106843797882,0.0033046722165388847,0.0179137067473151,0.0003575238855673769
104.88136450950968,1.7711233936712938,101.8087572041866,107.72497375114828,0.22754679026775684,-3.975024215767107,0.1377533829528555,-4.072279058623906,-3.5394260554892822,0.018876347037423698,0.010730937747461342,0.0049957585973496475,0.0165420014689486,-0.0003756536278578346,Single-leg support phase,104.73728980610078,4.680769727416365,97.72533689856542,112.37599988154092,-0.5634870378067501,1.6489283985963985,0.36014145100794753,0.7619926370205974,1.933911266515503,0.04507379344211175,0.007848808710856739,0.0005531884471341309,0.0084942557194486,-3.9802131511338484e-05,79.60669661952927,1.0756817292239191,77.94191170239657,81.43165323966748,-0.1342208283565737,-1.7709082825261808,1.6378322791932156,-4.580044392077878,0.4812546477589735,-0.19466534768603275,0.022099371835917418,0.000392016689638305,0.0226714717792365,-3.445724388408469e-05
107.79315643625279,1.6540831346307285,104.97543700340576,110.22859443137544,0.20204451646037241,-3.3973265537551383,0.5814787597015876,-4.072279058623906,-2.5618518160537955,0.0580724926860935,0.005827348577662701,0.0009373596991272156,0.0067338730730051,-5.948957926231924e-05,Single-leg support phase,98.2548562488074,3.0035189267757545,94.26730958533828,104.42959785577334,-0.3908572411705791,2.1367403745294635,0.3477463847323758,1.834814443755946,2.88949688337859,0.03758428688424235,0.00591109387972387,0.0016694716158803884,0.007448816254485,-0.00012253306517784232,77.87348603760378,0.9631932040015674,76.2736232060267,79.46883691467204,-0.12289283494789771,-4.586428775673886,1.648062434789643,-7.239978850256394,-1.874206912036572,-0.20637584377768547,0.02145458109334116,0.0003671704349850307,0.0218002821576003,-2.7282479209780833e-05
109.94898107517149,0.9323320836615712,107.94609103486458,110.87105146590962,0.1066616581159017,-2.2318552986300926,0.8239053617272761,-3.425481003978296,-0.4466102667195994,0.11457195143302679,0.004903710543882043,0.0003698520527790744,0.0066868690064729,-7.193505208197309e-05,Single-leg support phase,94.07182930321845,2.055642891369101,90.6669373061627,97.40127473452132,-0.2590129780137934,2.727067303246613,0.3946812170488263,1.975218275990992,3.086125563344813,0.041076238112528224,0.004247246427820258,0.0006446088085685776,0.0073620332623281,-0.00012600085284518843,76.10800688362387,1.1298955759815246,74.07669176990139,77.81810915864585,-0.1439006687978641,-7.594984111326813,1.9399738646305462,-11.310335842302996,-4.790997615716255,-0.2507437779456439,0.02085132472831062,0.00034856015401385065,0.0217755834382503,-4.794081268418069e-05
108.76682237767207,2.992901246708398,100.93511817643034,110.87105146590962,-0.3614286075776346,-0.06100170675336752,1.7876320481863561,-2.4880685963925715,3.1499646539669874,0.21684743270613688,0.004775738000315146,6.441718114861213e-05,0.0048857197226523,-7.231419344892315e-06,Single-leg support phase,90.79991202539196,1.7906984358482279,88.61198857325877,94.0070281009335,-0.20625674112619663,2.915875000585039,0.20746791118916824,2.377574566181915,3.086125563344813,-0.02211037324817374,0.004023246852565108,0.00010389172788665874,0.0042229123336019,-1.237562936041923e-05,74.0132568204364,1.3383335218591994,71.83636839244102,76.13382142566073,-0.16528665512383503,-11.80051356361442,3.062216897637245,-17.297084290555787,-7.457582146765299,-0.378442390145788,0.019906631446567933,0.000871716288039282,0.021084089543415,-8.370100920275393e-05
77.98329275559286,1.6278716383654381,74.73123909222457,79.77497120580321,0.14863659295056827,-0.7336857768889243,0.4528943483758411,-1.2684027531876645,0.0305214332743254,0.010650033908704469,0.00512580839285278,0.0006594572098005872,0.0081819779111162,0.00013153775957415768,Swing phase,131.33376573555827,2.6078067280389097,126.19598358584352,134.27058488047422,-0.07135290299140379,0.06096967476641719,2.3145416554956513,-4.64002224421507,2.175880929405293,-0.24904796184001135,0.012489282748445567,0.00048706956969472143,0.0130004490918675,-7.088376561273462e-05,73.16988219343749,6.516656937120426,61.009886498131,85.99921940386513,0.9611281886820817,-29.71081998061695,11.043580841930394,-43.15005580965848,-9.034643567880789,1.30775845417952,0.006021468848532592,0.000135115550278443,0.0061798945390436,-1.1349581153838436e-05
79.53513104546776,1.045997589707637,78.44125519865469,81.90905297207765,0.08690335271222803,-1.0660875297110144,0.8747943390996477,-2.5305139567647577,0.0305214332743254,-0.046113626391036014,0.006583127323962547,0.0013291279472975501,0.0081819779111162,9.73786478997e-05,Swing phase,126.90889164691288,4.358565043428708,121.2342870332214,134.27058488047422,-0.5013960710481851,-4.078679069878958,3.0371956727621674,-8.630527248837685,1.066327231724198,-0.37295594156007245,0.011729530869468183,0.0004613426970434638,0.0122252771961501,-3.292161229560383e-05,84.67257023093872,7.580791802378711,71.97109216160544,94.99775406360683,0.885640842384669,-9.128390366524545,13.069431609187529,-30.581522356701782,9.089943374575393,1.5258256050491221,0.005884988376198945,3.0271323083487195e-05,0.0059185914522771,-2.3112096470884844e-06
91.6216279042321,3.6778448489482503,85.71729591470266,98.03513330846424,0.47376297668313766,-1.096763465586991,0.4553987194231391,-1.836852157250684,-0.145949486596723,0.05755497693766218,0.015931331347764803,0.0016736000914028884,0.0175132688957748,0.00012971980477459227,double-support landing phase,120.06039123135707,2.5250336139633376,114.99709324992794,122.64119648186428,-0.29400397045909005,-7.321255171821461,1.2840034928433828,-8.846038491135909,-5.51342802909428,0.09517904891671437,0.014878350356109656,0.0004635595429250193,0.0154057759851906,5.9150404766038066e-06,89.22542600388587,2.9986049908662262,84.69886712875082,93.5792159902833,-0.34155187928971087,1.210206119377162,2.4785133893666287,-1.8039484571856403,6.993410672257924,-0.33835996651706013,0.01870847014519045,0.0057052649523411745,0.0284604483122826,0.0007676553091853577
105.31115143204157,1.0978946700695795,103.23387746521104,106.685149724099,0.13274124072646032,1.1175367987305962,0.7818224722490646,0.1901196686937902,2.368656645133817,0.07829462984843906,0.007213282688168147,0.0033987101777632088,0.0122509467400925,-0.00029456147055574616,Single-leg support phase,99.78367725993888,3.9606930967984004,94.5493230779554,106.9455106760664,-0.47677644608119224,-3.4471545753412025,0.6007689424760031,-4.103093418892953,-2.156829275176438,0.07397758797925319,0.005428681205241001,0.0019850807701193617,0.0083666851397252,-0.00015335629019203463,81.353127504752,0.7734006109869178,80.04989608834215,82.61990207703357,-0.09884638418043924,-5.71025330061957,0.9217445422711583,-7.300991312686886,-4.236739671472722,-0.11785583235439093,0.023326268566275336,0.001952833442629229,0.0262156560465866,-0.0001640958525491961
106.33153958672531,0.3216856443744116,105.642470992305,106.70381133619745,0.006905745780957117,2.4252930263898214,0.7798619718308305,1.102883538851004,3.848490845231809,0.10560028101464634,0.004858001081716746,0.00031654996394397115,0.0051976043357416,-4.573741642983848e-05,Single-leg support phase,94.7544892128557,2.024034299061808,91.86566327998152,98.89029638688906,-0.2701781964195209,-2.1651406020571615,0.903322367294133,-3.5471965141785144,-1.0184887219598449,0.09725799200841037,0.0042649247595352106,8.286130763924853e-05,0.0043794215947323,-7.923310483942334e-06,80.01856194940773,0.8035016732195585,78.61474403628642,81.30221290648032,-0.10336418731514986,-7.689818873506156,1.450912359907557,-10.659283273292196,-5.859839286451535,-0.18459399949387156,0.022008638073315163,0.0002247771907523309,0.0221730135586204,-4.3138871413169175e-05
103.95354966023423,3.4406323445768194,95.48930561169443,106.70381133619745,-0.4313271432501159,3.9179416395128897,1.0596806041399556,2.4219536312750467,6.067843727687088,0.1402265421696939,0.0043393442814667615,0.00031754982375049943,0.0046813188837758,-2.295563934553076e-05,Single-leg support phase,91.94378284556977,1.3400392410407478,90.34420070056434,94.33011471560648,-0.14429371245348932,-1.3705692241823995,0.3214993296278414,-1.9992073499960057,-1.0131527799005222,0.0015526662291166847,0.004170307927608554,0.00014322834440451756,0.0043354867651516,-1.101275209201922e-05,78.45941568325769,1.0255778109232168,76.63803123082721,79.94311288107481,-0.12711852500952311,-11.218431940467788,2.7572028640308397,-16.4110078601993,-7.484419125029508,-0.343330335968069,0.021515066077612402,0.00041926537648808343,0.0219752965475679,-3.157060599274997e-05
76.41820737892732,1.6643547683666124,72.7671268333988,77.9928079377952,0.15695335031870228,1.2379612988059623,0.5381689550364824,0.5830959464918009,2.1913484148119444,0.05566178249828073,0.006693911915417943,0.00021421228590122918,0.0071971419305489,1.9850296461726937e-05,Swing phase,131.54457507936232,2.922119661572527,125.37936030978116,134.7900994848324,-0.17791681628666056,-4.03223238354347,2.1678838580143363,-8.257931876295475,-1.4591842490189209,-0.2614902933567905,0.01266577595187834,0.0007268165504171433,0.013177407510251,1.5674250509080737e-05,75.75904866354787,5.701335405082938,64.03080022712986,86.94338910494584,0.8812534183775376,-23.665542693676457,10.806497586839418,-37.03416809824951,-4.328816112888914,1.2560140025313777,0.007327348250654038,0.00127142509559044,0.0085922409976758,-0.00013747373153253847
77.57389584803674,0.7956638716520491,76.83839185294104,79.77264402851121,0.06845523425830781,0.7963904059863396,1.1080459776042542,-1.1912101615726367,2.1913484148119444,-0.06824254261786299,0.007063127651163867,0.0005543694059643137,0.0087835743150325,8.409738230636157e-05,Swing phase,126.32680558317952,4.2178673704356315,121.47545161178728,134.27455528527366,-0.49227321821101483,-7.754184445828401,2.8181479890528953,-12.013025802075935,-2.5431267262706188,-0.36422688753097365,0.011823562607040101,0.0015264814169277969,0.0131362084906269,-0.00023186552877038074,86.5526393290432,7.705774458263955,75.45960113327251,97.4874861959434,0.847226348564265,-5.269206474392618,10.621027826020173,-24.19240007590728,8.470031669588742,1.2562473748267702,0.0058373244208505155,0.001356874696992972,0.007841174847987,-0.00011436515690536151
88.74801638649515,3.6060147340091455,82.34376130962231,94.55417784884337,0.4696314053546561,-0.8746573616373282,0.6135703012406655,-1.7996037062494907,0.3465588746921675,-0.03526148600963061,0.017403916889976095,0.0034835538623372475,0.0215925740563382,0.00022201273073730378,double-support landing phase,117.64459028376321,1.869768748266701,114.83238235461316,121.39619593334471,-0.2524543684127521,-9.480222530542203,1.2603182142285816,-10.851001874176555,-6.467192975634369,0.16860803455931486,0.010462765726136893,0.0015047358908992945,0.012409469344463,0.00010384622265958467,91.26448560691372,3.0401180948968465,85.74305181866656,95.88067914799768,-0.3899087434358125,4.203658407598019,2.690696895533349,0.3348460415350215,9.646271461767906,-0.35813174693203403,0.0163070308626804,0.007634747922326358,0.0257099475701359,0.0005251303197049923
102.70399644194208,1.6806819486299436,100.2651520591051,105.6740507808431,0.20803456622069222,-0.017925173596484833,0.17056572693096517,-0.2449969725120621,0.2853058447514681,0.017580717599554072,0.010356933247710183,0.004267581775857878,0.0192696585013139,-0.0005211318468732307,Single-leg support phase,99.15086061093913,4.402775594391292,93.53168393686973,106.64993856430186,-0.504548254901236,-5.210309486387674,0.29491234450737047,-5.707522211400927,-4.479401363899979,0.04723541721157493,0.008272159472563908,0.002410101980940864,0.0108105485408583,-0.0002472970972824269,80.86691857988674,0.815631914744899,79.46182792393782,82.25845016946633,-0.10756239405878887,-3.0238614983177756,1.1257636173427905,-4.992524849301314,-1.2091457785605637,-0.145514579643875,0.03237623617507087,0.002467379388046633,0.0343900939327377,-0.00015711404516289613
105.57724462924185,1.698851669370127,102.55758194985984,107.83644662088936,0.20303325657805862,0.2563386265687896,0.15612605456510448,-0.0097283412562238,0.4349216667205604,0.01710192338372247,0.006854892187256273,0.0020474622737286204,0.0102109843940651,-0.00018143319798311918,Single-leg support phase,93.80774187952049,1.966708815080329,90.69141044712312,98.15491375969606,-0.2870578197143438,-4.111965607134897,1.2384506164284301,-5.529269364816747,-2.170845848477442,0.12747295273740905,0.005615631117971911,0.0022436892201904237,0.0092559298438284,-0.00018825910509046544,79.25459361579101,1.101013106455135,77.29018676276098,80.8695379737383,-0.13766735426835852,-5.262991272716642,1.5781235998728373,-8.208208912855916,-2.9470077252546525,-0.20235389183081784,0.029588445653837978,0.0026951865567610396,0.0338856871337618,-0.0002483656400360116
107.54323524705615,0.6989870478452616,105.9081275838349,108.24988308123676,0.06673233097906242,0.6734211910243084,0.4436035364166059,0.3037148134415533,1.7560178639510058,0.055857809634978946,0.0054792160291109926,0.00025860392360347315,0.0057355147920665,-2.8174879216003857e-05,Single-leg support phase,90.29892195828417,2.2455524749705837,86.98492976354426,93.37312921542696,-0.24569997891856532,-2.587868210726278,0.6824612303709988,-4.273366933243554,-1.8454736224474888,0.0933805119536948,0.004397711365618192,6.750483225940077e-05,0.0045706231191354,5.087052041019237e-06,77.1419084392222,1.3976026286377436,74.79083110071342,79.32081931874549,-0.17423031607815667,-8.479139593769402,2.216703070699961,-12.173904358553164,-5.163211526317848,-0.2696420320090506,0.026931203769066693,0.002002163873203833,0.0285036295663953,-0.00021877804855414615
105.2971612407558,3.8384958163144454,96.2049253485773,108.24988308123676,-0.4499386161601869,1.8313092519052188,1.095564116102374,0.4455806125137173,4.016484226824162,0.1373424467042479,0.0051852571217947665,0.0002456522032752393,0.0054943058327515,-2.0389837472577126e-06,Single-leg support phase,87.50035212941,1.1413580057562607,86.5628733931841,90.30526894430716,-0.13618197690705358,-1.6753990497049172,0.5144004516224081,-2.256098936002467,-0.9984722287171156,0.04048543602850663,0.00463298488339622,0.0008191999543399433,0.0086274033177086,0.00016408500793201153,74.70894157762413,1.4766579120517738,72.24460137910833,77.12262929118374,-0.18761645815674655,-12.56573665162136,2.627507726791874,-17.582228977718213,-8.527579526554373,-0.34825574812168614,0.023724522618081053,0.004189284308475142,0.0274227281138292,-0.0008126648075177884
72.66726787896752,1.8851880078057845,69.52071020378456,74.71581381233834,0.16143054976240462,2.856245936742587,0.9128828278950878,1.7458654183843387,4.278420472202637,0.08905112612491234,0.0056846828610897385,0.00022525567535914835,0.0061499279466395,-2.6985860970819215e-05,Swing phase,129.7682334516471,2.29399468203242,125.42607724594426,132.48074546287162,-0.029712292147254862,-2.6627306620645754,0.9959188287014739,-4.806653726383376,-1.3543772517286825,-0.10438818636638186,0.010267580476838154,0.001419845759022872,0.0133655249341831,-0.0001244287786524077,70.6535357507418,7.9303398835721355,55.848665981506926,83.63975288554222,1.0688879578475114,-26.240296228474218,10.100425002619009,-37.73136293893605,-6.104220735923975,1.21227505402187,0.006483477164654485,0.00023709737343802407,0.0067084440225645,2.7155795779630786e-05
74.08262201857309,0.8794151564170903,72.74339529402646,76.17776666388264,0.09094030654598183,2.4272729026176445,1.8038259733218585,-0.8993121270959618,4.278420472202637,-0.127633934541156,0.006005830661397838,0.001035067874582943,0.0082665559002506,8.511031973423077e-05,Swing phase,125.32063493614686,4.502755858896768,118.35837589160134,132.22495451439647,-0.533329947030582,-4.656361868975071,2.2365891648215754,-8.733313594082846,-1.3543772517286825,-0.28308085955442697,0.010201614663463575,0.00043941775231327965,0.0110467481486567,4.538893718387308e-05,83.98547039554501,7.844812356189059,71.81969020045999,96.24539676805944,0.9394502525999788,-6.20338932985777,13.530340600727085,-28.083115808681555,12.173057177424504,1.5483143456194637,0.006715093362081158,0.00018497589183244653,0.0071123351007671,1.9660482080965396e-05
86.71676046505621,4.257472752776245,80.3078755785463,94.46774122284636,0.5446102170884637,0.34864210665006684,0.45572154242521357,-0.3097950896644954,1.564413093418718,-0.07208493011858513,0.01975456779852493,0.0034827073733601703,0.0235907610100425,0.00025929169239868074,double-support landing phase,120.09417754663085,2.2734736373504827,115.29360685237772,122.3040981487974,-0.25725471877442135,-4.860612358535293,1.2391936099888503,-6.147255585553251,-2.4741847047936782,0.11746476923385155,0.01545304101938377,0.0006125827269060591,0.0161669743527776,4.0945275738499974e-05,87.6001217884834,3.0308411181243047,82.55697111885226,91.66513861371703,-0.3503141344178759,3.70759466092731,2.7518317258971363,0.0550360405702055,9.190093552134812,-0.3513483658294079,0.010871801087455484,0.0014401663651134515,0.0126785962598103,0.00011180901678987696
104.1676366729216,1.6241765284325254,101.34444211256933,106.66697435969684,0.20471277873567353,-0.3412724366628873,0.4802434993222036,-0.9077259076069164,0.5138098228679565,0.03101636673315651,0.009101893905618743,0.004638287012727962,0.021125598775677,-0.0006078228315232731,Single-leg support phase,97.31935922053721,5.0848014959350945,91.0647134653836,106.7866946004062,-0.6046915821162534,-1.0704555419415587,0.46510069594982817,-1.4985837017535757,0.1273047758254406,0.04881387936152147,0.006599968158285211,0.0018887452005383915,0.0100745108223712,-0.00023070541613635004,78.04679160867873,0.9011635441484993,76.40268054386581,79.45673291407059,-0.11746355270018355,-4.0620171014657975,0.8492969864034028,-5.5216405208684,-2.5340315109813134,-0.11490803884181101,0.02448829806297071,0.00209104836101736,0.0280934389758713,0.00022952000667353847
106.26657007918298,0.9167196377082163,104.27822991293016,107.08291148960534,0.09747334181448017,0.41947348026990916,0.5516450184014843,-0.6478938956895021,1.4443472367561907,0.08047081278637279,0.005954908517327808,0.0016222895323530111,0.0088653605500054,-0.00015589220688037305,Single-leg support phase,91.11666145364218,2.348646301671475,87.49796860096302,95.8593840685326,-0.3215929025988302,0.09685047554093383,1.0161578501564708,-1.4497794615157729,1.2919478310543502,0.09982571725117675,0.004686623339595531,0.00138940191806066,0.0071936445503081,-0.00012820286211503464,76.148840280219,1.3398562940354648,73.73298432983356,78.04718763484361,-0.1659308963465405,-6.148436364136204,1.6931447225857303,-9.84946311530095,-4.178225839026251,-0.21812451062594992,0.026414346424528164,0.0016133139365476763,0.0280934389758713,0.00012461374145976528
105.06027344761445,2.7423699489810116,98.56231248600994,107.08291148960534,-0.3162559072577075,1.5220363520273472,0.8884816996650066,0.5131368245606919,3.4472028434906585,0.11274060513643433,0.004923152342632173,0.00020689591957571044,0.005329224661227,-1.631739519123464e-05,Single-leg support phase,87.83696979696691,1.612490312451182,86.12533252690366,90.82621869774238,-0.17605445967451006,0.8637590522116875,0.2910104847147188,0.3136545855343487,1.2919478310543502,0.009145690070079203,0.003947102097609489,0.00012477620144332868,0.0041509538778537,8.73044970826935e-07,73.58197488154372,1.676969600482309,70.75632328096903,76.21684719115704,-0.21002015039184677,-10.366397094280241,3.336847269076331,-16.26490964828203,-5.72041118376115,-0.40555763325080296,0.02614177746609692,0.0017044621466968887,0.0274739124508559,-0.00016673552195921543
74.22900359367605,1.4179608075731922,71.64371739212197,75.70936564550293,0.1294537289908478,1.016520757367026,0.4968876255751573,-0.0768612557948244,1.6257108666576097,0.03881863917378206,0.006356838953574277,0.0013963258934415698,0.0082811690524852,0.00011101321800576153,Swing phase,127.32332456993731,2.3256802746287946,121.105014803791,129.65307405303872,0.18889593336375407,2.5412204519505988,2.023398074227002,-1.9114117574050584,4.655683384668655,-0.15894125220329808,0.012077836863847332,0.0012814229334153948,0.0136058114244499,-0.00010667474014818844,73.27167233340921,4.140028227780092,63.40450186488227,81.06943815758663,0.6794206266424754,-21.652540354376335,13.662406265409285,-38.4251859091939,1.3115875660866851,1.5283374413569457,0.020109749436481413,0.0011046693517710322,0.0212659841747276,-8.62109267372807e-05
75.77005695494094,1.2314158171095606,74.6487788427845,79.12354414167623,0.15262276147093756,0.11678535552372009,1.481339728726738,-2.358800555792472,1.6257108666576097,-0.12493762973625484,0.008274687175545331,0.0010232441011260066,0.0096345071757195,0.00016187698310685388,Swing phase,125.61650662659316,2.7351880383433285,121.77899755424636,129.61857485388066,-0.29895070423891484,-0.654974462359731,2.5127507859992146,-3.4622055939181364,4.073758563804158,-0.2898447752970113,0.011225242835631451,0.0006688504145371487,0.0131361654810978,-5.249465369085774e-05,81.53295574072796,6.5930953626683095,71.73933910498428,91.67491164351682,0.7667527899435592,1.6007022271884401,13.118897052742835,-21.70800978229904,19.44928132226061,1.5829727347907556,0.014936553290664348,0.005815307019518537,0.0210430099227561,-0.0005170211360379653
99.44204080267374,2.2509926741270245,95.41311903785255,102.75584843883686,0.28241266926862735,-6.706053329421762,0.3907305507345275,-7.061456851954791,-5.775049075656438,-0.04947722216532128,0.009850010930114792,0.00391580210398435,0.0147665875143843,-0.00029760924909119613,Single-leg support phase,107.89562966370957,4.630648421710618,100.8334331963882,115.4090689910057,-0.5606013767160576,6.181490089741549,0.9637433270101292,4.159227104191081,7.357012902737135,0.12299176148254053,0.007938094566436956,0.0015139720034869062,0.0098539206883999,-0.0001133225420732423,76.66615107649827,1.5465232241557023,74.27023808605941,79.36581856639394,-0.19598386462825126,5.559347937684473,1.5500303926767935,2.593480025131593,7.648536738010062,-0.19442525818763345,0.029161416219712834,0.005745468769152211,0.0351116308992749,0.00042837854872667676
102.66123611168922,1.54500903070845,99.77744499875084,104.69024961668336,0.18895402376663548,-7.092410140060616,0.11976847503314535,-7.318434067579806,-6.879550466423983,-0.016737265818502153,0.006548428319975112,0.00041630137108507597,0.0069844452444642,-2.306305318801921e-05,Single-leg support phase,100.93625143499027,3.5524514294729572,95.75702229102966,107.52242208488826,-0.4525153766868695,7.241801897914399,0.358969043446175,6.513548445940615,7.75747352975506,0.04784327245440174,0.005442496156740881,0.0014230251556901978,0.0068618374699205,-0.00010357546877770384,74.12379647688475,1.4358284596004836,71.67464028098784,76.27899707052156,-0.17709064575129657,2.3537100584535953,2.1454809747463868,-1.113773113860142,5.439206422136587,-0.2520376744614126,0.035422456800826695,0.0021066918962736195,0.0379513584817765,0.00013685070748441165
104.31105169605922,0.5517409551963539,102.9624883590755,104.80311188494792,0.04354815277327617,-6.913328380233361,0.45108542476197555,-7.318434067579806,-5.783177675648135,0.04917490034516341,0.006245187497095507,0.00012056873086144942,0.0064564527065853,1.2790214191880749e-05,Single-leg support phase,95.81666390261378,2.5321050470028306,92.23986475296206,100.40170620633276,-0.31391697897579607,7.744395701341572,0.26030696794727254,7.380212642586425,8.220370082040997,0.03231374767132969,0.004072516029842576,6.809276927648706e-05,0.0041149356779046,9.442926114334606e-06,71.55946301176053,1.5751480638379443,68.89927002164353,74.07665373472287,-0.19913014281074373,-1.3616513711148845,2.187770959650546,-5.196350702671848,2.22599598191085,-0.28547487248394987,0.0328055633459287,0.005150541459451528,0.0379513584817765,-0.00039508262268731143
83.68144069901459,5.617911927649135,75.94506935467797,93.65062913123376,-0.6809830683290687,-2.4919354773697053,0.7260241187909224,-3.9251021816905367,-1.840100661355117,-0.07421930434912233,0.00708950227273303,0.00024249148807929284,0.0072586398091474,-1.8219012912392282e-05,Dual-thrust phase,99.73270292722997,6.563062145923712,91.74440249569444,112.0024552557834,0.7791558753880369,6.847494971274565,0.6601286179561612,5.989760694877363,7.978223839584173,-0.049397700113461,0.005889933659259993,0.0016047019532695966,0.0085137590769862,0.00015592841512047695,60.06001278165109,2.957491091399366,54.36886656269271,65.17105936907134,-0.41546895409148593,-25.49995302943923,8.436214636753595,-36.19569828654682,-12.804904041134144,-0.8601445826502512,0.016950287324602777,0.00912477534648785,0.0320845508637369,0.00036337251326858073
76.89883163878041,1.9486506718259677,73.67441231152905,79.1220536919768,0.17319886293968415,-0.5994374647793133,0.49048059399087585,-1.1517310452928502,0.2074234801538955,0.00846786385186239,0.006419120139040108,0.0010377413706311742,0.0076595925298026,7.886156251293845e-05,Swing phase,127.48988796066284,1.5582475957935498,123.02880439472064,129.07887251707126,0.13730046241721702,6.531467763007262,3.8099817732648367,0.1358935035449616,10.510971620949189,-0.30943527299565327,0.00916526987966654,0.00015846452280004542,0.0093478038795644,-9.544624390961563e-06,72.8748380530256,3.462706183550153,68.1026765775567,79.78457957187085,0.308385328355866,-16.770298282765474,14.241457532168843,-38.30401845972064,4.855039581849078,1.6599637708296044,0.03243299867560058,0.0011820939358120107,0.0338932800809766,-9.776820968508467e-05
97.08352557672225,2.8447354945433707,92.54840543750456,101.0018692151256,0.3251332222161938,-7.567578800785461,0.6430581278712973,-8.53874055595573,-6.369092688748173,-0.08344799489259834,0.018920443549308354,0.0027026168372525387,0.0208561110146868,-0.00018151297249861535,Single-leg support phase,115.25295353998152,4.715026979490182,107.95189355365622,122.95341157519182,-0.576981462366754,6.619171153082832,1.594217008442592,3.9036272709088258,8.800431285436778,0.18833861594338275,0.006852164331772116,0.0012360188365361886,0.0090916283744398,-0.00013637546995173076,77.9538091650895,2.0403429112342835,75.03427923534899,81.4833844867363,-0.24804250966874264,7.130944915933953,1.046078548603904,5.223768660116572,8.94793368427507,-0.14323711631378838,0.010350697820312893,0.004287251434041982,0.0182795258894666,0.0003873955968504845
101.06953526859704,1.8358569632869464,97.54978874283978,104.17716052563806,0.2548989147230107,-8.403174161465511,0.38148185580878785,-8.78888754800007,-7.50038678854508,-0.037986812920368804,0.015001960348916524,0.004228635844662289,0.0207629843265204,-0.0005085338997976808,Single-leg support phase,107.42933589707617,4.5005950075234535,100.12921577144373,114.70021662802752,-0.5604231098686074,8.531843076181858,0.689127333566078,6.927196105482905,9.118420132778535,0.08292668445320664,0.005536423805543885,0.000948846334586466,0.0068080974395011,-0.00011402549847565385,75.08898544233676,1.3643250076337485,73.02865051034816,77.23938362105037,-0.16195127348854646,4.983128700951495,1.4661818706642866,2.374473491367388,6.737787721431942,-0.1678197780794059,0.016563007842647064,0.006039720940762342,0.0284583964139058,0.0007154400148779577
104.21327078673092,1.936076750904359,101.17155905978096,107.09450828145144,0.2278057392950184,-8.264201780635684,0.4934149121503684,-8.78888754800007,-7.453822693841998,0.04360127656119314,0.009976192462220911,0.0037354514320448117,0.015029446662634,-0.00033784439594755,Single-leg support phase,100.74098151278918,3.477515741071449,96.05464262619212,107.40711183445178,-0.4366334310869101,9.166119849841248,0.17999841009501366,8.899892952563583,9.640271435095777,0.028476095482007444,0.004423668990490377,0.0008267443520342319,0.0055458661556948,-6.780558071243076e-05,72.97194817608465,1.1009489760793292,71.10490294236251,74.82034782384446,-0.14290172621084396,2.0748532298261373,1.866342454574193,-1.2053652807122608,4.9080127542229,-0.23512992442058314,0.023917574206609057,0.005569194964237015,0.0315397094001581,0.0005710017098221232
106.77637763514812,1.1526476214129262,104.38526253477642,108.0922791524626,0.1425775622186992,-7.223824960706157,0.7761114835326606,-8.40591703209135,-5.690644477681364,0.10443355978499949,0.0068399369916835465,0.000741690415881158,0.0077784518571135,-5.4192667026284615e-05,Single-leg support phase,95.54680987480218,2.7006090836527497,91.19978158594982,99.7182046893954,-0.32763165782483017,9.389358564182828,0.2206784916999438,9.062575561798525,9.69718664083364,0.009759961208247821,0.003826354853923115,5.0187379619316565e-05,0.0038922936067844,-3.765221796353844e-06,70.99089981712096,1.2221531959072756,68.98002041376098,72.88422515022602,-0.1501617206332705,-1.3574382374969942,2.153197201660325,-5.141583604802917,2.0717252783586764,-0.2774349570446767,0.029545329084403917,0.0023369568335431293,0.0315397094001581,0.00017865178169145386
106.48734591776429,2.0847176335969073,100.99675155722989,108.0922791524626,-0.23824378224960605,-5.364568515847539,1.554108902786129,-7.393841144591092,-1.9928097979005697,0.2077319748727124,0.007590686192145761,0.0013331754165431433,0.0092347854183679,9.92081342853077e-05,Single-leg support phase,91.57914048768738,2.0214268883535365,89.26209856579206,95.67368878479256,-0.2465996238077116,9.305336438554734,0.27706601950379695,8.716002309246807,9.69718664083364,-0.03710902618066241,0.0038183056946173503,3.137521507063778e-05,0.0038619512616092,2.5886497776653835e-06,68.76381955598293,1.3990720045547202,66.2532647438741,70.93152208128441,-0.17993297451578136,-5.611326048831338,2.877632499937592,-11.049518338722809,-1.4941461299207657,-0.36751431572315546,0.02798621448202347,0.003425377992324759,0.0314602198957767,-0.0002630912698853231
77.65679627906808,1.582676580005262,75.37124928502541,79.42003780809993,0.15352125893471735,0.9430344623728609,0.46203127397724075,-0.3232356842354646,1.3662806087939876,0.06048511469228211,0.007184966353999091,0.0010504367891358533,0.0097434999005124,0.00010195982518478845,Swing phase,125.81437004748993,3.2037212445744263,117.82579058922964,128.5460197851232,0.3399781039356585,7.092051516854195,2.6524959256729277,1.1241206184600576,10.13146580701934,-0.18829292462508912,0.008927439081874232,0.0011634750806225576,0.0099699874706454,0.00011661154895412692,72.17846426021951,4.65884523977878,60.095276073527415,79.6884099735424,0.7535820730774996,-27.254460502114867,12.203044053911174,-40.75302028183867,-6.531687363292941,1.289622891067869,0.02033239594064443,0.0024228729577681837,0.0224301516469454,-0.00010549559897077701
79.9879559230657,1.1993794326793612,78.52524814356849,83.07950306197932,0.175163650708109,0.5203861537562435,0.8920526469923608,-1.344876742803638,1.3662806087939876,-0.09601907439855296,0.008889891607814188,0.001911367027429341,0.0128901078616683,0.00021873827863358846,Swing phase,126.24887300149993,1.9622696621874736,122.71237947275496,128.5460197851232,-0.20863637057258663,2.5883432235036485,4.011955631826247,-1.735884735397024,9.982309133561907,-0.4506997641907281,0.00988028125346349,0.0005981901230657664,0.0114827272076461,6.835366908736533e-05,79.67733970285985,6.527662773029035,70.88689487417658,89.89553151102425,0.677477050766033,-6.235261214222898,12.261461275786296,-28.84147060232343,11.52876889711945,1.5527015192093416,0.016966916683106546,0.004880713657485791,0.0219618186081829,-0.0005814581860395537
91.72049375024936,3.280285058330988,86.1492864820074,97.40189078782493,0.43279247330067416,-2.3052065565760747,0.6835139236899532,-3.388615109239689,-0.8220216752114615,-0.09871513207800876,0.02025729090745744,0.0006815655055343647,0.0210712737198984,4.45725698972654e-05,double-support landing phase,121.23300705212044,2.0247903671101306,117.06495252913962,123.51494325388153,-0.24751570390258865,1.5002954858972457,1.2341448761294118,0.06273100023851,4.082176277743244,0.1366302929476547,0.011915989788652786,0.0007027596374374937,0.0126132686507004,-5.3931171887684623e-05,85.1582388702779,2.224184428349835,80.85384692844464,88.49338036409512,-0.2938282090634799,6.335205872054209,2.844852124753678,2.3300328079805714,11.567380845901576,-0.35528261684311563,0.011067197633272519,0.0042159396025003276,0.0166349848607625,0.0003080603285482115
106.3126278321372,1.8078064637178441,103.55831804814186,109.33403399720557,0.22214292111783498,-3.3512978445576205,0.5318571155548939,-3.9471015094253774,-2.2198631008369856,0.06643224648416891,0.00894325329358303,0.0037845043222736133,0.0163465060532159,-0.00040429621742806926,Single-leg support phase,101.3783254160629,4.886237030174288,95.32956454234788,110.05767087336471,-0.566465628116032,5.987948144814047,0.2870126893435405,5.584600079498944,6.404974239099873,0.014670205967760808,0.004556687258042634,0.0005755362001821382,0.0057199676773435,-5.967650383516539e-05,75.90073307073783,1.0476648667812825,74.20312936150479,77.74783583041079,-0.1363348641886923,-3.70820003845229,1.7465813428968322,-6.45329060554994,-0.6027447690531328,-0.22502099371141565,0.02670535341363421,0.005220101535673379,0.0347313518730137,0.0005619705362883922
109.01986495196405,1.3877151221813,106.30926352035584,110.59818378841534,0.16362633553964764,-2.378676697410526,0.7088766049421051,-3.508961051979356,-1.071311168781056,0.09375576473839617,0.006371353230767461,0.0009829410905323767,0.0081382466736574,-8.216062249846543e-05,Single-leg support phase,95.11611729267051,2.605429542636287,90.48228471009024,100.07948296495226,-0.36912300980238544,6.2829618108641085,0.5458939346055303,5.584600079498944,6.987243973472616,0.029417183278791895,0.004238538968904462,8.138276496789805e-05,0.0043627643789044,-3.6135582350961364e-06,74.00876812704581,1.1923903916761414,71.99980800309083,75.79676293959514,-0.14603672832708872,-6.959163182875143,2.1010390320560375,-10.94978339168398,-3.823373599062693,-0.27409268433158795,0.031089696833778564,0.003065021411940023,0.0347313518730137,0.00020064773354276164
89.77776519106584,6.895630952968903,79.68774731938935,101.63207377767736,-0.8440125560880006,2.2386671429633584,0.7327848088158514,0.6916620117755269,3.167752200245432,-0.06931376281670923,0.007772651938542704,0.0009418526630294686,0.0088099665103223,7.08362037174192e-05,Dual-thrust phase,93.10688993560501,5.647640345737524,87.8933104577736,104.7627463283266,0.6469270928577433,4.070555864950036,1.2515475760954469,2.5914148662325016,5.8316515975870695,-0.11328482917870504,0.005840430005457282,0.0013514241841352773,0.0074112330138577,0.00010174754342545,64.06538215034999,2.8521652360922283,58.60180701613893,68.94600199133531,-0.39785365289216845,-28.962538297916613,8.332480327292663,-41.57475293495752,-17.147260620760854,-0.9395189351614104,0.014060430444029989,0.008366905503560609,0.0237221699507491,-0.0006114547103068193
76.80849156446577,1.5395645479984101,74.75962497868137,78.66227977659788,0.1414847314559297,1.2696810937639216,0.4253041558149812,0.6420882901403491,2.121651438008113,0.053505974558376794,0.0093771452363107,0.00021293382251376153,0.0096870682163162,-4.822491986588501e-06,Swing phase,126.75164382837944,3.49052051133852,118.32312942297874,129.69147074726345,0.3747280384837715,5.7545942594118085,2.1361141079759447,1.0249376002991182,8.380915766249599,-0.12397283475016799,0.012297851522089091,0.0011521801063823672,0.0133420437959463,0.00016561058757646538,73.23449326267927,5.510259123311702,60.18608011939238,82.10285412321664,0.8429528463009333,-28.516238580824716,12.382576515718517,-41.86385484669439,-6.42466666410295,1.3534833205922785,0.024089494197593455,0.0012517059278084426,0.0252599253191848,9.845734285950386e-05
78.46462476232821,1.0454275556139525,77.07209381569271,81.4662234787232,0.16900498703963399,0.5020332051723672,1.562830870445987,-2.445095188535212,2.121651438008113,-0.1283395753665872,0.010052008410990753,0.0009132923964875824,0.0117438710656432,8.414155675070002e-05,Swing phase,127.14657703300287,2.3889444512063798,122.65329758741368,129.69147074726345,-0.2596910076806864,2.365538095505578,3.4393349153925947,-1.7754254522159134,8.375051205221075,-0.3904029483629611,0.0134508715815989,0.0007675762062858315,0.0146599854307865,9.399837493116923e-05,82.10774907999493,6.499186204822725,73.23528247670336,92.42836049545812,0.7107872191924067,-6.253457884291088,13.755190741315616,-30.64345691009228,13.842893246416914,1.7110134675580457,0.01938492728044725,0.007163029163137598,0.025009541832123,-0.0006276399899535501
103.31194433168231,1.9234384325249452,99.9527211005726,106.52821806845112,0.2529037295337893,-3.3512064261027423,0.22758408060667393,-3.6911643914662817,-3.022094037824417,0.006483119197736057,0.012712856271228586,0.004025997422128182,0.0170352038411711,-0.00029535531112538074,Single-leg support phase,106.92251024743473,5.461521103827644,98.97132596698091,115.49119185508351,-0.6353794572347155,5.2873541616184445,0.4999397454143809,4.319001196665516,5.756315534761086,0.05220322499253134,0.0073362773630047074,0.0008954367791846098,0.0083122883417363,-6.36231283212577e-05,78.4739054959355,0.9243938257738755,76.89652004757808,79.92647832234191,-0.1165368567216857,0.2641235284210603,1.4376092320962814,-2.345491202185768,2.299832590985506,-0.17866629973735668,0.022413416457566917,0.00045065483367812055,0.0230213928688482,-3.824196847209234e-05
106.50696978013458,1.860212353346783,103.3109234510728,109.21215011236065,0.22697025620337888,-3.0544814740140778,0.40670336874361634,-3.6911643914662817,-2.4996982919223782,0.04582561921322706,0.008029996634475412,0.0013333240019823979,0.0092467720114738,-6.288791883836539e-05,Single-leg support phase,99.55638681968918,3.292665209822184,94.94377414797783,106.61861289906,-0.44903225965700627,5.851653787396431,0.26852969425418655,5.530365975016991,6.279947230017527,0.020097631381739384,0.006521365757418158,4.861541027573083e-05,0.0065634812477421,5.8682654332268994e-06,76.71309159288342,1.1492309291256955,74.7076663660292,78.29470618274082,-0.13796306987352397,-2.5230852202755973,1.8281286822001717,-5.687673109297814,0.0687138652974068,-0.2213994990228931,0.019112125962154527,0.0034383648493166376,0.022034202388446,-0.00025237829023229234
109.0775834242902,1.1825383501104911,106.77201740290047,110.48950311129812,0.13789921255739793,-2.194761716415597,0.6478142197788656,-2.963397798071344,-0.9165014348433616,0.07872678320107626,0.0062704450105476395,0.0010411536686428236,0.0091685473121462,-0.00014601621014835004,Single-leg support phase,94.69013731513876,2.624809838370276,90.63426878510316,98.69645781454516,-0.31008419344007676,6.032918406542178,0.18255435102885761,5.7376191777670495,6.279947230017527,0.002825662688475078,0.006121037768244556,0.0004907647319465851,0.0065571176968902,-3.848914553145387e-05,74.56258340065783,1.373747750421566,72.16304128702426,76.72921665277796,-0.17562212945206568,-5.961191125685459,2.213075224057227,-10.01274138515836,-2.6279049771553216,-0.28403216953857846,0.01952764050534025,0.0048034776444754925,0.0256502915581924,0.00011224755016081156
108.50365511642751,2.510531552578155,101.9248577831844,110.48950311129812,-0.2857230606054836,-0.6453156151235273,1.344563475984005,-2.440538794853616,2.1870112752516726,0.17798269500404953,0.0057351268806778,0.000522465359694201,0.0065963387629798,-1.5177026470553846e-05,Single-leg support phase,90.92102686314108,1.8456517860977208,88.46618540654146,94.57575098197488,-0.23498329136282392,5.805371131607222,0.275993027455864,5.155262342410058,6.263965693220489,-0.04264243656963195,0.005583312314377923,0.00034725624108514094,0.0064946360418634,-4.511075144292306e-05,72.09625657950711,1.5179230676527649,69.62624337097238,74.52904666359814,-0.18856935740868316,-10.430177632605872,3.0881871376262304,-16.038256968335375,-5.963444408411924,-0.38749279076628657,0.023608971360889613,0.003041078240102416,0.0256502915581924,0.0003367886286237539
76.97377769624235,1.9934944050260701,74.12213060304568,79.57028321474387,0.2080800504446927,1.0579854180634818,0.634291614805413,0.1018226272029449,1.963951705547424,0.07077479416175411,0.024529875325776603,0.0008450177430799531,0.0253326122741392,5.8761909804896204e-05,Swing phase,129.33449138105678,2.5164446206748474,122.9593394987016,131.90095077303891,0.1889827345325957,4.923228185209704,1.783852790242571,0.4486246389211633,6.75755081079208,-0.16821572794007295,0.011105091881697456,0.0006200613919086057,0.0118037708478613,4.4904637226061504e-05,72.73899360417391,5.403630106314423,58.98186290216914,80.81657538546857,0.8397966339730549,-29.82435900348251,11.7535805828334,-42.42236816125041,-8.949478121953632,1.2442174736286684,0.03344208042540084,7.276243193090664e-05,0.033663354080562,-8.616021024092476e-06
79.12529398812116,0.8843268246069893,77.07276606019951,81.33521103284541,0.16394019125561135,1.0547182924223297,0.9322670121454468,-1.2812747978773271,1.963951705547424,-0.09742307385942336,0.02367425100834649,0.001918836369802104,0.0253326122741392,-0.00014362494006966533,Swing phase,127.71084697635044,2.95940530261058,122.64367915423256,131.90095077303891,-0.3560489084156291,0.8697187858570856,3.512782088783648,-3.620669990192996,6.583642739324471,-0.39247356651990256,0.011777406524609929,0.00015088151667142906,0.0120048508557204,4.9955459537307675e-06,81.17008008002465,6.685115072048842,72.5729453407389,91.74824496894358,0.6862892378112809,-8.667851628890634,13.0260634811616,-31.7584038405285,10.586240400040095,1.6286401630987923,0.026781361055284354,0.007916203434673036,0.0334528081446895,-0.0005775081970583
92.3707132993594,3.7163092423025,85.14440032441323,98.0836075007662,0.4976618144751146,-2.7547335260944292,1.000044295097947,-3.987969489928896,-0.256838755386766,-0.1435050282516204,0.021684556666528406,0.000770907374055685,0.0222910202455539,6.824647304533078e-05,double-support landing phase,121.17360448846573,2.2959890030021604,116.18857854123998,123.86827108865032,-0.2894890034967753,0.31873111912007934,1.3253103285220802,-1.958872529627118,2.934985257422124,0.18822529950189393,0.01038008659086053,0.0004739038636022036,0.0112179230828881,-3.605045595049999e-05,86.22377746131302,2.110883889466069,82.03203527569538,89.79835570917663,-0.29870463205697134,7.2937900602032775,2.436103901754276,3.982761293989412,12.307507560297427,-0.3201825487041544,0.01321333105482376,0.0029728225646297084,0.019224256235281,0.0002806096417355807
105.5775996387682,1.6437197820214202,102.72101348626124,108.2709464981117,0.2134589619942483,-4.472045313138275,0.16958277716836226,-4.731790390172381,-4.107019112627417,0.015767471577674212,0.01863292893091815,0.0006704173439105904,0.0192962020920177,-6.075139186665389e-05,Single-leg support phase,101.519328476487,3.5407875410152605,96.3934407309142,108.23011171967931,-0.4552565764909662,5.098477477601511,0.26882466107908154,4.482189285124128,5.4972338954221005,0.03881154674110278,0.007611331714198597,0.0006047366878161066,0.0082094677638363,-5.4471919198250014e-05,76.80287757732154,1.0645521241354239,75.0893462057427,78.59807305861914,-0.13495103280293982,-1.2691633210155595,1.9425554075413998,-4.512638117303168,1.8119433786904349,-0.24325313446129243,0.02604623400198686,0.0012745692715849628,0.0273607092274898,-0.00011598513215301163
108.30998453550782,1.5676104135988502,105.75026714535568,110.68830481978696,0.18992452593966483,-4.110502150849583,0.25580578583550523,-4.424010797900812,-3.658936554594581,0.028371088545867604,0.01784083299035942,0.00016652021092894407,0.0180599248917973,-3.743288558696264e-06,Single-leg support phase,96.40992350650124,2.5286518632378656,92.642258770174,100.6315955826446,-0.307282185095023,5.482534057716479,0.25733653689036773,5.021899056525058,5.973781648476271,0.036610868921200496,0.006901366482423215,0.00014214297387951357,0.0070836961719984,-3.8152059583654085e-06,74.95401792343355,1.118934348491151,73.01767377298657,76.80569890817249,-0.14569327443022764,-4.462733326539436,1.817936058687647,-7.401023181080374,-1.1852569491994471,-0.23906793199542029,0.024831395857233665,0.0022870686216276866,0.0273607092274898,-0.00016955273954137687
110.66898127549355,1.1740199281149373,108.50283009562358,112.10446379349212,0.12675436194130513,-3.2895686580225316,0.706471917640348,-4.050530510488777,-1.9640373122751509,0.08024973839283177,0.017903003601319918,0.00024350056170340895,0.0183008468645038,1.678336185408854e-05,Single-leg support phase,92.49481299487304,2.0311098012056457,89.34951571056976,96.00852419018842,-0.25611571075456396,5.767644967979146,0.18642298798650067,5.470877240912107,6.008145433467417,0.008078590051888388,0.007375519164057507,0.0007068742623086822,0.008367041550043,5.1991487305923076e-05,72.80826760572515,1.425578851051714,70.38897687454691,74.95872820818516,-0.1757596666783943,-7.8944623902083855,2.230720122957117,-11.894861495098116,-4.747396719439722,-0.2749024913714767,0.022934362029580543,0.00019321464705121912,0.0231153870758679,3.4131474066665476e-05
109.6722728962628,3.032881937168471,102.04880020787948,112.10446379349212,-0.33856869306635506,-1.7135725713105583,1.2110746627829976,-3.5539470268372706,0.7299981230465334,0.16476712114937708,0.019421537869554178,0.0016882806972319106,0.021950990869822,0.0001414328555753385,Single-leg support phase,89.43445897936707,1.5824278800371516,87.20559615124974,92.3657370629044,-0.19846695814056403,5.583208010697555,0.367253227500824,4.773402544208618,6.008145433467417,-0.047136070505569894,0.008910840132587054,0.0012324947200835546,0.0108287208911819,0.00013221878754193463,70.47609062564216,1.3316491183238812,68.42602444869841,72.83540420051695,-0.16959152891609747,-12.303800566529597,2.9694338092686925,-17.650408991844593,-7.726151906961858,-0.38170219557241286,0.02297636333399058,0.00013813266614696483,0.0231153870758679,-2.1670407013960806e-06
76.02715479940305,2.3297614165668716,73.17372822069602,79.97250730390485,0.26149150320033954,-0.08171065553416644,1.5019874597211984,-2.319471177291972,2.16793603369286,0.17259258503787817,0.03453245404954113,0.006116525926127356,0.0405199551777859,-0.000598878381711623,Swing phase,130.71798728119228,2.610575568147509,124.6146342132374,133.84046282400772,0.16310643360323132,6.738149704618717,1.8201340292858454,2.0826339701503613,8.372603015389895,-0.17859384488599855,0.017250009920605772,0.0018296556038472995,0.0238083254824682,0.0003101099714179192,67.23464316584183,6.489540048880406,60.49332681360563,79.90279183235664,0.7247253078568681,-28.908241089022532,11.081778442714203,-44.14787673879589,-8.93128797230868,1.354484183326431,0.019288612638648037,0.0010960627463328105,0.019602808890082,-0.00021844319598812695
79.29216582456112,1.5969348294763819,75.90280499007639,81.39116194198908,0.211090651996642,0.9204032402150697,0.9571905251932347,-0.7220017236961601,2.215816957572596,-0.03735967401048575,0.02688927556648353,0.001971420787535322,0.0293226097871852,-8.300683535358844e-05,Swing phase,128.7361816542959,3.320942256636234,123.39270614462866,133.84046282400772,-0.40183679536073286,2.2894797554402286,3.99267736163155,-3.7443420925467295,8.288488477406688,-0.4628011757674391,0.02094973684111713,0.00253463535287021,0.0238083254824682,0.00016836286375569628,80.03616141223651,9.008307846618044,64.18595335641129,93.58923844220516,1.130895580222841,-9.221709968520436,12.1816668069887,-29.546698156386675,7.567080832894051,1.4274530380492587,0.017002828103428656,0.0024257144810264975,0.0195742586101947,-0.00018065888201566156
105.23515190966666,1.907454571340253,102.03954938959446,108.34023813865196,0.2423341826560577,0.3977324535094547,0.24923497837488956,0.0062402549517695,0.8909344451235661,0.03402669962199218,0.022598137719144724,0.00031918856556148933,0.0230829539360883,-3.342893467677309e-05,Single-leg support phase,105.31635971955339,4.941794719413405,98.32826434284618,113.94589297183636,-0.6006780241919298,3.4781950244840583,0.3009000047532363,2.773522124698866,3.839842497597645,0.031110239039832874,0.016755263315594383,0.0002550556159432119,0.0172391468121076,1.5907626855215405e-05,79.90922554076843,0.5939611880704173,78.95109323380925,81.15788673510775,-0.08487667312686561,-1.9709038687607179,0.9614918281375566,-3.679126546951272,-0.5173350940750991,-0.1216073635721605,0.02121819735532134,0.001968707763557043,0.0228991391942412,-0.00011318371521792308
108.16708789140856,1.5792772268525541,105.20885909141522,110.42718268896864,0.20070475375205468,0.7874187031622127,0.27873492459357635,0.2461512761901744,1.121478365387765,0.033666426507599635,0.02218733337026054,0.00034540193228780133,0.0225123138729391,-3.5540691944242194e-05,Single-leg support phase,98.73843560183523,2.970252112135481,94.09979782947195,104.69283804771794,-0.4074246237786919,3.771454662726353,0.2015966603440955,3.471752887152284,4.0580478664591775,0.0006485305980213821,0.017049971319345752,0.00034279267868415913,0.0174723111971721,3.3745320444461516e-05,78.85790397569313,0.6614025590888805,77.75183047112967,79.80835699000853,-0.07909717380303341,-4.122402033692896,1.5575177023672486,-6.997155414761975,-2.039310883442792,-0.1906863281276609,0.019949912399563285,0.002373713838527057,0.0226392494730026,-4.1457660218215384e-05
110.54056794075717,1.2402232044719683,108.52220135694344,112.52184498702174,0.1538324473107037,1.3638790381613195,0.47292774490042766,0.9076326144648784,2.4576282713777142,0.059615217573570606,0.02169706662878512,0.0005992023554096785,0.0222161472815756,-0.0001153234651995961,Single-leg support phase,94.0837394011183,2.625381476167465,90.37088510695264,98.10406825034192,-0.2974301208995878,3.6403905066070483,0.3362931072093835,3.156975082880067,4.0580478664591775,-0.016873775013379284,0.017303233934495652,0.00026003616333040216,0.0174723111971721,-4.107403323878077e-05,77.66258260616213,0.7518555073951486,76.29098992142451,78.85613392641174,-0.09865938480720124,-7.083017749480234,1.9398665363763785,-10.29748642332562,-3.893645586165574,-0.24630157066000175,0.020456862127496738,0.0019745460765424492,0.0246188187784152,0.0002568091530190385
111.9557254238081,0.7426816690852953,110.59225276953084,112.87628033314472,0.005313434578301195,2.4114805886193817,0.7799333949579705,1.1601276234203202,3.557796842236651,0.09221804687755118,0.02042360106072264,0.0011059029340326264,0.021613861593958,-8.375703102592302e-05,Single-leg support phase,90.4653164816603,1.622038139931034,87.87002118560717,93.68134748050404,-0.22351254980372587,3.4793116821941914,0.2302151987297768,3.156975082880067,3.7893268061342313,-0.006054316264892279,0.016828815738532732,0.0005633303519120678,0.0174260566980327,-4.14892906066347e-05,76.08191461934005,1.1146005861345465,74.17204481904857,77.66707781040176,-0.13442434582127688,-10.67749823655508,2.3208813942392474,-14.95462123619602,-7.249310637247513,-0.296358099959558,0.023247273331975352,0.0017002992093053866,0.0248531292464021,0.00012950209154868845
108.09122181863107,5.313014381135237,96.98402014054616,112.87628033314472,-0.6025858217366462,4.322700805791662,1.498466704569113,2.616863699233332,6.870182619139043,0.16222467488688463,0.018671953335657153,0.0007841996180827679,0.0194716799977016,-4.8816979254492404e-05,Single-leg support phase,88.05804812242428,1.2440091346725475,86.59967786689721,90.1990501006068,-0.10831556890791806,3.1758965070228764,0.5539248597460968,2.090603592332691,3.7893268061342313,-0.04519861153559536,0.016277715576884736,6.968659336926333e-05,0.0163580007517438,2.8537440703462458e-06,74.03582652980201,1.311441954434726,71.53909683424406,76.13599503855646,-0.1768037770889383,-15.567012492999355,3.514098964287811,-22.330393307719856,-10.590238329585386,-0.45154442223594116,0.023528229950848443,0.0013071297984551505,0.0248531292464021,-8.79329839944077e-05
78.06464844338409,1.2379327012580998,75.52961707151918,79.33044188624137,0.14618384928593287,2.6598157572951178,0.7619797517859899,1.623447016337764,3.687142326023378,0.07448621011147662,0.020456370116567354,0.0010949343220952425,0.0216528660248338,3.267158127730381e-05,Swing phase,131.25874587343674,1.8393933023179578,127.89746600606682,133.6152483177529,-0.07521178046404049,0.15187834346586587,2.6536570534679225,-4.284815503186064,2.702807851818935,-0.23809314741047566,0.01835088497766537,0.002653327538520595,0.0211427161766005,-0.0002988430303450885,77.91894161206409,5.166440701569516,68.28365786928188,87.4592440182661,0.7375225441917009,-24.02123502859164,12.70618522605931,-41.547269943508105,-3.4808393365760177,1.4640934848820033,0.018846352173011924,0.004596133611518883,0.0215430646564399,-0.00047550069487473844
79.94619786961788,1.4441801018457334,78.44328366312412,83.88760189699666,0.2093968551489437,2.6033483236087034,1.126731620552818,0.3224649876928931,3.687142326023378,-0.08621612366362784,0.02030841591591234,0.0009644143821720265,0.0213864617067289,-0.00016587996135798458,Swing phase,127.68587189662715,2.7200904831010027,123.67334778104984,132.31976597602545,-0.33255454596060036,-4.390325121559991,2.924899493492936,-9.357493804484076,1.4075909999290346,-0.4140417232466581,0.015031888471342836,0.002497330314789693,0.018383182924167,-0.0002604617096827347,87.06815592470713,6.1657679159001715,76.18674563856375,95.6242725657631,0.7475971895076676,-4.199404689567955,10.214786533597431,-23.16546157258092,9.26931522832122,1.247491415419313,0.012987819041685602,0.005467605066901192,0.0203740245866125,-0.00047447502341389227
90.7465172733834,2.9235918803014673,85.44725769427224,96.18889775371429,0.4131400022862326,-0.17554078360659878,0.3703186362432521,-0.7590020865057885,0.9386352545040786,-0.06529374388499488,0.016008956701705487,0.0009363800514613491,0.0174754503948323,-9.577440776496534e-05,double-support landing phase,122.09612301637755,1.6481641602506922,118.23033941203956,124.4716459861498,-0.24005025285039386,-6.463109935937383,1.6906304679277477,-8.462681199470522,-3.787239564681713,0.15994031062298028,0.014008257580402469,0.000671226523860446,0.0146350380748749,8.092148294203842e-05,87.79206411145151,3.399317440799073,82.72752774455795,92.8046866531601,-0.38758303494623686,-0.8315003705695996,2.618570595609985,-4.22710260150451,4.4362898374974975,-0.33320740150007716,0.014857000836009975,0.004252783444684104,0.0212125426812629,0.0004381402037277769
106.02424234290038,1.5432275979125067,103.02321293928192,108.15884275995118,0.19752422387189483,-0.4575488980947142,0.24948689741676647,-0.7619930228096589,0.037136399418624,0.012537070499463631,0.009027716496109712,0.0015921953252359853,0.0122225930438487,-0.00016327233687092688,Single-leg support phase,103.31796758607348,4.842545846003757,97.18546445773904,111.94079377658004,-0.567512666109269,-2.458420518195275,0.2744027207659276,-2.7882109869648803,-1.705649221222166,0.037244274660156854,0.007862365131960493,0.0011036073350228215,0.0101059425584206,-0.00010732206425666153,77.65419075197384,0.7791432337716789,76.31447093679901,79.01822967593276,-0.10399072073591334,-8.350159916015617,0.9009635430711631,-9.786271531411476,-6.726636274852978,-0.11767827909840377,0.035418277648130846,0.0006860872371722745,0.0359461604718753,2.6582433902473132e-05
107.92536626915295,0.7507057666328235,106.32476083839089,108.66397369011216,0.08145934504964131,-0.2302276601809895,0.25605045649399727,-0.7573717557420531,0.0569072856154109,0.026517005105085638,0.008055201317611838,0.00035869630356908505,0.0084704293330387,-5.232526871776926e-05,Single-leg support phase,97.18693306096581,2.4454800487362336,93.29581295069592,101.95510771233728,-0.33304979852466776,-1.3209830601648325,1.3075163464316588,-2.7882109869648803,0.8388008509384705,0.1374847604728824,0.007276859750582307,0.000215212946735745,0.0074018842706954,-3.229083980631923e-05,76.09066407745026,1.0635479286599177,74.28975897319663,77.62061145772628,-0.12810971094344836,-9.893768697390023,0.9439264292435432,-11.808197677166705,-8.385774106285941,-0.13163167580310628,0.034593340610543546,0.002365371416592199,0.0359411576323353,-0.0003545265292671575
108.04739353102455,0.7761391413677661,105.69289426804352,108.66397369011216,-0.09917927614787694,0.2322816869049952,0.44610476503290386,-0.1901889033047484,1.2973149094571106,0.047707985532373064,0.007519650973014213,0.0003958072267067131,0.0079775122852046,-2.9896479756342336e-05,Single-leg support phase,93.44669445077307,2.012433999585128,90.82266329154908,96.90938946114387,-0.23410485267672299,0.36281767395459324,0.8044328593026402,-1.5112005863788776,0.9801831671876412,0.09582245206025072,0.006921804806666419,0.00033942836051875083,0.0073155688877474,-2.5636832548996144e-05,74.1027250658158,1.2724121924473921,71.92299806162853,76.1550223981304,-0.1627701667885333,-12.290608483082789,1.9246167524660458,-16.001212390589185,-9.889741583065971,-0.2350565695201236,0.03079249580998556,0.0036212637331413905,0.0349631090782943,-0.0002734908601090385
81.3455990032202,5.681124513808597,74.07858969120024,91.74757169613642,-0.6795762309590839,1.7124917240430346,0.4158414558700523,1.0133031377933772,2.697891884004088,-0.06479187485425811,0.009789600203997086,0.0022003070322469172,0.0128221565770398,0.00015313831960568465,Dual-thrust phase,105.04708298014822,8.593294066518625,94.2110213352086,120.67280342510804,1.0177608496115171,0.6275195404537671,0.9796502773656032,-0.7527951386036014,2.7313033736644003,0.04807587405439403,0.014048591667869714,0.002287408038324615,0.0171211918278874,0.00013897040629317692,62.506637880387935,4.542275966258721,52.79124387703658,68.39599716943292,-0.6001828189383207,-33.85586953409732,5.977400252089181,-40.858829569605376,-23.643891586657244,-0.48576629923294357,0.012113244559974022,0.0022985273972118887,0.0145753974130386,-9.430417173848079e-05
84.25086028285179,3.333006654512366,78.57860178111804,89.65551393315572,0.4260350827706799,3.3086247482046365,0.8988912393394568,2.4207248895921025,4.81975821532957,0.06716199192524684,0.031798447646307015,0.005437453757982238,0.0387324164110472,0.0006297833749239537,Swing phase,126.00923802433326,3.6911478625224152,119.23099898508517,130.3318803977606,-0.4123721358652819,-5.598785389663112,2.972933011377547,-10.972482448609254,-2.2077269834544464,-0.3371059794290311,0.015055752143410116,0.0018072006745451369,0.0180350362994505,-0.00021586874441935382,76.06800841452743,7.704193167727136,62.75823372837711,86.02719779680872,0.894960156478139,-21.081575261756463,9.041235118251866,-36.26762718766054,-9.464303265194845,1.0308970739409882,0.009809829860682972,0.0004706476617414443,0.0104042714726606,-5.53096639551269e-05
97.56078301679267,1.7365745550036529,94.48672038277752,99.84107369716828,0.2059366659381063,2.699218476190606,0.7405849671270115,1.064608949173539,3.676163578503616,-0.10036656901376842,0.0358008364718817,0.002257943438785637,0.0386315748157161,-0.00017677296683955764,double-support landing phase,105.92416506891828,1.922710896197465,103.08635548434188,109.64884640075246,-0.2524034967850224,-10.930241272582833,2.0354896245003764,-14.59597327548198,-7.454605122409051,0.27466800588742035,0.011831569315079239,0.0008481952252854143,0.0128897216354255,-6.609855870575002e-05,84.6386553395146,1.255311167111293,83.08461718463028,87.43830793110254,-0.1674496440950872,-13.073447757308069,0.821520720397217,-14.033446811456743,-11.298399318760689,-0.034333082816469816,0.03141599296690823,0.004415348917899598,0.0358575492534871,0.0003393528178249192
106.39102722355241,1.8052686549248211,103.112158135484,108.91116596454162,0.22303876265606265,1.481760998615783,0.2774240240241873,1.1752477608229823,2.148389204402913,0.026613346821219068,0.024503490895497318,0.0011108988790812441,0.0281408580704966,-0.0001850631346108461,Single-leg support phase,97.23196533610559,2.4476950716091244,93.0154999728704,100.3565908891837,-0.28234965062743483,-3.365783572468104,0.7476785388648627,-5.4559885260677055,-2.5323144384437786,0.11244900337015104,0.00513838682602583,0.0008949608935051279,0.0084510182067393,-0.00010433364707520771,79.27477237190463,0.5722002009572275,78.44561268036234,80.41998508878474,-0.07593740032393835,-11.33831157688955,0.3980211363545465,-11.801391804275974,-10.740164429952864,-0.018988577115569373,0.04224189043652677,0.0029892231695311617,0.046982296190056,0.00032708297306876545
108.63920254783905,0.896748266904588,106.62899242252996,109.62563813408283,0.1152556042904951,2.2130646077223743,0.6830341437837518,1.3402693401923884,3.4827217126849974,0.08039348406519965,0.02360800790181054,0.0006213662560911598,0.0250396469603889,-6.0281072195776905e-05,Single-leg support phase,93.03728313507462,2.5171227976808557,89.03738764207012,97.50386149769218,-0.32563360983161804,-2.204792383237792,0.8438646610650463,-3.073554022042396,-0.5924108670992073,0.09529574602327795,0.006035355296413709,0.0008940708356646902,0.0074081683188751,9.636147170256924e-05,78.59492389315996,0.2661133806935425,78.33561325096167,79.19587267964954,-0.03308690110337956,-11.336984821980995,0.3954204598146334,-11.801391804275974,-10.536284103269043,0.04009595779121495,0.046269686291689475,0.0030346113214911132,0.0496018868682725,0.000358657406330023
109.54217592824017,0.251197414863848,109.00034184855998,109.81525804333936,0.024739635696349183,3.6439918349545244,1.02948112541437,2.2112971835829907,5.513608508197625,0.12701197402363978,0.02335045822116531,0.0001422217771149762,0.0234723390832987,-6.869334191965393e-06,Single-leg support phase,89.11089816237907,2.129948072057771,86.24479068383226,92.74217322798702,-0.24989932862133693,-0.6615694844695281,0.9850233985200002,-2.41525920749177,0.6658189785472094,0.11850300715534536,0.010672432743460898,0.006508616520730828,0.0225868066946986,0.0005629466782788539,78.40814356819207,0.03974104477955508,78.33561325096167,78.45486630401155,0.0011378342336522214,-10.847177438363635,0.29817655175737684,-11.334299237311502,-10.411282409593564,0.004698347990327465,0.04599980984574882,0.004549365589435548,0.0496018868682725,-0.0002480276401174847
108.43801040496055,1.9839195962147884,103.05149521709563,109.81525804333936,-0.2539739330855403,5.2950494044016105,0.930425037523558,3.602938577877302,6.379338883492693,0.1067846271390535,0.023170420708683755,0.00020215922162295015,0.0234721545434761,-2.3549474427780693e-05,Single-leg support phase,86.43951977680439,1.047071618466682,85.084864945372,88.73008380925243,-0.1402007255338627,0.283467403781219,0.38775729332198244,-0.4572468722935581,0.7368799514329072,0.0014443171469391003,0.022198848120723796,0.013513299089665544,0.052306421400822,0.0015847030272462654,78.51185819216388,0.1256206357801331,78.34066289430388,78.80866012625367,0.017999893536530573,-11.827071984152196,1.4447244657995495,-15.086391692932718,-10.411282409593564,-0.17780555630512662,0.04007181247439628,0.006353879167067214,0.0495333831263701,-0.0007523712036321348
101.14557396980646,7.001410445853255,88.32553730146655,109.51369027976324,-0.8149289607037187,5.70620573336223,0.7797051213119591,3.7070193005960057,6.396736009014331,-0.0746620562374794,0.022792403447792025,0.000523388610213543,0.0231508789047684,-6.18133362021962e-05,Single-leg support phase,85.62945293604858,0.6526014310468763,84.93101775070298,87.56047609102878,0.054868404594645225,-0.7171423643213247,1.2771677139454178,-3.047583513063269,0.7368799514329072,-0.14435233474579198,0.03897255442551627,0.013751413394276981,0.052306421400822,0.0011498809506584537,78.72263935530565,0.18040070546500228,78.46047099876213,78.97367072903762,0.0007221848793598987,-15.901259283546729,3.529751327225992,-22.844829230106782,-11.359587449101491,-0.4417400685002035,0.03045682015720721,0.009969548916511469,0.0395036097960633,-0.0011870005340094
75.26056342715509,2.234296516982526,70.3773520186721,77.54690360450735,0.27374323902929376,-1.1742959931419514,0.834967518735257,-2.6062926762078344,0.1589440030210733,-0.06450051896285039,0.023279343567014273,0.0007502290349965824,0.0240356243299523,4.356066886279239e-05,Swing phase,132.11813369171043,2.7259081312914892,127.16312054170788,135.4011282051145,-0.2395207945358198,5.435555483745252,2.9701613377778147,0.5577552573726359,8.785458932609956,-0.24873168484332575,0.013880393594701643,0.0007084807016088957,0.0148643668645291,5.605601016711566e-06,71.89931302522363,7.887828485879846,59.02014224673405,84.03840379758259,0.9622408288787898,-11.191634758743579,12.755991803340104,-29.313157204154688,10.020204474448247,1.5128216030231898,0.012168158514382122,0.0006260357078821685,0.0126707771078938,-2.0993766726238455e-05
86.12748877415018,3.4589683643864753,80.91266751652098,91.4310803779098,0.4045543408226466,-4.40935894916999,1.2443051900604494,-6.314685009508443,-2.2268916511906856,-0.1572228214737599,0.019207790688200742,0.0014680088780942022,0.0211602610267455,-0.00014259160105350386,double-support landing phase,122.89990481233522,1.3288488865970527,119.71559349333982,124.25912608159986,-0.14322581942443308,3.715704103825482,0.8842981800063926,1.820747114400092,4.999333340824689,0.08403875344437436,0.015447753325080861,0.0005667323058144612,0.015708450506851,-4.7877941672146166e-05,84.80648597646244,1.8419773176276666,83.04791969928607,88.71780021106352,-0.20517388907488454,15.041735671914505,2.4943451203159435,11.783237810898502,19.384476617791822,-0.2923553387266662,0.006211700708179843,0.00033420915284126484,0.0066744811116854,-2.2439626142226907e-05
99.73216605540016,2.1501127736972188,96.14661498953632,103.0254474878298,0.26457048070359523,-8.249577904364665,0.12389026205681772,-8.383720054398092,-7.954388410156662,-0.015406090670034076,0.015379054037380453,0.0009663507495208165,0.0163122783434562,-6.169384185609233e-05,Single-leg support phase,106.43781180913332,3.670018614703341,100.43315626321169,112.39938145548408,-0.460239430472015,7.874572249563817,0.47154752687283324,6.7368853741534105,8.241183986350821,0.057857638930669635,0.010719907721218698,0.0005301508210615021,0.0112419421729024,-3.4167453975300006e-05,76.40810292604104,1.521267193606255,74.14186106292476,79.03690082369532,-0.18827076002963686,6.762480024606784,1.6612096174044806,3.908598528202836,9.198664249272072,-0.20346406619497065,0.014686852747229601,0.004537283476568531,0.0208906691244931,0.00030537959450610775
103.09531145592548,1.789321387660595,99.98771172118246,105.81739645363037,0.22421864355568852,-8.216633732118185,0.16691409162329687,-8.383720054398092,-7.831302177083348,0.01882426295616179,0.014046570197893987,0.0007134807487456182,0.0162608794434841,-0.00011430663729414999,Single-leg support phase,100.49379811957138,3.3353397367764317,95.49394822981492,106.31465251199576,-0.41618093393003236,8.341054769478301,0.15923033697368624,8.17904484343809,8.580566464248218,0.014903571933982148,0.009973975829666467,0.00041184763198425325,0.0112142523326688,-6.436864774461149e-05,74.10932544404248,1.2147640865928988,72.21596378012765,76.16445699734294,-0.15186512373904948,3.7225110484832205,1.9115146596314987,0.5968009639934843,6.584189987449027,-0.23028419320982857,0.022139857653466925,0.004887132112000455,0.0291300414226892,0.0006666171514981925
105.59337624034438,1.1775354055549228,103.25874635725212,106.94477812849298,0.141289122766567,-7.613350932187479,0.596457691895199,-8.323928052170547,-6.3114907548054,0.07740143451404415,0.012980696026992726,0.0008942341739005865,0.0144011627433912,-9.757017608911153e-05,Single-leg support phase,95.57322816300254,2.4780353124284016,91.9099736974992,100.01165483059673,-0.3116031205037511,8.653121466289406,0.2612206052719241,8.269401334038193,9.233994414826713,0.03709973387648153,0.009315941871804163,0.0005758464019066756,0.0101809321878026,-6.131362324979232e-05,72.03943271128405,1.2410473559056954,69.84320784753506,73.99097098626281,-0.15952935148952901,0.45699379873548546,1.947819402312388,-2.9912441442495434,3.657716062565929,-0.255729238723672,0.027711987044091238,0.003925014821776274,0.0312204107281113,0.00045785638315208854
105.53529530944925,1.8347783454011999,100.4602765146644,106.94477812849298,-0.21207296476869703,-6.2404221798478785,1.128643882665525,-7.756925812787341,-3.6198370135355,0.1591187999712247,0.011712668399892795,0.001004150285616006,0.0132889068738362,-0.00010997535356688077,Single-leg support phase,91.92236248466027,1.8150253031285632,89.53896151406744,95.17391719743922,-0.21672906474506867,8.820202524035029,0.31822409128054097,8.1818960473055,9.256998457432132,-0.014621326699029807,0.00863727885611973,0.00048108278602122285,0.0095406674913089,-5.2542914657846166e-05,69.77746767078398,1.432382579931617,67.38990612401244,72.06719846835325,-0.1798958593977236,-3.780962212365956,3.0966832987596207,-9.573893385917678,0.3724219364926713,-0.38255058932347497,0.02862852630825191,0.0030310089973610856,0.0312204107281113,-0.00012756155754996545
73.89437699781834,2.846076107841463,70.44283866774376,77.97085515528126,0.28476880860533416,0.5595657935752189,0.6162817937809867,-0.8347080881864274,1.3201990405729722,0.0755073508051429,0.030402920331162583,0.001509662029959826,0.0318703037543676,-0.00011274871720438842,Swing phase,129.01409755090594,4.080489877769743,120.0834141428392,132.81735312648283,0.3831216605737938,6.529105846390956,1.8008759581109142,1.9521392642569968,8.567053526468833,-0.16230112031829144,0.010528304239895349,0.0004745344354614128,0.0109646995912481,-3.5284952562919246e-05,69.9289813388833,5.090422950635565,58.7614744024652,78.46112742487851,0.7576789624005121,-27.716352339981295,11.269048952396668,-38.63737437078864,-6.400832937056028,1.2353596997769172,0.02943304076960114,0.00010178193712538201,0.0295620074517256,4.853276715808296e-07
77.14770328412341,1.2213378056838136,73.9935952740752,79.15831942603414,0.19864323661380523,0.7920399116265595,0.7562818807007431,-1.1130051711866298,1.7158048868665834,-0.0935847773753693,0.026557180512339598,0.0029885495997277883,0.0317149104506874,-0.00032030342294730394,Swing phase,129.26890254589372,3.2288054208288437,122.85145229304808,132.81735312648283,-0.3570897388684463,2.5044327688082038,3.9508779665375475,-2.06734571161698,8.567053526468833,-0.4090153553109928,0.01100395408312927,0.0011001607288376606,0.012468089645581,4.790579464898463e-05,79.6098826557654,7.439314193810088,70.93665394078663,93.1916544152784,0.8143472529648943,-6.862437016058238,13.640207013246085,-30.97612519142178,12.928519957053725,1.6886401980182886,0.024983220857650337,0.005384015462523025,0.0295620074517256,-0.0003899434354246654
100.64428898504838,2.111683663662584,96.53732756702922,103.76429790962112,0.27796039779199605,-3.2604996530161445,0.46342745598577567,-4.039514486388199,-2.432396127156624,-0.06181224458582979,0.02205663256814465,0.0008084218752541027,0.0247870715928631,0.00010996498850570003,Single-leg support phase,108.37543929774125,4.817600042878344,100.47086938368072,116.14142961628316,-0.6027138551000939,3.3693136309128775,0.8864948308545222,1.8081146511115145,4.3521666962743,0.09337497829014228,0.017575176718971516,0.00047872622624012,0.0182193787348413,4.7377215293711567e-05,80.93578907945434,1.5377652332770861,78.6102941389428,83.73761488859166,-0.19720464421726383,2.973060792972781,1.0996329669789584,1.0401769400645693,4.583370805130125,-0.136276687117906,0.013881719570011837,0.001827855901172087,0.0195620002810076,0.0002707635325315999
103.95982050483525,1.892413547781085,100.96461200169456,107.25930783305267,0.24210368582146585,-3.724558136445351,0.2641666034042142,-4.095913689581622,-3.3159485768955443,-0.004620602186700334,0.023327020649200676,0.0013843650518060803,0.0247870715928631,0.0001034310999576347,Single-leg support phase,100.97163670833035,3.9334915299771054,95.64990911446203,108.16144121542888,-0.4812127731141095,4.376270053224343,0.3442930508970902,3.5837834756226976,5.108561003887672,0.058645289548652876,0.018060305453992318,0.00015964232977699167,0.0182193787348413,1.0497974152084656e-05,78.48942583099746,1.3469478830864035,76.21288349719694,80.76693274506506,-0.17515574030262007,0.8692184282461694,1.402633129999791,-1.494939158382286,3.2100126245173306,-0.18095968395767756,0.016786836833998692,0.002457692501169761,0.0195620002810076,0.00018763981937253848
107.03610206063544,1.764163924904509,103.97061529081992,109.46544616758916,0.21133964910650932,-3.596205956451982,0.3025105924107442,-4.095913689581622,-3.027237278232707,0.04038779280508275,0.023916886520782103,0.000581168528250447,0.0245007540209263,-4.385335898705758e-05,Single-leg support phase,95.56937395821264,2.4668758325746176,91.60792632692744,99.9415451322258,-0.32052380020378296,5.218685942119492,0.7146103234916937,4.240938071237739,6.371974284686679,0.0819629312864977,0.01761785958397062,0.0006323366240959477,0.0181956825595886,-4.610660067668462e-05,76.08915336501195,1.4942791849466184,73.50861923837279,78.43673509350613,-0.18954291750512853,-1.6512487128753066,1.6009324008234744,-4.471812105537531,0.8765724081798183,-0.2057070966814365,0.022170463095704394,0.0037880680508273843,0.0270348537399403,0.00027488313603392687
108.81984834449541,0.8569892261760929,106.87184707044534,109.88101421505922,-0.023978512247235965,-2.8584169906932764,0.6050389138980652,-3.5029350670484085,-1.5564547505554214,0.07254579970175455,0.02165203051169373,0.0020763230157171105,0.0244201834994604,-0.00019180377079893856,Single-leg support phase,91.48896006394692,2.340752704653236,87.87503946296852,95.33462156540534,-0.28690700393987795,6.108190001798519,0.3961241528078401,5.221255318738624,6.551365046007915,0.031234963273144754,0.016426080749225167,0.0007678142481192772,0.0181703281925294,-9.715861732974618e-05,73.39080638653884,1.671166999272687,70.63588485915703,76.02259216538008,-0.20718105023934788,-5.114240817507302,2.5277712345818246,-9.897759596097938,-1.6906625025616415,-0.31565758052062676,0.027041526021193713,0.002179976939197625,0.0291677466067142,0.0003841251363237653
73.70471680862667,1.9122448028082693,71.92152311707133,77.57957839334811,0.17519608084899174,1.239544122194863,0.9340956554308965,-0.015108529526489,2.545387975116296,0.0972156616736663,0.01981925854162425,0.0002453497613053289,0.0206158609138622,2.9921911928588528e-05,Swing phase,126.7120671542804,5.411218996524452,115.22151900806436,131.5437845211387,0.5908116792178805,5.289429596033903,0.6697858967000602,4.316424177632539,6.469692930422646,0.007060811997436262,0.018421151760897737,0.0006471735143567218,0.0191497950726813,4.8832525083746106e-05,67.21830532988612,8.343966435568102,53.85406602885616,75.42726695326667,0.8175086391227924,-33.72117590479365,7.207534438853688,-39.32727932626751,-16.80177598548735,0.8303296288973466,0.029936729976932683,0.002058606348105793,0.0316135744183751,-0.00015788686424957692
76.5245438284188,1.827358066668041,72.64980490376308,78.15437248598015,0.21171413777757936,2.242620907231375,0.485572709493323,1.2789893856646894,2.921583434617512,-0.0027278627735604247,0.0201347246084721,0.0003819102285832478,0.0206158609138622,2.9296613711803835e-05,Swing phase,129.5342660401564,1.9138728414840822,125.21660182110509,131.5437845211387,-0.17163750726560834,2.726298236786735,3.5883581615260614,-2.8863270034790305,6.469692930422646,-0.31609639128956546,0.018930195311977933,4.843642948596924e-05,0.0189870118407541,3.4432304596926047e-07,78.36702124938486,4.864749635703624,73.29313250173765,87.6939525188855,0.553877692967225,-16.909147385838104,13.897194445897316,-38.53932902488882,5.464012485886565,1.6924362119528995,0.02812795002032207,0.0029737850201451686,0.0315697171968029,-0.00023189778853320375
88.39973407661851,3.725903284505228,81.43620921053085,94.23435224837216,0.49223627068620435,-1.2851087877781966,1.1416791708980005,-2.9037522243724827,1.1747380144524753,-0.15686500918557533,0.022568954476132958,0.0010233647579079373,0.0238961822762325,-1.2726859335484612e-05,double-support landing phase,122.24860356242665,1.4336755357352218,118.61981827811542,123.7722075540392,-0.12424642209463926,-1.668839891807114,1.4878936700628038,-4.616538329833209,1.1265627533617877,0.22088850319980757,0.015690326989838355,0.0007599177660511652,0.0173225141819931,-8.592029676954992e-05,89.35750092230917,2.383597138249624,85.29197994283524,94.24054357264389,-0.34417552422340947,9.592937843238817,3.1689296808264715,5.619185176649118,15.050562289129406,-0.36274527355693414,0.009372151279658023,0.0008766668977268558,0.0113615009122722,-8.411669851996155e-05
103.509539600918,2.1856696217314897,99.78203979930952,106.81994609658317,0.2706887037412943,-4.282872542234426,0.18663657152094837,-4.486027154615843,-3.872898855990075,-0.005312142887569333,0.011786283382077135,0.00369922319980647,0.0173314230299685,-0.00042301429502374224,Single-leg support phase,102.88919194283638,4.637350399222759,96.62929149476544,110.87154064466152,-0.5477788134575416,4.240396485229825,0.3295524510762989,3.348125165303649,4.760040545079628,0.05430443768369149,0.015073599834685081,0.0003536558506886813,0.0154831273548487,1.375122094501924e-05,78.27050061295304,1.396801864211254,76.01544118327263,80.73693850467858,-0.1815960508233057,1.039406946026564,1.7625346831193798,-1.8841969765035889,3.839928957671863,-0.22015868977597894,0.01591230482638144,0.002712646101417344,0.0206790008373898,0.00031154589380312693
106.78229250295871,1.640044766804985,103.80979566378984,109.07257009417128,0.20241440116851697,-4.092859017850009,0.2584459247928658,-4.485621785593629,-3.7544621116941466,0.028121525919210875,0.007921878426857886,0.0021871564272231904,0.0106486459402878,-0.00019305056165841154,Single-leg support phase,96.58153908981731,2.7718430806049668,92.34096988863573,101.80224684428316,-0.3638952675249013,4.8879243000733155,0.6410099149916241,4.121368932313646,5.940579811360326,0.0651241339984897,0.01494659914644393,0.0005025133680104332,0.0153184913735145,-7.431374794913078e-05,75.83798514553885,1.4973328147525287,73.31785959344657,78.22626390052257,-0.18878478104138452,-1.8883821139847057,1.7307246503142268,-4.64692689744542,1.067415947094578,-0.21978241709769225,0.018796867336042314,0.0017356400266785373,0.0206790008373898,0.00014074794496729616
108.77460814109992,0.8194642716574178,107.06083046188084,109.8079282515797,0.04415963390877063,-3.4213292121496055,0.5359647880674406,-3.940694195136908,-2.2904097770386302,0.06347247761916454,0.006043417749308607,0.00038796482526213085,0.0066898178733122,1.3721788998500008e-05,Single-leg support phase,92.33128419444445,2.265066543944559,88.91329524465318,96.28076597138782,-0.283364258720563,5.809161839358082,0.44897119766146815,4.863723891803541,6.27795288034327,0.054351889617744294,0.014081446412651523,0.0007814754676826968,0.0149339150606511,-0.00010480018783320003,73.10346378430029,1.7373676986942792,70.09886546404681,75.82144309556641,-0.2200991396738307,-5.214281358658567,2.251542259345879,-9.508580300867589,-2.090106764149357,-0.2853259052583935,0.02007429940272715,0.0009383453531229584,0.0205073023781564,-0.0001715356401672154
83.91352727934196,6.596477358641727,74.51641545301555,95.48356284655492,-0.8064287459053602,0.12794369535261266,0.7525669380381601,-1.0512832311240266,1.2764802884315245,-0.08952936613675197,0.007989361409346148,0.0009185298538173861,0.0092591228638804,9.59354326693308e-05,Dual-thrust phase,96.97209745327532,7.408790028992118,87.83805580777592,110.28451877660795,0.8633254988012322,3.787849315857981,0.8499656617813399,2.9832282954950475,5.489284603097856,-0.07502795790271154,0.0132856211595218,0.0007336214749580271,0.0143955427133432,6.553961160969613e-05,60.714294399503395,4.036461780937463,53.63138341594249,66.14139782525497,-0.4811544003581724,-30.584783524001733,7.62989492850503,-38.98796782186047,-17.75200450092817,-0.815595197973585,0.012457543029418384,0.003224666531384008,0.0169038981345827,-2.6122608977580787e-05
75.20020188769413,2.0128795192112436,71.71360132290789,77.37415080499612,0.2135423011505231,1.472252332487268,0.667702500347929,0.0954944810843936,2.4091878605205417,0.022050014363084368,0.00889564299382441,0.0005909985741707538,0.0100668302022753,3.088115348542692e-05,Swing phase,129.31532700828944,1.816565532964474,125.88197239043866,131.40158189996296,0.0006082529729038828,3.985414225143091,3.486871382593798,-2.8266999951470746,7.286582994631986,-0.32796468921018374,0.014882421842890061,0.0007333603153211224,0.0157035972371697,-1.6225998336792295e-05,75.79911826690756,5.431037019157086,65.7970461768224,86.24741353593366,0.7865525907350482,-20.150939076788042,14.390422088541674,-39.47471192328756,2.766347999028774,1.6246561508583204,0.024928660108231908,0.00536976552354177,0.0277231485775445,-0.0004540945224064769
87.07188368248386,4.200654707687173,80.10838103505324,93.95423688913648,0.53253291746474,-2.414179115137043,1.5077427490671,-4.213468496393761,0.5568885321308314,-0.18311110900510327,0.01490697491320617,0.0011118680861994807,0.0160616212904782,7.961216454058462e-05,double-support landing phase,123.57471426359862,1.4541831464335182,119.95498777766412,125.29802571941002,-0.12349215895512017,-2.0226688578851415,1.9339516052096513,-6.000542036570407,1.0421027634699704,0.2708709538477069,0.014851270427471744,0.0007207447652112016,0.0156527008641243,-5.425420423591148e-05,89.55611939370785,3.379238150932491,84.58403287495977,96.26311984095344,-0.44919565253821775,8.149875789812652,2.847503320577157,3.909696085897535,13.123490241562068,-0.35437669829478974,0.010212312769129076,0.0003639494270704466,0.0106241424696124,-2.4031303652269206e-05
103.73942041849867,2.1202493315974276,100.47046175933312,107.20187743195729,0.2589006027932372,-4.317163000067603,0.2121592476270457,-4.617294666477964,-3.975065635941775,0.0011989209951652415,0.009306567621802906,0.002866510512015877,0.0143560474031912,-0.00030474918402981536,Single-leg support phase,103.18120879083267,4.775008429576788,96.97418542206655,111.8912301470931,-0.5737324894240978,4.602466308311826,0.43539558210518253,3.607469099144257,5.2552499877536665,0.06337618802343883,0.008033800268688,0.0023325219629876204,0.0126482491145345,-0.00024218664060399233,77.54417530259347,1.2627169848547655,75.51710046210226,79.6363434860284,-0.1584324239971589,-0.09181177655087858,1.6110008194119172,-2.8336752038457167,2.3159478392319515,-0.19806242473375646,0.015210745102570533,0.002978345784547676,0.0197303437873931,0.00028533003679584993
106.99340672343507,1.6842767928446911,103.80119419505031,109.10252890626715,0.20389748889295534,-4.095700600242759,0.2435289085036793,-4.582103570979018,-3.662546028639093,0.0353675977823048,0.006759260949671724,0.0012414862672951725,0.0096100323124886,-0.0001424771098030154,Single-leg support phase,96.74800798866394,2.8912771322079136,91.8555075874465,101.88036963441937,-0.38557161719126426,5.1950137982201205,0.33643197922894374,4.666923176379899,5.606135703350455,0.03612355872963679,0.0065271312633961,0.0004387766322337511,0.0075455499959065,-4.4869588218750015e-05,75.28696100029848,1.4128215487496034,72.75689605187237,77.3548550714206,-0.17684457767493184,-3.0244899770981117,1.8897490573075055,-6.443207761748058,-0.2589100394753726,-0.23785760470279557,0.020177069927007685,0.004596599306138184,0.0285200767943199,0.0005131861441951269
108.33540471195091,0.9694836928865562,105.45492775015518,109.30040573701802,-0.07657798125297159,-3.3331392854905824,0.6789274699803872,-3.9994316238242686,-1.766162848203754,0.0832903680537985,0.005959869318847362,0.00032728093306029076,0.006432568618416,-3.495019334629231e-05,Single-leg support phase,92.14709138041358,2.572804681991426,88.79682128425719,96.65686735765163,-0.3023094643613247,5.588656730718252,0.13839013671361836,5.300399684794652,5.826637634871674,0.020239921156808557,0.0062970907942993,0.00016075349506635032,0.0064174172936817,-1.3713358773646141e-05,72.61831915345951,1.7318493681560074,69.68833154554486,75.33123929406945,-0.21703491340479203,-6.92447736457556,2.706743444816878,-11.672809817146712,-3.057814752485598,-0.3313459640254275,0.024880918004188332,0.003818015459677902,0.0285200767943199,0.00029169405548039627
73.44616804932947,2.738870137716029,70.65680989980959,78.08327393279549,0.2455609657687308,0.47881320520212867,1.0911820954554052,-1.1585768864184456,1.995742616486732,0.12131998088096838,0.0061057201457174,0.001071449217060532,0.0077964821516218,8.307982444992305e-05,Swing phase,127.45185740257025,5.324285330957877,116.67010794030467,132.59196641042365,0.556325976653468,6.215181723655447,1.1265396580551947,4.149868008038238,7.979053395348997,-0.03757383246280916,0.009167242537096084,0.0018081476064699664,0.0118826023610538,0.00013091363392701537,66.84865525072826,7.840184009986278,53.75383330634295,76.76157461019854,0.8849131270713688,-33.21604195174283,8.048560839129244,-39.41361245881857,-14.405910138894596,0.9618347046124605,0.02391528232033195,0.0005961745067913363,0.0258598294391599,-7.499134299823847e-05
76.9207076388703,1.8308737357178948,72.50857925917653,79.45926616089434,0.2673341116045314,1.2012722002557594,1.1063390344786002,-1.8264119024319416,2.389281698230218,-0.0963512053971291,0.008820722225450715,0.002588270375838851,0.0126811261823525,0.00025816428248141534,Swing phase,129.69710953240528,2.64778719211764,124.1149479534311,132.59196641042365,-0.22632838835771069,2.8070118434569147,4.561674044000824,-4.001232185498854,7.979053395348997,-0.42165676527214296,0.011070879821159884,0.001228122724188318,0.0118826023610538,0.00015220046655137307,79.62597923831086,6.882107841735973,70.47707511056338,92.03171393921872,0.8290245703328978,-14.264242244408631,15.086263856763798,-37.490148422746266,8.815838193606197,1.7809994852443256,0.019866650573543275,0.005589289321511872,0.0239161477769276,-0.0004090583327077347
90.48190598526156,4.213862143223806,82.94222880275876,97.18025476243858,0.5476163830646084,-1.8337526394256083,1.0341249935764696,-2.8236120345064752,0.4642474533907761,-0.126213858891785,0.02195982766307937,0.002173950630726421,0.0241745836843143,-6.243724642153901e-06,double-support landing phase,121.9144365883572,2.447465095580634,116.75020087610775,124.6897795902252,-0.2661248564232892,-1.5621514619278156,1.3801507327961926,-4.819552177855253,1.0370284192948964,0.22525309989039036,0.015700831306997568,0.0006326149586649544,0.0159024296907864,-8.872126123101152e-05,88.78592689864078,2.5992108931287876,83.99444725403109,93.61612520555916,-0.3700645365972335,7.280238932802959,2.8424833371905374,3.534175284763845,13.009943323183755,-0.3644526168623043,0.01599932334000812,0.0054414459860889,0.0278745487540561,0.0007260077979666732
105.92008709431252,1.8357806971179456,102.6911930291997,108.80881639879608,0.23529320652293798,-3.4170029301220732,0.14045277119121913,-3.5492648545835284,-3.014619516617542,0.009108656497651605,0.007062565884101166,0.0025430168985707707,0.0097303578185332,-0.0001325125223608269,Single-leg support phase,100.54832724091078,4.336391394927964,94.3110186798708,108.37337619907812,-0.5408599045848971,4.108781249013212,0.19125349257380658,3.512078622028909,4.388110636309793,0.033693539010803214,0.005010174334649019,0.0006942886430278128,0.0057968294387403,-7.2261650434038576e-06,78.0545493932008,1.4161023227592973,75.6258242694246,80.22225744893444,-0.1767858915196094,-2.714294564954583,2.0286920802935513,-6.146009240776127,0.5675841518218687,-0.2582151304845383,0.030481720654843204,0.0017320151342494494,0.0325344823266568,-0.0001390637882815808
108.54676043635854,1.2700253294531796,106.1146100955532,109.93863834689608,0.14707800966703388,-3.0228545366501405,0.4071049915894796,-3.4882839960650243,-2.1031169960040272,0.05327565384849989,0.004527657198870307,0.00017286408112978703,0.0046924013603912,9.44542446533463e-06,Single-leg support phase,94.52092480868707,2.819061458366413,90.50613291088524,99.67998745918683,-0.3528405595500612,4.486375801227003,0.328177310723644,4.10696048385458,5.171351539473661,0.04093811752381079,0.00442436996933823,8.036758730969561e-05,0.0045153387560794,1.0783759143534613e-05,75.44298067164877,1.6675994209673066,72.61436780617626,78.11312673517467,-0.2114907280384005,-6.242339778436277,2.1337087673190633,-9.8424253353815,-2.660481160508427,-0.27622862211050286,0.027101795739147765,0.002212969090953648,0.0289458958653606,-0.00014064492223440382
108.57562824865441,1.8955486632907748,103.3201314210104,109.93863834689608,-0.21872996481465362,-1.7715476707923854,1.1644782946648562,-2.944589200915156,1.195893111509496,0.15924931970864045,0.005303363629005393,0.0011906495336069483,0.0073201131752489,7.944337241539228e-05,Single-leg support phase,90.47023383737688,1.9515560170012614,87.7450041965519,93.9408151488409,-0.23830042124188439,4.913982017864862,0.2739202396724536,4.416257675619819,5.25165078792923,0.015429967127474993,0.0044112909065495455,0.00010574700979286396,0.0045153387560794,-4.75697571360769e-06,72.33770782417346,2.0155240619146704,68.78104366215324,75.41927400371065,-0.2553165515983622,-10.631134797231853,3.0469517558217265,-16.254925636993146,-6.436107973463481,-0.3776468332126794,0.02364314550612698,0.002585146920109037,0.0289188238313357,-0.00030730973687062704
76.32495475224759,1.57334839375313,74.22313137202177,78.12845278670943,0.13101712358336706,0.026051723586451043,0.6809791227590384,-0.8194206801115742,1.314893850796656,0.07885642127653034,0.005188568696603284,6.598136661005867e-05,0.0052653415825539,-3.983516351207689e-06,Swing phase,127.98785714795669,3.1444055184387114,120.07140745598284,130.99661368894888,0.2787192131437139,4.253763389761146,1.7525753261710102,-0.35152783858048,6.175175513910731,-0.17140189052847796,0.011546965127036107,0.0006448609413970285,0.0121659172068436,4.871425265286536e-05,71.56927313982796,5.987065552788921,57.72840942405221,81.4177903248773,0.911130034647119,-29.520491523671385,11.508204377711799,-41.57538230296842,-8.893609458637284,1.2016900446794745,0.0179371565338683,2.2661252761175297e-05,0.0179576400388569,-3.0563672149230782e-06
78.2753864274984,0.9616895436809814,76.82498429508944,81.16488729558397,0.16691934617286655,0.12684053653655455,0.8654679326379735,-1.6513975205452902,1.314893850796656,-0.055435636912444824,0.0061882983611629885,0.0010860854720289577,0.0075629885102853,7.781006466341152e-05,Swing phase,126.92177603274821,2.992317242970317,121.93035083549954,130.99661368894888,-0.3487024174403594,0.6067870641653935,3.5543989767404724,-4.164428120428777,6.170395445902166,-0.39749321408965166,0.011834374755876304,0.00030279090452958035,0.0121659172068436,-2.3506131244673043e-05,81.80033989331868,7.6555560457364376,72.00497847051722,93.37596166560112,0.7803010264253006,-8.250891903334285,13.391260215644097,-31.6422916529821,11.57894965563351,1.6623554349467542,0.015408938370009515,0.002591826041114347,0.0179430612120003,-0.00018649034705819998
92.31872424125542,3.7314820661162997,84.87852205408204,98.19972060054756,0.512353790248674,-1.7054535079589017,0.47546158007227834,-2.2477803121803905,-0.2272887893579116,-0.07706485396147801,0.012916434239688497,0.0010683042309965521,0.0138713739478383,8.709737951676156e-05,double-support landing phase,120.59381073849016,2.475770138425219,114.92971994986272,123.1447887252149,-0.31266119261423325,-2.04498109794873,1.4767924719490613,-4.228908731327555,0.6611013030275343,0.18807730901365727,0.011239606461364222,0.0006543227971275863,0.0124477554572146,-7.263271466017307e-05,89.59943504361527,2.7288399678775277,84.70650858350321,93.70711594647862,-0.3461772062682852,6.4216973232202275,2.754568206546481,3.237307576572936,11.912724080315764,-0.33366986552857025,0.008996151858810131,0.0009279656017503878,0.0100600134165536,0.00010772985241785
105.84077951777762,2.0249475129969605,102.38636428221858,108.97843617131691,0.25354122650378214,-2.6360788192764697,0.18897072352364683,-2.810783991431111,-2.190956328426695,0.01857794358814758,0.006363680861492958,0.0017551208129945122,0.0087339444725548,-0.00017419416066365,Single-leg support phase,99.64572684189761,3.5908339999731718,94.77944757813356,106.7733189718805,-0.46130274591334397,2.220882599404898,0.3733068881526961,1.7418177453353243,3.061930093831267,0.05077355186522857,0.004913919726836758,0.0005540328162165531,0.0056639678809922,-5.553394335042693e-05,79.33701620802655,1.2041969201056517,77.30855272061943,81.3490148837115,-0.15540239088815666,-1.8751374311951172,1.9480822181191908,-5.172310350506926,1.0556604694443583,-0.23953733922889556,0.01447005489207445,0.0027070381816861507,0.0264074134875046,0.000537935141597327
108.80140131859214,1.450829396956994,106.14859980744626,110.66761470579016,0.17380826532091914,-2.263912586081081,0.3206297523599903,-2.728059459772409,-1.5138925184245755,0.04669872851337821,0.004735605800600516,0.0004932759555176552,0.0052680084424609,-3.639561823545001e-05,Single-leg support phase,94.6158397445545,2.4481858588282988,90.83500335617582,98.59094115713036,-0.29830530003671313,3.145699711252824,0.750052585038427,2.02060727888606,4.299423756344518,0.08764678759455606,0.004392056297658731,0.00017095400793486155,0.0045770814227787,-1.3053396268080764e-05,77.17116800358392,1.349027051887165,74.87801772114818,79.28503481606381,-0.16950065749675503,-5.126336138435809,1.8820337887296055,-8.1332938212416,-1.7622497853643868,-0.24504015522604664,0.020395077917838237,0.005309036193561173,0.0264074134875046,0.00039349922860329223
109.50579415366785,1.4663529971770202,105.10656105313224,110.71548826238694,-0.15741972353753214,-1.5003827513168266,0.6297273439843718,-2.2037322724354094,0.0190814118045028,0.08402005552436066,0.004350791526779977,6.0296282837224466e-05,0.0044207797249372,8.39717357737693e-06,Single-leg support phase,90.82262470210982,2.009894728085615,87.73595970297613,94.42670345506951,-0.2573362981574378,4.139184383104707,0.4432491009458455,3.167502223878905,4.571264016747961,0.04762336972252908,0.004132871413963599,0.00010897965586691247,0.0042450958943293,-6.911130360330773e-06,74.64985792959354,1.6283942590431695,71.77211424451575,77.13146048885218,-0.20612870170524752,-8.725128656471533,2.408944947970196,-13.305572491757514,-5.414506859388196,-0.30350252432189684,0.024508405749750696,0.0006766261368866921,0.0264074134875046,-9.728684955644227e-05
103.41413769350041,6.434206957849166,91.86452594738924,110.71548826238694,-0.724944200645993,0.2121730046106489,1.287617799685627,-1.391418519139789,1.884962844581128,0.09643037725799869,0.0048173753973976005,0.0004529026569631812,0.0054082845547812,3.28493361016423e-05,Single-leg support phase,88.50848373674454,1.0092762785643363,87.36848685676598,90.5956821812226,-0.05144330904471307,4.365822278920257,0.1524777371183217,3.958896279430703,4.571264016747961,-0.014978008144940179,0.003948168861720169,8.630617211627933e-05,0.0040302933650913,-5.9145211604653705e-06,71.64925243874664,1.934491152203695,68.1609119178526,74.67175316735664,-0.25041697113477074,-14.154493669533972,4.112231273237187,-22.24611852902225,-8.438799772712393,-0.531050721396533,0.022094490489282317,0.0020066165397494267,0.0239624372902601,-0.00013810484194055775
74.51989767642566,2.550243823381582,71.73233210119622,78.15701783920173,0.22694426205769794,1.453094623347404,2.303446986039014,-1.0651932880169044,5.868461644534981,0.2666790358673802,0.005748200845988408,0.001478927214933225,0.0092991027444676,0.0001495749704305269,Swing phase,129.76570467861083,4.583006119744345,119.76189078293274,134.0426818269528,0.4487973953674137,4.212190854556891,1.147831730348771,0.8235803019174882,5.730353961367372,-0.11589134324308258,0.009943324162489577,0.0019624967833105963,0.0117413260708051,0.0001756158410879154,67.37177653773307,8.689225767117952,51.96386005080253,77.84208439473593,0.9953163209205156,-33.933575016216466,8.465916910832732,-41.75166141745278,-15.69850765309217,0.9480873852996466,0.011514493255178363,0.00028644185124378885,0.0117635260703583,-5.817631275184612e-06
77.75293223866423,1.391629466911009,74.08744041297398,79.95657112792695,0.22573579672896052,3.8048259389169163,1.675641482843923,0.945402176419027,6.039897774209589,0.0315925240765362,0.008413442033468123,0.003221666944061793,0.0159767465222812,0.00037931729325422304,Swing phase,130.2173442032293,3.4737456084736698,123.94230619432764,134.0426818269528,-0.3347238420645263,-0.2439368097751447,5.215377574757868,-9.69096092630432,5.730353961367372,-0.5668357843997476,0.011486723776465,0.00045465062070674346,0.0124252243694075,5.223249377023078e-05,81.15912593147307,7.581698595722974,71.21179973327743,95.1736129253774,0.9216081996961526,-15.252581690704268,13.704844251177686,-36.92273517098606,4.306710474202673,1.585747909430336,0.010695811541894142,0.0018960135629325274,0.0117635260703583,-0.00022150163271433463
90.12442056125113,3.1455194401192523,83.63662444583348,95.49515957228236,0.45609750486341866,2.0443472832888108,0.45674808372498893,1.3912491340273443,3.233721336436061,-0.07086431547725833,0.02374012360359243,0.006302367658879651,0.0319728717569542,0.00045172268697186925,double-support landing phase,122.08501470773848,2.1686539838994188,117.04774213890988,124.0814941894633,-0.24449730455192054,-7.484654466336812,1.918073264815147,-11.632808610616513,-5.149053011106847,0.19083548453848967,0.013082729804048109,0.00022963273385535258,0.0133706909467445,-1.9715577173223088e-05,91.3520684309931,3.1601984148562146,86.17027694704785,96.51448380605628,-0.39785410996186243,-1.5428818775349364,2.1484588857052884,-3.852786399717564,3.8111483229823855,-0.2947667201038442,0.011255276602670708,0.0014664425595961141,0.0130507169338738,8.294020664283849e-05
105.13792337684534,1.4928114774094583,102.48845570659344,107.6331326736849,0.1978721910419791,1.309272044925596,0.16799360660847515,1.131412928220469,1.7462553930745923,0.011401642526944592,0.01713539493027317,0.00741432245124252,0.0270925310829275,-0.0008580586415705269,Single-leg support phase,102.58160584400744,5.182193761656365,95.79508269626086,111.2238968532608,-0.5934159291153821,-4.561329960418803,0.39419078086876247,-5.5853980272525225,-3.739704696312539,0.07098820503615322,0.005817641262814713,0.0017832791268177594,0.0093917699070626,-0.00019000313453985767,80.08185200966567,0.9842149977037652,78.56561125721488,81.82362798694396,-0.1253083357588107,-5.8166026144287635,0.5744713892647547,-6.574218497610429,-4.693757452557243,-0.07228692366423983,0.011566093032969533,0.00445248196045523,0.021141174194414,0.0002626525711916346
107.52498105589667,1.3171021828528064,105.14604099531302,109.15898819450813,0.1543441230459658,1.6620590941534938,0.38326348747551725,1.131412928220469,2.186641420247678,0.03944135932492257,0.008758194627436369,0.006541391108612237,0.0184622507891223,-0.0005435779876142462,Single-leg support phase,96.04842688921984,2.544423628336221,92.1220458336783,101.375387469966,-0.35589775524183465,-3.131757840828236,1.4920106842401892,-4.658945561310162,-0.6740836377394448,0.14840156206608268,0.004588979720246846,0.0004799625855720063,0.0052327922516534,-5.2036451519584635e-05,78.36344483300094,1.0529756008844242,76.54254423321075,79.8613824399819,-0.12764762333735183,-6.773111638743591,0.6850456700100963,-8.402718222800779,-5.727571166872613,-0.10289027138185254,0.01680545097160629,0.005628988249248105,0.023616426691073,0.0005597334873527423
108.43674406496521,0.8865112842672715,105.73571213655956,109.22766818969832,-0.08076206078833027,2.4725145464499647,0.5777797590285537,1.8178219694886864,3.679428377246549,0.07160024645222549,0.004480444914398757,0.0002494519904517092,0.004827496481331,-2.2843854738650007e-05,Single-leg support phase,91.99076488252945,2.2878466880167365,88.88005071289352,95.5484476736819,-0.2564768061841687,-1.310832188170804,0.8716135939320059,-3.4859031659089497,-0.6386915786730171,0.09822589828045453,0.004115445231284835,0.00027021133445117,0.0044532801736728,-1.2992557979265387e-05,76.54895681065706,1.0817270732712543,74.86534401052836,78.42170355595798,-0.13678305943960056,-9.027148773579903,2.0899238963560927,-13.039760694147631,-6.591374044028244,-0.24801487115843796,0.021700053209249233,0.001955463039508544,0.023616426691073,0.00011701930444187301
103.4311471878932,5.70421314219497,92.50842433781678,109.22766818969832,-0.6421643449358061,3.6271441708851304,0.787349011957897,2.275471212451325,4.638786498210441,0.06509678612287938,0.00424353828142467,7.701820624868843e-05,0.0043403501197736,-5.3575544808769495e-06,Single-leg support phase,89.7032170657171,0.8249065885370371,88.84348193337819,91.73238759837704,-0.04385760548465411,-0.8868766565631964,0.1691654730109566,-1.3669645578977652,-0.6386915786730171,-0.027810723828956614,0.004038405645717945,0.0001226882315863823,0.0042547666545901,9.347033797565385e-06,74.63818092209554,1.217567289246916,72.1310103174646,76.40310486541983,-0.164311328767509,-13.805411174681655,3.6342577638047793,-20.88565821144185,-8.695647882782252,-0.46884655110229223,0.02250588526017549,0.0005970176186017896,0.0232538451035579,-5.479567411688849e-05
76.79673277742106,1.7214778191131899,73.25713513231001,78.2999765331098,0.19395543849229951,0.370094121134044,0.5592553665923037,-1.3239070914270847,0.8778074106305872,-0.08072897061714326,0.0065633512494063006,0.002478225083924982,0.0111114845189615,0.00020454588920849228,Swing phase,128.3234715901999,2.33371527653178,123.38165013171404,130.52550406741491,-0.20035671161360114,0.23088639315213846,2.305136947941544,-3.360753540062105,2.6146103408889925,-0.16400728135372875,0.011499415219662284,0.0007525267456051264,0.0119770231159131,7.170021172146921e-05,77.06084881294382,3.9676963088452917,72.79885867140273,84.72349772193537,0.4586399634820249,-15.975197526714348,14.305838712298002,-38.60368496211368,7.039945391690201,1.7555242443770724,0.02335377735280575,0.008224666495736799,0.0289997672014762,-0.0006882497133571653
99.06555774411484,2.7504451443502838,94.5401208283082,103.31526794611764,0.33750565837728613,-5.732306767582889,0.4159019121330923,-6.131687685718624,-5.014546320272224,-0.03564212302373831,0.01739933694102106,0.0017685520274978682,0.0193166113410844,-0.00014123540664009228,Single-leg support phase,108.78863301838692,3.1399461339677983,103.51650557211694,114.26104709392172,-0.4132515969924914,2.704175067361447,1.1054028417012969,0.9584740730813152,4.333259718012116,0.1297994478819539,0.007754985375870753,0.0025591260299270384,0.0101299818652859,-0.00018038236021432303,79.08228555435602,2.1586507598900653,75.73842988228289,83.07154661046238,-0.28204295108382654,6.934741844917354,1.9391662425711307,3.4094064882805246,9.899418341557553,-0.24961584051065494,0.011039764017371586,8.324577037891895e-05,0.0111309031155444,-6.630956300088453e-06
103.26562385104035,2.18794987916752,99.4177474278855,106.45118831754507,0.27051695729459896,-5.8474474606465305,0.2476823243596159,-6.131687685718624,-5.447948378718792,0.022264526731589126,0.012896355798218857,0.003481921467020911,0.0188822733423173,-0.0003722293278813231,Single-leg support phase,103.00279612171583,3.6497661130283316,97.05853048905776,108.49466366638956,-0.439851276051223,4.111596098392687,0.5801670951505578,2.7037038308921315,4.66196875308319,0.07531788162273303,0.005007336938898804,0.0010814541773680208,0.0100214730949913,-0.00021256911380584234,75.834147298739,1.741436224806369,73.30834633572772,78.80002890176179,-0.2112185602320797,3.421122709697044,2.281350299520894,-0.3376675580001479,6.8786795351823455,-0.2775518112762497,0.012052952820660058,0.0013037471734567054,0.0141442497561308,8.937995634952695e-05
106.49506011568943,1.613270619165444,103.60873179138108,108.7636389254546,0.1982656590028279,-5.138017624633499,0.5991454096643625,-5.889820130682055,-3.9743011857534,0.07367380557417903,0.008283197430004777,0.0028695322572555833,0.0155168605984138,-0.00039941395535666535,Single-leg support phase,97.02756199442595,3.3815633584075733,91.66339709218492,102.97876871780402,-0.43520660098534975,4.82236012123539,0.33848187364923216,4.389501211250905,5.429187783664874,0.03998794509284497,0.004302988709220522,0.0004289097365436722,0.0051695575389951,-5.382246505069616e-05,73.33963099517811,1.2098774195891329,71.49129030105286,75.51937896556167,-0.15492648709649287,-0.3648796268513059,2.172905062749086,-3.701343834315762,3.15242389456579,-0.2636064511108289,0.016425079089349807,0.004936724332527534,0.0244863065654615,0.0004693191844014039
108.31457749571979,0.7467013197898026,106.65440664106944,109.12428490214592,0.03897198693771687,-3.7896585171714006,0.9936125788099676,-5.376608235021012,-2.313043027264164,0.11782943106757106,0.00571461490417365,0.0017403862468763367,0.0092043108174029,-0.0001817699305429731,Single-leg support phase,92.06518875583447,2.54213538404995,88.56138301281992,96.66918754154216,-0.3118386357200862,5.292928467992723,0.27537012359679924,4.704509211664927,5.675723080101065,0.037354379555236066,0.0038339236348776348,0.00034001288058015556,0.0044946761360394,-3.6791970999380755e-05,71.37558002259969,1.125343933350473,69.4329549962404,73.16164551280283,-0.1434111737139399,-3.9812704382660677,2.1309382045646745,-7.974680457244683,-0.6182889932341681,-0.28293813323117367,0.021136095896484294,0.0038703281513165094,0.0244863065654615,0.0003346198244583923
83.59733118650362,6.582127648730781,73.9932212819107,95.12971277583492,-0.8129419805355466,0.0015010567242411206,0.559086086152233,-0.9793756909025476,0.9487282038863892,-0.07415784210726681,0.004068316728204138,0.00020986588513880188,0.0044344007547833,6.803302183892296e-06,Dual-thrust phase,97.22096810960592,7.664159314253796,87.87126818779389,111.08759948560918,0.8929358191467418,2.088401103692656,1.1364528059842247,0.8996513905485968,4.127839150264622,-0.09760082560994365,0.005575074117708792,0.0011594370489255968,0.0068044652874088,9.399174999103846e-05,61.0207756375185,4.053780471205424,52.891575147358814,66.33371110299409,-0.5170052290628951,-30.139772468505456,7.820370252013472,-38.92255690930747,-17.007928742164456,-0.8185644908065194,0.010095182593628462,0.004542696332569722,0.0231178954369599,0.00042786002526206546
73.47849565099031,2.402507893090656,70.26765312200702,77.00420082349662,0.258923138482205,1.6836057974351026,0.862744980953032,-0.1624766115774067,2.8412041318231034,0.09041951818861829,0.0055156893719674705,0.0012613637687436793,0.0072782707339425,9.545957997243846e-05,Swing phase,130.9211169150975,2.044944987650957,125.75031828248363,132.86340524850922,0.11718752155593119,3.754788139126986,3.05366007640159,-3.341027650362039,6.900254192130322,-0.2607594535232832,0.011477127012812342,0.0011617735875929555,0.0124951357483844,0.00021650306413729614,75.81928506368625,4.167444567956803,69.26649566768586,84.83271179190201,0.5987006201621597,-20.48023959094584,14.639239047926576,-40.88738532727695,2.5180315777029048,1.6694391117299945,0.02290248801786198,0.0033637402617304976,0.026499047831757,-6.587884177085386e-05
77.44101066582067,2.4338816717014335,73.84428247882798,81.75746833806433,0.30435330227832114,1.5531110300548738,1.0013040449961477,-0.1035709641948296,2.8412041318231034,-0.017475685304788765,0.007875505351084916,0.001976907159568287,0.0113300597571445,0.00022277706416476542,Swing phase,128.62725487354015,3.362533567175477,123.73289501943044,132.86340524850922,-0.34969060098266824,-1.683642135086912,4.366686131482544,-7.091315560828992,6.023197591156661,-0.5044043519994482,0.01237991513804574,0.00045837098393969826,0.0128909531081593,6.69391877177846e-05,85.1006463368619,7.927926396761744,72.2135285066157,96.78694800912122,0.9451315193271352,1.5038009500887015,10.7418681063103,-18.566403697508967,14.05422020705534,1.2546393809447811,0.01670423312732843,0.005356704142422037,0.0257111058910625,-0.0006052303712555961
101.62439093475008,1.805188047848374,98.04948472222442,104.33440286205668,0.24172762076277912,-0.9244111169785962,0.05873537184066164,-1.0201787246315646,-0.8372509978880752,0.0010986191886741335,0.013358973751535582,0.0034886818860676064,0.0173939689791333,-0.0002614296495326269,Single-leg support phase,106.48762081259609,4.178381923897415,99.86563166417088,112.63790108551495,-0.4912411315901568,-0.5591039209983916,0.42748860778731557,-1.349648807234327,0.0064771024018246,0.03732594710293654,0.004378087924033451,0.00043964365961067823,0.0049081889655815,-2.822099967564232e-05,81.2818010575159,1.2477326486175417,79.40052269314516,83.34188934205157,-0.15159102495793883,2.003644824176409,1.2516870478985773,0.0140325628740167,4.089339803834406,-0.15674258619078418,0.00826491121448935,0.0006526592597518448,0.009017977262384,-3.8886170874350056e-05
104.40022309231341,1.5129030468053855,101.98894799577734,106.69559825329355,0.18102500990446985,-0.7590865333653645,0.24378123580659206,-1.0201787246315646,-0.3587530235213654,0.022709613172564962,0.00844428651055184,0.002351030052809804,0.0106306005122734,-0.00016770604428393464,Single-leg support phase,100.56584598097403,2.9373044882835826,96.43029296572853,106.68405523262304,-0.3943754718036351,0.18580598046509245,0.6812499269081077,-0.5633626852735506,1.5765595827535153,0.06074850696677233,0.0039963111232938385,3.094633629813061e-05,0.0040286320169219,-1.5272567065807707e-06,79.28934459574914,1.0775573067512436,77.42966273113267,81.02117125689755,-0.13813494329864923,-0.2612975290406616,1.3716627149786589,-2.7791134923390906,1.831864898749463,-0.17734532273417514,0.0138771453015249,0.006761918015572917,0.0229109546243051,0.0004963035704532577
106.55984820525943,1.0301468046102338,104.54361795718752,107.77825306567098,0.12195094922587821,-0.17995618978967473,0.5286287452342215,-0.8297171759012882,1.0822003165718252,0.07353528817204283,0.00583008857829801,0.0010350006056502425,0.0105044021815786,-0.00020214522945673463,Single-leg support phase,95.96701302724192,2.625024595155382,91.78088129438883,99.62277204809185,-0.30161118283473126,1.4596032341033525,0.9219665953158305,-0.2582483059457085,2.695865186417864,0.11361974970629125,0.003997780516473404,3.635907629064769e-05,0.0040391144510758,4.464757672038455e-07,77.32843708617303,1.2199678612934999,75.34092286523243,79.2555423029282,-0.15056228606522218,-3.176621711026959,2.0406205951196212,-6.854404920208589,-0.2021017084532761,-0.2558578158367428,0.022213633437333638,0.0036070613620417824,0.0255034513388292,0.0006536419590840116
105.8162850815219,2.566757662335903,99.20491253406225,107.77825306567098,-0.29272177303470615,1.2964595628288857,1.3383340772548635,-0.3468598338298432,3.9485498530439633,0.1652080648797618,0.005616741796097154,0.0005000456592233923,0.0063933854130553,6.780810678499991e-06,Single-leg support phase,92.13867152895718,1.8963330241202252,89.98758339028718,96.02651813602066,-0.23050372591350327,2.5573798463389177,0.4066102666115182,1.6933064052373907,3.019624032628427,0.03620728478575194,0.004007283224496254,3.7940514752060685e-05,0.0040391144510758,-5.595489698884807e-07,75.3427256179663,1.1086507219554949,73.53376471478146,77.25310073344743,-0.14305138533330655,-7.383140385134637,2.929890976284994,-12.794742009570324,-3.087018025990506,-0.37337399936845456,0.023874721932395017,0.001589703250687234,0.0255034513388292,6.858181423683459e-05
98.55399314890377,6.519151862440737,87.85328307541258,107.5906297122256,-0.7591287168005011,3.0765422261299493,1.0286608696958235,1.2251366967074075,4.400486187991556,0.059630928198265404,0.006109079527831905,0.0004372171423815069,0.006506684999849,4.763935069228844e-05,Single-leg support phase,91.48722449368006,1.617062515361923,89.98758339028718,95.70197919664096,0.15849575221048604,2.6054607226309887,0.32452026210904084,1.9029174829563016,3.019624032628427,-0.03345818858269305,0.004148041071438884,0.00028790259291042446,0.0047158128590867,2.023077414633847e-05,72.98484325182628,1.720986972690691,69.63524926440336,75.19268695649343,-0.213747603541926,-14.10719677705088,5.144323974085953,-24.31800073716597,-7.22416154402981,-0.6574553535821601,0.01896880484521112,0.006906893426950229,0.0249766834619125,-0.000625395276569373
77.5023669022624,1.1676331896555647,75.56277548393672,78.70898259804162,0.12067324235096667,2.538799666629708,1.275103841767889,0.7719676178698465,5.010505292271108,0.1630206797846639,0.0065896814605746696,0.0015772114879309962,0.0083782737951383,0.00011963961797646152,Swing phase,126.62511176113897,1.8902772758533393,122.51419683429292,128.98912889972155,0.06789889754108622,0.9479102128453047,1.9921473943162402,-3.855769707963976,2.7466580268590506,-0.22883320973724283,0.014666749381866323,0.000393716025201372,0.0150234274915822,2.4622415095976942e-05,74.35590199448797,7.189815899412585,60.51329889819778,86.11106103036961,0.9845293127758397,-26.226840704545175,9.723781478180197,-37.958651174076216,-8.320200805336874,1.137442036216945,0.005173798315685365,0.00017050058965948058,0.0053720681711277,-1.260283752738076e-05
79.24722030749261,1.0148883975546767,78.3255275654725,81.44140078561641,0.11984127769784272,4.1586025358281,1.00894163731239,2.1166230423089933,5.163385964797416,0.0806797086627336,0.008630887080517737,0.0008766816114888492,0.0097845844595425,6.175398897061927e-05,Swing phase,124.74055552806595,2.37210794709617,121.62283270048252,128.98912889972155,-0.28331908458611654,-3.0446060758604903,3.6865293726446433,-8.85310157306093,2.7466580268590506,-0.44090312762394235,0.01368383926306221,0.0014479446680979186,0.0150121192128409,-0.0001052865526810885,86.09919842788628,6.7488437893586655,76.09348713329909,96.15923104019588,0.7717593810344917,-9.589233744647746,9.86424631387671,-27.39560365221806,2.0146207602644863,1.1311624774031748,0.004953068837731408,9.432024557433149e-05,0.005041445952065,-6.934982543592334e-06
101.80259591538757,2.01132055712812,97.86880425055617,104.91504634996473,0.27100931151571384,6.065027253735481,0.1169549124508072,5.917859631343202,6.333322216714258,0.015979330206579087,0.009940489901546825,0.0016924856395609063,0.0125152669417715,-0.0001896598169302577,Single-leg support phase,106.6745972251449,3.816460129897356,100.53990267735804,112.66141692752235,-0.46621208654478113,-4.50157007173626,0.6667755925031642,-5.84806245825535,-3.4474735872040294,0.09233034119428155,0.004599859636155926,0.0009250213308416201,0.0060941557884173,-8.677905051261921e-05,85.65684628035481,0.635729535998057,84.73665986680999,86.9912011016846,-0.08671312441825417,-4.900193037842843,0.5416641933758256,-5.740523347660318,-4.185320462625209,-0.05637826224063451,0.0226232009207322,0.003981284322478801,0.0291282505981569,0.00045417319443730387
104.42644823408583,1.2216775308364312,102.0070304700933,105.53989800777374,0.13587952068001713,6.306526128717325,0.2545113691792946,5.952026557513317,6.806992733472132,0.03243841152050454,0.008237784463811331,0.0009189919313191921,0.0093855354814808,-8.511843611878076e-05,Single-leg support phase,100.9057422006683,2.9951684481098533,96.66895112893472,106.64145690663727,-0.3835579145270212,-3.267523768288742,0.8270572345016152,-4.423187453806009,-1.83035069902803,0.09972449056838381,0.003992586642469269,0.00017536830518466152,0.0043118560427753,6.228276383069225e-06,84.73586956296005,0.46504823481316804,84.04819163525248,85.54256588349544,-0.05747593262472934,-5.889184508975318,0.6636916647558846,-7.286661213420987,-4.954648522185194,-0.08969279581676126,0.026875930110988162,0.0024926374794909264,0.0306523210568092,0.00026184545163658455
105.45369373930234,0.20514165612965823,104.90733573563848,105.70089973807524,-0.006538044542113452,6.662081040678252,0.20655028207378073,6.332232458767376,6.858105717380499,0.019989924033433477,0.007399460374650965,0.00034422729764811455,0.0086284694999749,4.016760763038845e-05,Single-leg support phase,96.73648735535991,1.9538077331253791,94.09409326934008,100.18541989697816,-0.2342817933706955,-1.827117576758856,0.8620429271996481,-3.333496245111951,-0.6929591412708781,0.1015591193785028,0.004087676881943303,0.000211798078118787,0.0043135546710099,1.8294392150796158e-05,83.99906941783524,0.41146893373265314,83.1744254108931,84.66855420265374,-0.05746649199079402,-7.50321776202844,1.317691431850415,-10.110983807279158,-5.782570029362463,-0.16647745299679595,0.029307030408545928,0.0015863851943558446,0.0306523210568092,-0.00019244490504823075
104.13610853676788,1.808711674319592,99.64504941262514,105.70089973807524,-0.22808075121627852,7.246120927030057,0.5941112895456704,6.804623394349874,8.600714095370776,0.0680545176563214,0.007871009061890578,0.0006947282205790034,0.0086284694999749,5.2070293673999996e-05,Single-leg support phase,94.25199636033595,0.9801957445953892,93.19487531221442,96.3752007702403,-0.10976158715223779,-0.9709089371425459,0.2852277619632217,-1.7175645568714726,-0.6929591412708781,0.03686831491893882,0.004286836842566677,3.212322921070321e-05,0.0043166398084044,2.1314779053307618e-06,82.92131204389385,0.86903142152641,81.34924182113471,83.99987059275081,-0.10194726044677302,-10.452094944714828,2.168057980483953,-14.313522433657738,-7.443942396923289,-0.2642146167974788,0.02714046093350871,0.003124139509908862,0.0305207969376239,-0.00023266266525588463
98.35657088346427,5.1424039275121824,89.2106609709941,104.72593428280769,-0.5967412812235995,7.955724170649371,0.6430842985854915,6.901783938079306,8.796546265948011,0.009049640839556923,0.008158286745242773,0.00039337065700556083,0.0086284694999749,-3.427113899755767e-05,Single-leg support phase,94.37957032159807,1.358407351468994,93.19487531221442,97.87363421981163,0.1503154290669658,-0.9787247947444819,0.3531126957501593,-2.0233925903143497,-0.6709244587778901,-0.05051261109238737,0.004352824530298965,4.3497552276516884e-05,0.004408351285815,3.348156089803849e-06,81.28175811685793,1.0994308791460035,79.11703648514509,83.04874342470575,-0.15121949767540982,-15.14062867130963,3.4735888534038946,-22.28064292478041,-10.411268867796398,-0.45651438680707734,0.019802639539750977,0.005465032383190887,0.0244945075648847,-0.0003643593463037769
77.78851021928772,0.30906169655379145,77.30961656394734,78.21033184657419,0.00047588474360957467,2.5841106585935276,1.506317726747711,1.179436024561369,5.557332315666102,0.14332564871690467,0.005695569408355885,0.0005903848423591764,0.0069886631350731,4.418020545536923e-05,Swing phase,125.31087026256779,2.2527075267643846,120.18365815413794,127.46930593758644,0.21317806558366542,0.31555677313783015,0.9346107026920943,-2.3651683802943984,1.3413218270591352,-0.08051324634322128,0.008265716894828341,0.0005543963648803264,0.0087014694306848,4.816928382521158e-05,70.80410459999017,6.69211687558724,59.82237893271383,81.12038501516338,0.8191540800942133,-29.37260894383758,6.608191272968623,-36.246841129753854,-15.544722786615116,0.7777914055700367,0.005533785482106251,0.00013622344605679563,0.0056696994851454,-4.1013132923461366e-07
77.66350394254503,0.4307239857024359,77.03371743724817,78.21033184657419,-0.02272380745010266,4.1869065673500225,1.2245298905390225,1.847268921611928,5.782955137232955,0.035484974565043174,0.0064289719777577865,0.0008063935550514462,0.0079529659311869,0.00010082015257862305,Swing phase,125.7610727859717,1.306728759103709,123.5191155102358,127.46930593758644,-0.13017293182547063,-2.6657921046690936,3.298945410422221,-7.898098225349285,1.3413218270591352,-0.3526603870381788,0.008724784583232446,0.0004424803064282114,0.0102220115625386,6.428288882553465e-05,82.07314349896939,6.4019371965403336,71.64108271687036,92.25479316665655,0.7928350172994691,-14.612624422470997,10.764543414029982,-30.63240425537356,2.5858949433265064,1.2776268922576948,0.005447249448962293,0.0001639612164967993,0.0056663670511781,-2.1662482762130768e-05
88.06616446667,4.242522615457869,81.00651625918167,94.61484252719802,0.5233971641544752,1.4778581015259173,0.9246364143828617,0.5546466169772826,3.245517742306386,-0.10288881273732821,0.012056396870899268,0.00012963860557379763,0.0126718317962283,-2.398592292655383e-05,double-support landing phase,123.61834846710123,1.522964429046974,120.10314592890695,125.23968146643482,-0.12523029609820158,-6.017281629051539,1.3392889244040778,-9.16806303075946,-3.805994567394938,0.20623340243709704,0.012057508191673165,0.0007644300993957422,0.0131572346847601,-7.320504650689615e-05,91.73016303861996,2.7767585949629505,87.16682895219756,96.54572095297654,-0.36072661541457596,6.88597830188635,3.4476476392189315,2.1363601404184367,11.572152470923749,-0.36245413160255563,0.005873847955748184,0.00043972321524726114,0.0065445626587088,2.9173231328330782e-05
104.3121087443724,2.272069355287163,100.32744900220511,107.57402852724935,0.2787145971170861,-0.7301322357345452,0.08806237244326087,-0.8495731560747739,-0.5256884813772472,0.0001394094579401522,0.006515422671156316,0.002112018750577258,0.0113118146654432,-0.00024231532398139233,Single-leg support phase,104.26273942184528,4.615823088598218,96.85284076485377,111.8791184251218,-0.5779337561641552,-0.010337155672449942,0.6018227617959189,-1.3436433231244334,0.8080726201275966,0.08275830550969346,0.005094428474622899,0.002020755473417929,0.0097490113860113,-0.00022353594724176535,80.09561266293073,1.46219020422056,77.7594450814273,82.50266415430696,-0.1824315028030636,-1.669766115488495,1.7934537983507062,-4.9646249615618725,0.791354944457356,-0.2213838425392011,0.016041192395730233,0.005231184762253736,0.0255848719890306,0.0005857375014514923
107.59781802923757,1.5815632849452324,104.6777521841988,109.79045234566269,0.19664231390245737,-0.2701468214858378,0.5337506261031183,-0.8495731560747739,0.5396067522396122,0.04679615662847833,0.0052337428570696145,0.0004958010013300916,0.0060378696495421,-4.640688037416924e-05,Single-leg support phase,97.07418478977958,3.8313183353888656,91.75329009565444,103.88015101372396,-0.46641772761805866,0.8474424231499254,0.49979110077003036,0.1630109610298461,1.740800894906939,0.06068422822604203,0.0040917049900029,0.0002535200854536098,0.004508772769759,-2.0495724221707692e-05,77.70886489767531,1.3575419394993542,75.5352198552244,80.01482688658409,-0.1722925781292189,-4.967857260022582,2.1314138422897937,-8.414479501115144,-1.5402915452353565,-0.26439184445691494,0.02224255660122993,0.004936599385911726,0.0276145302367582,0.0004911118973069616
109.09314734983208,0.8180744103789023,107.10162599776125,110.00856075268892,-0.026347038975244503,0.4801483121278338,0.3632402621771482,-0.3919740924333718,1.2105053722325545,0.06163382556407409,0.0049078366689064,8.500174888700405e-05,0.005037038983776,1.0183340465538387e-06,Single-leg support phase,91.92197141201713,2.277955345470691,88.57358612043839,96.32374161278938,-0.29808290355196093,1.7587094288038279,0.5616857336502528,0.860438767154026,2.464989081894556,0.05973079756553212,0.003985557799942916,8.054829616724797e-05,0.0042537545564366,1.2044294738730769e-05,75.35274615656598,1.4242511672484328,72.87776405885074,77.58787907516547,-0.1811582698582589,-8.906182572546655,2.557343003935758,-13.682437940038,-5.226396557274162,-0.3252323608755322,0.025927929928985644,0.0018026538849664124,0.0276145302367582,-4.662923608601928e-05
104.55651774569334,5.694658848439899,93.26313839270472,110.00856075268892,-0.6392544702232876,1.8425525657848019,1.2251263053704902,0.5970086473916988,3.592905059210784,0.10172428621615759,0.004945153723107631,9.224724601679637e-05,0.005037038983776,7.4626569041846075e-06,Single-leg support phase,89.02826204875637,1.2339467291751722,87.7490526244763,91.49317546902104,-0.11355748910216061,2.1428706104052493,0.23689853761200436,1.7206500895574748,2.464989081894556,-0.0041882116719792134,0.004147404230711188,0.0002114587570374289,0.0049830225559299,3.873610061289617e-05,72.60707724242518,1.8411288645498736,69.01335230647233,75.34436201578676,-0.24350037343517036,-14.246738630905362,3.821819298536363,-21.33567991011162,-8.713058462107325,-0.48548544030785745,0.024514781539834187,0.0032517519076324416,0.0272607217672011,-0.0005918991962440347
76.71660417749898,1.2346620846434375,73.84090142267472,78.32166722458908,0.11913520222979311,0.6074458657454574,0.40082590864817996,-0.7434172427094784,1.088961668125444,-0.04544729037431253,0.007128643244484107,0.0013805580193685897,0.0093738260556786,0.00016397221316033074,Swing phase,130.1979425160443,1.885433307927411,125.88274938930395,132.32395648383337,-0.16537285013506747,1.3628495352137082,3.2532810449494756,-2.777000288838795,5.1684180147792205,-0.2711409281794151,0.010465052038015578,0.00046758158858106866,0.0109815646924105,3.3892461096746166e-05,79.05443759415115,4.822548218693782,73.65056274617515,88.0561271850153,0.554060170724621,-13.940438546913118,14.585724085048772,-36.744886822337484,9.219199797926017,1.76784948539475,0.018935559470804216,0.005998886985364551,0.0222566515075529,-0.0005024442816612654
86.92812440197031,3.6766650669571144,80.07846086582235,92.79175161111266,0.48897272097270417,-2.589622933825072,1.5997489957659996,-5.112856412745985,0.4417006732436946,-0.21363681099960305,0.020143461687056944,0.0019997211940284065,0.0221274866312931,0.00011582984184243455,double-support landing phase,125.1970043717601,1.6682272941533371,121.29108604646456,126.945928047281,-0.16660540100170954,-1.3706953146606509,1.2340638238452226,-4.428736209952652,0.812421363813263,0.20158298360638136,0.012049923581545162,0.000823434865839406,0.0127522622381996,-0.00014910344944115382,86.44830200109135,1.9854354785279553,82.82120504081186,90.50928877225704,-0.29569552813250677,10.465690678593289,3.5265666414475647,6.104500717197258,16.959431391271192,-0.4174973336182282,0.006333149612317272,0.0003559546283661972,0.008077451061681,6.987550590131923e-05
103.24042656000923,1.8150079104031704,100.07018981749616,106.21446304340655,0.2363182009965537,-5.931794648836378,0.2473545099134567,-6.185087064557941,-5.172256001081093,0.027593078710742586,0.009578279103701832,0.004152006521338913,0.0208674778491178,-0.0005785385366066845,Single-leg support phase,105.61695372893135,5.440544461187531,97.94285356502422,114.37568318991488,-0.6320319086496407,5.10812752013569,0.23611695532299826,4.561484727560753,5.470040718302245,0.034944461182365084,0.004876614946235739,0.001465813088957569,0.0092983154316446,-0.00021285896081196925,75.51546200172015,1.329683329119396,73.41037272717834,77.9419245744222,-0.17429045566322543,0.16771775611697343,1.5491217661871954,-2.2504591962233373,2.955151759029276,-0.20021580597125435,0.02152572714503148,0.00694145396563078,0.0315614640311225,0.0008044532873947346
105.9582569620345,1.3841858099387119,103.38774098184533,107.64161629410724,0.16361058893315045,-5.318252544127135,0.656746034000308,-6.185087064557941,-4.193573479149676,0.07309025895078143,0.006997613552597334,0.0017142073334717478,0.0110486574080393,-0.0001341925687420423,Single-leg support phase,98.33359564422416,3.1539593125599317,93.81487594616152,104.86429829617688,-0.42497778269289854,5.644012301090115,0.6645732286400987,4.870546817528608,6.536893027155973,0.05699231758759463,0.003998865912458211,0.00045264774838557614,0.0051757351664087,-4.429152287708847e-05,73.30233624871605,1.3073589388317997,71.0950811563586,75.36943932575558,-0.1643983911306529,-2.4303015352430624,1.6054961791196738,-5.289210310081063,0.1848954336430234,-0.21054252860477257,0.028585153616608443,0.004175562518636837,0.0315614640311225,0.0005273975057014346
106.86537178767139,0.8495931438526632,104.3445389336534,107.71805635595324,-0.08044477872524261,-4.063480978031864,0.7871517020579951,-5.033572536003153,-2.319333683072177,0.10439380203580678,0.007475583860253778,0.0007606909800541955,0.0082505918670095,9.151206478301921e-05,Single-leg support phase,93.85836074066893,2.2104229506326125,90.91385471728006,97.61898758019612,-0.2578897254967715,6.33037980849953,0.23886571121669042,5.613922970206431,6.536893027155973,0.029058929295860257,0.003941384071124539,0.00011582348324289182,0.0040643442715394,3.3920005769307794e-06,70.80070369527822,1.6525199835461049,67.8286103515413,73.24031667506196,-0.20814255090464082,-6.063626802463588,2.8003552666740834,-11.604990226646256,-2.412630675695105,-0.3535522904211981,0.028952568957981057,0.00337245319623524,0.0313083555071918,-0.00020331377775722304
75.50375627796146,1.3322934401630626,74.34350381762229,78.63653840128231,0.14621793650277334,-0.8228566303768906,0.7131037417113046,-2.1631677682443966,-0.0632742226390646,0.058947550220694325,0.004649590573288246,0.00010036610221514913,0.004760602918456,1.3452497914692284e-05,Swing phase,125.76528028055273,3.7056195713252813,117.70763132677376,128.93148001424396,0.4030683341919482,6.950881270102609,1.4498893107258823,4.340638500462883,9.032756254046422,-0.02995069319641144,0.007574975584716441,0.0002504158644942917,0.0078618871904403,1.8769864845349994e-05,67.60554094378182,5.2642922929411755,56.68012893450686,74.5797413406522,0.6884466310055901,-29.438003129037472,10.38479492194817,-39.19458872791618,-9.58463894204588,1.10119984588023,0.025784819819390643,0.002603878227927762,0.0276780850000954,0.0004990931642632232
77.871489864532,1.6709530097661807,74.86686488344884,79.715966449388,0.15787182703931807,-0.9630685356085719,0.8023499357236238,-2.347009467725249,-0.0632742226390646,-0.07809806102888296,0.0058827640460353695,0.0014697656123306502,0.0080867873230337,0.00010867234709193078,Swing phase,127.81296951718274,1.0610009829379254,125.1726620651994,128.93148001424396,-0.11362766627567676,4.274346842869694,3.603682786659672,0.1353603274773381,9.032756254046422,-0.3219699961317157,0.008866932085040092,0.001349552958110243,0.0109007092178844,9.871154224361539e-05,75.33003663206463,5.162385810007714,69.06460553290498,84.22812144080473,0.5220160577058954,-9.41390248743619,13.606858239642813,-33.2363136803851,12.2960486707119,1.751244705811423,0.022632362063438438,0.0045241097968381945,0.0261761726434815,-0.00033201208221956153
100.29796071274374,2.2292691300111915,96.14495569857456,103.66579167974412,0.28926292235267514,-7.9873666985173,0.3358619663740998,-8.433214604031193,-7.296044712740883,-0.041656795496865545,0.010915849329792362,0.0037986796016138513,0.0159949509980567,-0.0004011656446365461,Single-leg support phase,108.75917006920852,4.414957778087771,101.57786252785148,116.4258517401666,-0.5710765081659664,8.174148235263804,0.9712919375105196,6.324465510966593,9.156283236969983,0.10185271120307361,0.006375712091227101,0.002741927609117602,0.0100932463034795,-0.00024175684813857696,75.89305670017316,1.5791176498210935,73.61819118567607,79.05908703406395,-0.20926522493799546,7.589313497375453,1.4515038134971614,5.046061189169499,10.0733505628789,-0.19335728360420776,0.018458082460591975,0.006296216895059721,0.0246232092583835,0.0005372271906375922
103.86066771376629,1.9994827809128874,100.61269235936098,107.17524879790516,0.25240601686708375,-7.917382150623235,0.49734683493089804,-8.433214604031193,-6.843729197246413,0.04481416905345721,0.007169764859954192,0.0013479453030823992,0.0086190369931088,-0.00010142202511956923,Single-leg support phase,101.76187374898775,3.8392497674854282,96.28347908150056,108.3888952432482,-0.4655929292979862,8.930563929639769,0.1381996051692579,8.584726548631837,9.156283236969983,0.011860386378429847,0.004185454291358469,0.0003853714721653966,0.0046093863949039,-2.9097123149257698e-05,73.57505427603854,1.181064221749551,71.68962426709577,75.69832555656087,-0.15418081882558107,4.825298936375559,1.8373051123784516,1.645394138428819,7.707715579673955,-0.23316620927865908,0.02321258940306323,0.0006057122873727846,0.0239142701046689,4.669865081861541e-05
107.0422180427206,1.7332351560933672,103.93187222446984,109.38755186484748,0.2098338323222169,-6.987470703900699,0.7221721308841204,-8.31238872580943,-5.871435707068626,0.09388280841310788,0.004874117778112665,0.0011337927837872434,0.0060433557189936,-6.699166675298846e-05,Single-leg support phase,96.24721030463844,2.642122859079871,92.2116334199713,101.04143801104206,-0.3396078688873367,8.813386768255633,0.0875769250293288,8.63997292377772,8.923075783877858,-0.010888571542313007,0.0037903586719891195,5.006311164612686e-05,0.0038425695113861,-2.5377866280730814e-06,71.56682055043083,1.1970836203383908,69.51592203042985,73.46960742649802,-0.15206482292569873,1.5249609409052003,2.0444081779917758,-1.8280228898112607,4.816322274265602,-0.2555517370798793,0.02526940161413828,0.0015678430068820852,0.0275262434486614,0.00010590249502706542
108.99818965940882,0.772415947885458,107.42995725370125,109.98841666193522,0.022508967825953727,-5.551437208736572,0.9690812453468042,-6.751021721422011,-3.77530180705039,0.11445076593737004,0.003934111453889985,0.00018958374653038103,0.0041492533792967,2.0696142011196174e-05,Single-leg support phase,92.12079930602837,2.248460199796364,88.5520811604444,95.9456941166224,-0.28436972908376934,8.542914018329874,0.3044020815107756,7.772366268188284,8.886250737307423,-0.042841710350736105,0.003814740266827693,8.024937469839767e-05,0.00391664348809,4.514567017215383e-06,69.32855830225438,1.4287526105662138,66.96030831089399,71.52911191896455,-0.17572321569502128,-2.4090837347915826,2.611297305147639,-7.29575777629462,1.3556448850786322,-0.33274625620666354,0.02731696767294245,0.000740959000803179,0.0282759902776528,2.5565142113326945e-05
72.84216459294511,1.2877762531446932,71.56878594951802,76.04427609150542,0.09054427136032327,0.11304817789183313,0.8495401048571494,-1.4716467006878744,1.155700339123042,0.048941104883955526,0.004920633933871969,0.0003710110544442261,0.0060961270914118,3.2197264075223064e-05,Swing phase,124.29840842321818,6.292810353420802,112.5342706003832,131.02313600597307,0.7087991160213414,6.72576873608006,1.495395819469959,4.272803146211629,8.75295661850427,0.08053734544572752,0.008811451558780973,0.0018019476779795925,0.0125618906169851,0.00023366662966461921,63.58049739336244,7.479361558311425,51.23975223827658,72.44210602539503,0.643464844737541,-35.074549326372384,7.363828707323954,-41.52755269813933,-16.92631846395221,0.7997648249271,0.026834648499764087,0.0030007062252086075,0.0298130602542192,4.835647783875381e-05
75.88667885984225,2.709023474235775,71.71850995190009,78.91032176254733,0.26103227967250464,0.15382200768771329,0.7105628229542185,-0.7986172143641583,1.155700339123042,-0.022292855606358165,0.005342992780982916,0.0006400224716890369,0.0060961270914118,4.8914310123430774e-05,Swing phase,129.66508761923436,1.2776460104958556,126.23100197551815,131.02313600597307,0.06755211034257076,4.9252109719929305,3.508272526280704,-0.4569136191741376,8.75295661850427,-0.29763045968188295,0.011142910869819576,0.001284999733058223,0.0125618906169851,9.685679220106924e-05,72.47582073226388,4.121523542463197,67.00987903808587,79.89824036739668,0.3451398615105231,-18.273516895809834,14.547128261837013,-41.22283244512044,3.5706270527050923,1.722825365300982,0.027014263626923888,0.001930864302118143,0.0290546533259881,-0.00014985962703176537
89.77223895058162,3.817328646926828,83.69832287130721,95.17281220898188,0.44132651298748726,-2.2472461141429645,1.0665341774574675,-3.845039619939707,-0.5375644074733389,-0.12642542043666954,0.01524155223010947,0.0013235733710799536,0.0161271616427942,0.00026414275850688456,double-support landing phase,121.00995301075358,1.86171631317375,116.64647066712156,123.096286422395,-0.16855065930902888,1.325447907414211,0.818299991159872,0.0313927270571123,2.756841049303844,0.09091741854473628,0.011540755800537582,0.0013464673669586103,0.0137872126042538,-0.00015109371138238847,85.30800059866101,2.0794202616844206,83.03527377105685,89.84917403190013,-0.2620730869555109,13.745917931984442,2.8779390891887724,9.855391040486468,18.705186186797302,-0.3403767363965705,0.007154104957211605,0.0006849478023611679,0.0082574625938918,-1.3644229155157679e-05
103.67977622845939,2.0837709150549584,100.03178669413424,106.7982558447004,0.2602488134833141,-4.36906649575249,0.2577497506760864,-4.679516813476178,-3.711827581692104,0.03433225416097722,0.011143620022581492,0.0031087541236702594,0.0150509023571265,-0.00034408266081735386,Single-leg support phase,103.01345405321597,3.9050820698740583,96.50500584258393,108.92685108749257,-0.47776327865033225,5.744776376397957,0.35021850733695753,4.820838676172919,6.1066655393039015,0.03170582177763161,0.0048291027866999925,0.0012870482314417586,0.0067306175232108,-9.240983531063459e-05,76.15793443765394,1.4639328903185724,74.0611558186869,78.67366279628321,-0.17740411452293506,3.3179105519386343,2.6991897274001637,-1.022852628969278,7.4267897975611215,-0.3249862471742461,0.015457765371579252,0.006196520222126082,0.0289778658509796,0.0006988424094226617
106.89475940245013,1.6680243331034859,104.02083466880782,109.32822742237424,0.2041304905217853,-3.4513956170032243,0.7951139908094523,-4.325754119556186,-2.08433038231502,0.08620860527850639,0.007486302707256685,0.0023245415614762607,0.0105926683458182,-0.00021926753322810773,Single-leg support phase,96.73201999492234,3.481017878906914,91.8248079625038,103.11151764997038,-0.43410421874871474,5.74543703223999,0.13545138862142525,5.597704914114889,6.042439268233621,-0.012511091287828858,0.004179443616590884,0.0001894557292537025,0.0043654557519924,1.3678733302315395e-05,74.03424516861688,1.072973995536569,72.28962144523004,75.89836032968795,-0.1387976494022272,-0.9360177493393282,2.33628994913062,-4.5493536546159,2.9889831304456136,-0.2899360301946736,0.023754665230913668,0.006572087903293731,0.0324567769360783,0.0006522413681953308
108.93966823320972,0.8743952509538642,107.04930157063116,109.99894354848372,0.04837749782737706,-1.8827681817042092,0.9908201854280729,-3.528679752278681,-0.1558087056188155,0.12972580948691792,0.005387309719944876,0.0006470704654080044,0.0062022090100478,-4.9519117234007697e-05,Single-leg support phase,91.82620709415755,2.335224038679739,88.28440631983302,96.05261665614326,-0.29877732062731666,5.6758809831674135,0.05347236202785109,5.567615834793885,5.745150784291581,-0.0020399529963425287,0.00428341396272187,2.5180155490061923e-05,0.0043164113429581,-2.168474838311541e-06,72.13802373374928,1.1764608801763954,70.08040092203329,73.93388008213225,-0.14821073692688294,-4.972036855269507,2.486912367269112,-9.680725275763352,-1.306834209304861,-0.32207273332532654,0.03012400931590009,0.002413887965269267,0.0324567769360783,0.000181510270931623
83.88500136739482,5.957910625044894,75.5345693779188,94.74247579727592,-0.7387656315137352,0.7233118734137018,1.2622726518082585,-1.0415810083106996,2.700206070438182,-0.14391488764418775,0.0067999365477265416,0.0007007572398107325,0.0078009648350953,8.64753586383808e-05,Dual-thrust phase,96.93438363287282,7.906865958926883,87.0636017900364,110.48158900333,0.9006918158959076,2.549370167949941,0.6542418060251788,1.8782552385595483,3.884288563207308,-0.037640348883483006,0.004986344259638949,0.0010459528101127325,0.0065144563772412,9.089076619326537e-05,61.472092385403776,3.0211165557489115,55.81251208185171,66.32511796698192,-0.4043309955819313,-31.562031276177443,7.634492341782249,-39.67441968652246,-18.527427178234788,-0.7972975958334613,0.014492856591052365,0.0031684421239239428,0.0254015229766066,-0.00033884286734516537
77.15122520743638,1.581308117109018,73.92199432035085,78.88080744584776,0.13434956754293273,1.1326347825993999,0.8341675560288666,-0.0446043132154083,2.478254619980412,0.029292974042058276,0.008324221948122377,0.0018784234692409895,0.0129823316774966,0.0001692154105007154,Swing phase,126.79718137501739,1.4204495620798847,123.89192703601418,128.3379670658733,0.004115300829200718,4.709334630133186,3.2030304207723828,-0.82249444688954,8.098143564031169,-0.2679541055856467,0.009022358789653077,0.0012651240026405922,0.0110525172116024,0.00014974258619313078,75.37389146918693,4.426374477621243,70.45867107503261,84.61021726218291,0.5442902379673193,-18.274466278765097,14.613174864853283,-39.84146432575776,4.614624616543637,1.7098495747039,0.020720457673543732,0.004017269794494367,0.0232914850977027,-0.0004160208111441077
89.39900703135346,4.6444265130182965,81.46538563442567,95.73673001573825,0.5488978608197144,-1.691644123473983,1.7042815782575993,-3.98664671687088,1.4735764964143412,-0.21000858512635467,0.01833871475510129,8.012734237250586e-05,0.0184508482932921,-3.5843934677807785e-06,double-support landing phase,121.05241026384175,1.6658745713786771,116.8549989515954,122.89779046690695,-0.17313715150626216,0.0013247608302571724,1.7264605202625658,-3.862233149393546,2.7558085006451245,0.25454006346302577,0.012379319788997385,0.0010348443340184163,0.0134562472343672,-7.888861766263075e-05,86.98689645810495,2.2867407428127264,83.12229612269394,91.83545469535756,-0.33512148356398525,11.378787868322716,3.3085236764744543,6.902303995445083,17.385829381831428,-0.4032125148610133,0.008799761094650095,0.0008945742953911087,0.0097877384957956,7.449423644810382e-05
104.45156845715805,2.0920507960464394,100.99386120479116,107.80920517496236,0.2621286142373538,-4.518316250779261,0.23580354428501143,-4.791876989151412,-4.037107016480791,0.010179772073738692,0.006928987449152907,0.0025286727107702895,0.0151155580306389,-0.00037627123248555003,Single-leg support phase,101.12005523650268,4.169995823557788,95.3292705415486,108.1604826885886,-0.4935081595015387,5.280335194904205,0.24916862982967344,4.611722211360496,5.661059612698065,0.027474117134461427,0.004910601659496139,0.0011759338442290498,0.0088363016249318,-0.00017457092132799616,76.76053992833207,1.2045264881771214,74.91052940654947,79.06946261615067,-0.1599589696000462,1.2139552149657928,2.263296303585255,-2.367377166065146,4.942309116409664,-0.281141780095185,0.022057372944396095,0.0027417745201282883,0.0243240613485533,0.00040911524722002694
107.75193818293072,1.7738992265607456,104.58167047365625,110.1976718301248,0.21600005217186763,-3.98559182485463,0.4982977670400399,-4.724363508197064,-2.875997610797731,0.07109099605382051,0.005390136029671769,0.0008304778191238429,0.0069251996932868,-9.167757990673079e-05,Single-leg support phase,95.30854449037733,2.6341926282458763,91.22320352776246,100.26635569469389,-0.34781354488197774,5.5045861666229134,0.33973858728166656,5.15818534252339,6.095551687656117,0.030090864360975703,0.0043696843448366345,0.00020659871587641897,0.0047865656634604,-2.1267866671150005e-05,74.75752473646807,1.1976771330594522,72.67499133103156,76.64231628160402,-0.15258942117586388,-2.3831646046205406,2.030291506961447,-5.7265096816339325,1.1443464267999046,-0.2642636964782245,0.024535147096571487,0.0019181348444056129,0.0275742131266958,0.00020206653118757303
109.82546006257768,0.8205278100542233,108.06320232815068,110.82653052608136,0.041607883003956875,-2.623091897581179,1.064664363600333,-3.971849022494961,-1.0997414328669848,0.11046567652415294,0.004756880514016231,0.0003360447127484064,0.0053314043829091,-1.9943573576165393e-05,Single-leg support phase,91.18347719197358,2.2484892390377693,87.79451213871036,95.00277014078692,-0.27724069238756005,5.868539157223555,0.2032968433328412,5.376967885886997,6.095551687656117,0.017108786554755076,0.004262910307054562,4.5990511899110454e-05,0.0043581661717152,9.537524478461697e-07,72.51782292389288,1.4389346951577888,70.13810189784402,74.75752989656843,-0.17767030764324632,-6.218318733249262,2.5138370010488367,-10.707461674954365,-2.5972983883397336,-0.3119293571774858,0.025987632757789588,0.002072058118072151,0.0275742131266958,-0.00012690043043520768
106.60909868817711,4.774365260097374,96.51813917079188,110.82653052608136,-0.5312250539295993,-0.4534951843541076,1.4684587683462824,-2.657748169120662,1.8633169818211368,0.17269808819741306,0.00485919900435447,0.0004429952309278845,0.0060860326242108,4.9912154979684616e-05,Single-leg support phase,88.08315457527468,1.4139187016345738,86.5822970912527,90.91449898717524,-0.16108876969110225,5.605742873053034,0.4504825134278035,4.586636884405536,6.090829630762691,-0.0578535671675829,0.004279908133603127,5.231719180565388e-05,0.0043581661717152,-9.547567985884661e-07,70.10747718549466,1.415205008554294,67.57883804493301,72.47970388724065,-0.18849484008875533,-11.428972820651321,3.6741232821419825,-18.410760175239687,-6.080151685194953,-0.47425417269402825,0.02267209762126193,0.0050964667035898695,0.0271839239119789,-0.0005667385756143692
74.51106902950679,1.5258292248315355,72.979300642786,77.77408913106926,0.10721469601483974,-0.02354087668189209,0.6020194594473224,-0.899179849884059,0.9170963916301876,0.06985677851977871,0.013789220198179285,0.0018710465342051245,0.016051512349208,0.0002776812125868846,Swing phase,123.8571864977881,6.259273588761687,112.05472567060444,130.3358537920685,0.691364480808116,5.481299911717453,1.2324023581516015,3.333306189578253,7.125394025573057,0.08551951339559515,0.009758342459019746,0.001109351566673382,0.0111534761868599,0.00014325289745413847,64.60026310420969,8.493930826079891,51.79550751815478,73.98015617587427,0.7581134495267775,-37.36509089608187,5.871517959459992,-41.906976781962896,-22.194342586729043,0.6673927332728203,0.02428315633248685,0.0018553009670960684,0.0255573060327887,0.00036245195510383463
76.65375849196468,1.6378214641645348,73.32601559472789,78.03052767727105,0.18094277240550619,0.8162988403255087,0.5680923361271929,-0.1380895655825535,1.795495526404698,-0.007160080793307709,0.015787462266968273,0.0010770492466854055,0.0169265284477152,0.00015919139424308467,Swing phase,128.58291403095268,1.4594402091373753,125.6439501403114,130.3358537920685,-0.016298505480117652,3.64575528034959,3.476953452587974,-2.3324471321192206,7.125394025573057,-0.3155617916839763,0.010614693594750663,0.0005522651057875984,0.0111534761868599,5.4315646625134606e-05,76.03670965857711,5.253257138884107,69.07728365194873,86.33859245071373,0.6638964922601923,-21.073148181150284,14.611639576222114,-41.52504339782062,3.014655446991891,1.7130653401850964,0.02145183453593049,0.004969447486489597,0.0247518558959272,-0.0003727370845699
88.24225778527548,4.108486905388293,81.89035928096236,93.90906355256485,0.45083564909199114,-1.6222144321076448,1.4518916143249496,-3.3626959887549805,0.948371674322844,-0.1560189687905667,0.020044620346719062,0.0015864294714682664,0.0219216162002427,0.00015380187466198456,double-support landing phase,122.8351946959709,1.302431468765662,119.88286642150356,124.43715194956984,-0.09771135136968158,-1.113598874377018,1.5149490496696674,-4.245672498017496,0.901678752977641,0.19797504811519756,0.010809910957725403,0.0003141240605553689,0.0111560356946295,-3.354674200811156e-05,87.54243148745891,2.511337669379682,83.6199703790493,92.92032319530804,-0.357705877548413,9.785727394129541,3.2393066125613394,5.168078273747834,15.291250239788036,-0.3893527679246232,0.009807726969887529,0.002546345266108621,0.0162629270929547,0.0003042159524333885
104.1676111154509,1.7737322566931162,101.13688979833611,107.19700570760772,0.23308138112583082,-3.447283199179059,0.27271229575743616,-3.754493589107733,-2.7225567207655703,0.021691271271333676,0.016342722651675055,0.0023416269649046426,0.0184934180467428,-0.00016908529493076923,Single-leg support phase,103.91736626002927,5.102986222348318,96.7723911996842,111.8141119998491,-0.5785277230832657,3.6858116952425113,0.2745501972406209,3.3452710222615654,4.13441034200569,0.0096866939976316,0.0048108393796342,0.0005883301819573715,0.0053739308992378,-3.880014259186536e-05,77.07134978518437,0.9674898063720536,75.5421331670213,78.88716176323635,-0.12865494600827093,-0.7518499905032745,1.7485433128003405,-3.4633148739009454,2.291700776729547,-0.22134675579348045,0.017805500174732432,0.00021768023282044014,0.0180898689316562,1.4368966340288417e-05
107.16703605509201,1.750177415882993,104.20149919150047,109.5470539763145,0.20559826095438566,-2.819306165091445,0.6573061889487355,-3.754493589107733,-2.0166869098618974,0.06661047211003275,0.013284746219895314,0.0013960471218409135,0.0183918137162163,-0.0002422780130894924,Single-leg support phase,97.22514920828637,2.780290680912849,93.38964816304473,103.3812082675442,-0.3842907732499796,3.925663979246242,0.535801528435436,3.378514923632988,4.96657540278713,0.04467537773714741,0.004064366202098582,0.0003337562017683147,0.005336833311614,-5.941275370576539e-05,75.39657645176084,1.046339797854307,73.58959434927888,76.97437785446394,-0.13018398096865597,-3.4188135070487866,1.5005279622911645,-5.966368971453023,-0.9213151247667738,-0.19404053256485573,0.02125044070301158,0.003854223679232731,0.0266175388320234,0.00029950717670640766
109.42102718473399,0.910881367698633,107.46298907832067,110.4908625791514,0.10637570030451389,-1.6133250336258342,0.7731328400929143,-2.5842752140795904,-0.1854118296843482,0.09226397632289393,0.012367933756199542,0.0005248096663328011,0.0139620411406694,-5.474219585009614e-05,Single-leg support phase,93.02794170329986,2.3045220440757572,89.41886840499258,96.50521607532116,-0.2725518334741761,4.5103993790081045,0.3872164244421018,3.673860524656889,4.988040353425324,0.028024721217619744,0.004028789098691024,0.0003184836862930493,0.0045392241559291,8.417838141642308e-06,73.42438733135077,1.2904494956285075,71.17341007170593,75.40396468436862,-0.16271363894856486,-6.490610500349555,2.1919693765797694,-10.659380443730711,-3.6015167356301947,-0.2714562964654045,0.025226484949236568,0.0021265793818885164,0.0266175388320234,0.0003121915879424347
108.17386340797884,2.945904306507526,100.85245769019755,110.4908625791514,-0.33821609604743724,-0.044149432733887335,1.2277635380016787,-1.9290482097847583,2.41943814954726,0.16724947535892376,0.013205020983056029,0.0013047680063491215,0.0156447596462672,0.00011645918014673845,Single-leg support phase,89.79117605998879,1.5387276600365907,88.14725925702263,93.04415394501213,-0.1883421033842116,4.4266063793085655,0.3302393973609396,3.774932525946783,4.988040353425324,-0.04665799336455927,0.004728166122118247,0.0007944473175382827,0.0061537032956536,7.867954395143076e-05,71.22286840787726,1.3140560804889267,69.215736483651,73.43700260025327,-0.16235638910008715,-11.111569340681923,3.2896116812928615,-17.00626581308073,-6.238806774884271,-0.41413303993063305,0.024825603399473893,0.0020992883960552987,0.0263291079886619,-0.00013776650829326156
76.7744352953184,1.5464206019481126,74.72083439488715,79.18316062127923,0.17120779656657975,-0.9027617871323405,0.5548964380005282,-1.439059916177397,0.157335540999463,0.05917211111458527,0.04187544559261725,0.004811148964021863,0.0463150424849517,-0.0003545714302618268,Swing phase,129.12032570469648,2.4275994580882405,123.26667429560142,132.0071145674011,0.14387226223895,4.600291398587354,1.5740316400406704,0.8993834985622742,6.310312646593829,-0.11927378409269676,0.017030504186888562,0.002638873907486808,0.0205660553189433,0.00018829527600383844,69.14579871468878,4.871929757972779,63.63457957116212,80.79334077427998,0.6599523539660717,-25.549331390997132,12.747258038481466,-42.48217452956549,-4.835466082075448,1.4383051116431367,0.007406750682018046,0.0005207258231089964,0.0081218903763151,3.7890472483596144e-05
79.35815527592189,1.5991476379670662,76.93265333583398,83.12654086709419,0.23822644351000832,-1.2961087736862364,1.2892241884840114,-3.6463892618298654,0.157335540999463,-0.08745414883532956,0.032924553237043463,0.005683997120583376,0.0460596956764592,-0.0007287337342663653,Swing phase,127.30466541252598,2.825437581304893,123.53173390343774,132.0071145674011,-0.3259761793832058,0.9826020910069112,3.2980220650900507,-4.207370187498083,6.007999123568458,-0.3928988196564055,0.021006537528202036,0.002102262905656389,0.0234815236691997,0.0003200236609373923,80.32558461278738,10.322965853108292,64.14554117872586,94.23790271414,1.1573985205928516,-5.050339446355709,10.939504160206596,-24.24407142386133,10.309977348414478,1.3290018758567617,0.00815197097547587,0.0003766646643861122,0.0086128190175471,5.910520918996153e-05
92.6331731972465,3.405051368970344,86.1279549816092,98.12247544648046,0.46132771018735663,-3.6174859032513678,0.6623920227657845,-4.329254652618103,-2.023008539522707,-0.08870177358059217,0.027135741453810668,0.000979672592921576,0.0279541988564483,-0.00010531763611004225,double-support landing phase,121.47432753083513,2.5157365995017646,116.2185547276026,124.30784812489938,-0.3111266691267994,2.9203299849481543,1.0863507151798664,1.5303435294217465,5.106965455596824,0.09966539712395525,0.022415989992270884,0.0014889725822265388,0.0243326253434876,-0.00017768039387252693,85.08119599821569,2.250330615164339,80.57605255057993,87.74199996752637,-0.27561336219024757,8.972619215587807,2.4747741160269787,5.31046317300404,13.604713642831936,-0.31900963345491906,0.011894324833876138,0.00443091721167904,0.0228925284796894,0.0004386981201240039
106.44169565374354,1.7570836818625986,103.09019941409844,109.16550764577666,0.2336657012183931,-4.024319249904504,0.4996564851376763,-4.596848596639359,-3.019927406570869,0.06065081500263422,0.021952745163746172,0.0007196643362527522,0.0226631600722411,-0.00011540349150579229,Single-leg support phase,102.20733974070748,3.826466765535128,96.17243665716452,108.77984277165262,-0.4849002351726192,7.100710797349813,0.23160901190420025,6.486689207376988,7.319236750157358,0.025135818438803834,0.017843185370497085,0.0004391314795926964,0.0182255387150265,-7.772039967310004e-05,76.3272964095596,1.035476936602283,74.65291702371864,77.96690749502585,-0.1274611719733541,-1.1070085698235237,2.257743036186338,-4.387893553394605,2.3921758198165755,-0.2607718989696608,0.029840170218873974,0.0010533411815406252,0.0309613741557581,8.29192591610885e-05
108.84821526031358,1.1692186950999062,106.58706403873964,110.1478426351106,0.13695302293734485,-3.0328800436450036,0.7909487312312408,-4.216226752262992,-1.3237453265019183,0.11124928560619514,0.020630981333166216,0.0009056833749959621,0.0215996578907958,-6.613874975805002e-05,Single-leg support phase,96.30431869441693,3.1834294698535426,91.53642978865824,101.9365724519548,-0.4000054870498678,7.1023921858179495,0.1480562952656431,6.810701921962576,7.319236750157358,-0.019559031853645433,0.016970057981681833,0.0006780299963982342,0.0176948898194837,-4.9210279421903867e-05,74.53573512603171,1.0728137426317041,72.5821122507104,76.25259829770611,-0.14117254026906614,-4.5359889627389816,1.7602114012175307,-7.805736240454641,-1.4233252757789965,-0.2454773447952171,0.03076360380560011,9.824006947792745e-05,0.0309613741557581,4.885925815569252e-06
109.129360412575,1.4318721938050623,104.8168742302573,110.1552370109738,-0.17276885869439915,-1.1774246676434783,1.4207906883162857,-2.9942919951294296,1.4248768303522628,0.16996803174929587,0.019735108152787787,0.0001269471537931913,0.0198588763406775,1.1840730153269184e-06,Single-leg support phase,91.76814963713989,2.206103831171582,88.77824505738197,95.79115146962022,-0.2697271697014712,6.715561631341078,0.3614289615311736,5.896359099626282,7.138687230765906,-0.04778185119767785,0.015895242629554485,0.0005695526934153835,0.0163980911760613,-3.418758591124616e-05,72.34428564433772,1.4967278981425325,69.85133195536108,74.52344763520917,-0.17969675691723425,-8.368176917587325,2.8124660433321607,-13.499420981983052,-4.573375133782747,-0.3433094557000117,0.029030889289689717,0.00215684809549535,0.0309613741557581,-0.00016108272094574999
75.5038250516727,2.6863943141130284,72.84704338639654,80.67945229521895,0.2778178130974288,1.1742491913165534,0.4101397337505696,0.3686561789401784,1.8043398407263955,0.033695757458880184,0.023535305983084266,0.0014511789622325293,0.0256213434515034,-7.560727605896919e-05,Swing phase,128.23355769796302,4.775640946606,118.06036117355534,132.5433396456841,0.5006211746200632,5.764392070721732,1.3438240396949457,3.247627127946007,7.728960392092016,-0.04295477154847373,0.017060085783380082,0.0004506783914274036,0.0175036652629396,1.2798162918172973e-05,70.61474133238178,6.360757136092847,58.30610774784249,77.18561488117577,0.7261348897435875,-32.29412795832569,9.404160222880376,-40.51901311359971,-13.085458943012911,1.0149921426578992,0.027803038835528347,0.0021094223922990952,0.0292282853261139,-0.0001883206550074769
79.44727088482999,2.228711682613451,74.73432260939283,81.95081760856985,0.2775574999683468,2.2114834848113976,1.339361349658151,0.3686561789401784,4.20242197343847,0.023589416637954698,0.0232481981105145,0.0010734852962643701,0.028056241354703,0.0002107682960572653,Swing phase,129.79690628734204,2.7777625170432914,123.60052647450172,132.5433396456841,-0.29136234840937464,3.19342277768238,3.4943895464870556,-1.4716104987389005,7.728960392092016,-0.3319030288196049,0.017163940099099433,0.0006158206212383725,0.0198313059047547,9.385533750355001e-05,80.03626246639675,6.163289285010551,73.15878564864697,91.58746780385918,0.5782804770461468,-12.924216399358897,14.10534270096077,-36.62911648494922,8.736409093837121,1.7448279068763979,0.025046201782661034,0.004557616562404321,0.0291277327318528,-0.0008014266325524347
90.26148269775409,3.0842369613758636,84.35109155212159,94.7497990848566,0.39995028972057756,2.305362777172677,0.5341844477478515,1.7077178144828766,3.408435408406,-0.06541221515088937,0.03013489766919813,0.001120865703076152,0.0315266481671359,7.880152362045003e-05,double-support landing phase,120.43512950088254,0.9540581354393746,117.96279561182764,121.56753710973662,-0.10483421648244146,-5.134229572878696,1.6303891774348436,-8.7633679223896,-2.662178950258845,0.23466111431272135,0.01983020291558856,0.0010446067229573411,0.020851452475473,-2.7970700796096126e-05,92.57420041154339,2.6320995102433713,87.85157480888542,96.87038013996909,-0.34687712811860266,5.164634449740445,3.4518225384053904,0.655975361685071,11.999348437024144,-0.43628357982073357,0.017742857944381355,0.005975641818761917,0.0264170962282893,0.0005686111603974731
105.56803432321163,2.0640255955489235,101.75179571451184,108.5832009400394,0.26274635482798314,1.0514008652431035,0.30820298279492886,0.6628193043586739,1.5101167804302391,0.0003110141323896873,0.01910731005696987,0.00441440278287069,0.0257987228722363,-0.0004596128722301039,Single-leg support phase,105.40283031413567,4.724267007211291,98.79618122740982,112.57131912592006,-0.5298129960965476,-0.9872450516208324,0.3142974587270443,-1.4311507689411345,-0.5010076218445091,0.018337962879520844,0.013158759505821812,0.0010297696920648948,0.0148413716328614,-8.885435771871155e-05,81.85761205929239,0.9458701840102994,80.35927999967441,83.48989338132141,-0.12040820698642289,-4.568638710197283,1.2305475590023522,-6.5039377645063565,-2.28580948379924,-0.16223570310411986,0.03333010148487957,0.0028679308939291402,0.039729029754721,0.0002620296960522192
108.36284337566816,1.2804128830569976,105.8097418731596,109.9319856827237,0.1585478388293889,1.2371528996465313,0.3625856761668518,0.6628193043586739,1.663377384799259,0.02772352224302845,0.014808497421816438,0.0023526383896502806,0.0180229319991971,-0.00029855601816394616,Single-leg support phase,98.80061551789164,3.0004323452847754,94.2107835239519,104.83782696293244,-0.40873243996078984,-0.4112123239092523,0.9642708583597694,-1.4311507689411345,1.513495798612112,0.09932610949643904,0.012541569564059678,6.694464238125607e-05,0.0126077053179682,-1.0166553057653848e-05,80.33245180242305,0.8681160374151863,78.87812430332949,81.79922579955519,-0.1123500575471424,-6.524250760095563,1.1117315607640674,-8.345171094458442,-4.79796876212026,-0.1364308589360839,0.03670913536810488,0.0031322668826286888,0.039729029754721,0.0002759830365529692
109.55226905720578,0.3808977006939221,108.72578731736364,109.97523475410586,0.009929768453283954,1.6143246827863575,0.1996820737353996,1.3814333580406604,2.057767788869619,0.018053443177428193,0.011978525521407886,0.0016698221677451399,0.013862171730028,-0.00018398284704582312,Single-leg support phase,94.3721757534882,2.364059627186375,90.85903158140697,98.5065768725753,-0.294136357352628,1.1863125894627093,0.9625753950213068,-0.6352832619645505,2.08433987914174,0.10460089004254963,0.012421101279576756,0.00012266124164315835,0.012535126339896,-2.0929750904592306e-05,78.6560583946908,1.1443800705754998,76.50741995900188,80.26396731934126,-0.14448259078228395,-8.815154733364984,1.637627839481189,-12.18872327993072,-6.656984126277688,-0.21275919821742428,0.038423746868082816,0.0025944099168124755,0.0392966658954794,-0.00048610974300734226
107.21554822866914,3.304581040149995,99.40393407514117,109.97523475410586,-0.4060973806765543,2.382323841639843,0.870502031076093,1.4095679005358832,4.221957450375587,0.10816882883998861,0.00996051589609226,0.0007890050126875095,0.0108200813106952,-5.5749093821942305e-05,Single-leg support phase,91.28670290978587,1.3183366132323664,89.9612466230015,93.91624635525686,-0.13281730328079588,2.1453288145834835,0.21150778951495078,1.658136392145798,2.532731381284551,0.03363826881302896,0.01216270801209449,0.00019278417247736777,0.0123710477052373,-1.4698947599480808e-05,76.42953145170542,1.4845488286091937,74.06111624108867,78.74901695338441,-0.1803038735498363,-12.557589888708975,2.806355212913197,-17.460637848850013,-8.539545836547465,-0.343118923550098,0.03293705096296469,0.005991047352062134,0.0392966658954794,-0.00044040530031039997
80.38799596608887,2.509640653281138,75.50958647297801,83.54857591166923,0.30919190148812375,0.6258899039317113,0.5098207982291036,-0.6510775116380069,1.329180340186991,0.0761637635317307,0.007864196293544639,0.0017702491438103343,0.0107628141396335,0.0001890441963682,Swing phase,131.169567284467,1.9686456735587416,126.86044250366832,133.4987501848758,-0.14203570937572935,-1.771194360409461,2.259951008652459,-5.936799154427063,1.223953399789794,-0.2754135597775714,0.01951951711664977,0.0026307487588643013,0.021561346308989,-0.0002572242421806692,71.17002761694678,7.69243686265939,56.91661299795461,83.08836396834212,1.0066058065533658,-27.904393103534744,8.390819510143103,-37.4278732909464,-12.373249552346554,0.9338016540677511,0.009973596458347842,0.0006771253966766055,0.0106240200107502,-7.110638909783462e-05
84.07434470408633,2.0855566634863827,81.44072839136982,88.6443536119772,0.27706250848489916,1.238922297536877,0.31294098886976746,0.5883896250130559,1.58565568664518,0.03384668357415889,0.009978053078889484,0.0016570302115479706,0.0142031636183766,0.0002372342785005461,Swing phase,126.64848848481178,3.7245215215497147,120.52633373869637,132.5851359446412,-0.4638000848440319,-5.913039953350668,3.0364856785487775,-11.211054400695463,-0.2872756317353046,-0.42014533726769837,0.016124837213233423,0.003103040188267034,0.0204139511758014,-0.000376576854816327,82.5120159337532,5.902792896117279,72.06261785969961,91.2202100256981,0.7368304679230184,-13.46776706273373,8.524583175692928,-28.77452331603052,-2.7104708410379734,1.0024635567304825,0.010386249421801445,0.004150656474366454,0.0243233175640252,0.0005457597808013615
103.51076497990692,1.0023078480106464,101.72177098658254,105.50091047952505,0.14535151895932713,2.0947720633874156,0.6252208948844518,1.3631519675779953,3.265797008420316,0.07317865541701234,0.0144580083716026,0.0013875450216166434,0.0168512885540028,-0.00015372988468055385,Single-leg support phase,101.33546538346337,2.751236289165363,97.11133730290278,106.1903590301286,-0.3491931433548393,-7.953589124503408,1.2663729638326011,-9.499175843743927,-6.058672965855884,0.12794804517622463,0.005976194456108904,0.0011981149824605004,0.0086299982892373,-0.0001478606623432654,83.53867583279028,1.0748460896079346,82.09018868640806,85.5152494486955,-0.13173310624182477,-6.370614204563105,0.36703372550243135,-6.931819961628544,-6.005785522310383,0.035616709204544655,0.020501111428304925,0.005655291658029354,0.0274964394930908,-6.778402688662682e-05
105.27480034191264,1.143213655666486,103.38535242509585,106.52070191623726,0.12059036504390044,3.133781932616567,0.6236814160090126,1.8663154276562128,3.832933527132493,0.07563915767216461,0.01317483381736742,0.0008347045301034438,0.0150987545062574,-8.406343478065386e-05,Single-leg support phase,97.19501392742308,2.192932597304935,93.95198550966565,101.12637624356982,-0.2759381051501606,-6.093024639916495,0.8714822734401718,-7.811008649546121,-4.684765657073344,0.12024011509510682,0.00490551808785467,0.000610665025818504,0.0062798759493257,-7.02896684138577e-05,82.20662953393801,0.52816511756156,81.59064578172978,83.23020727120694,-0.06306005728758307,-6.363982921152492,0.4385852623773125,-7.315110884825801,-6.005785522310383,-0.04634675438589196,0.026810244707310246,0.006484594710065712,0.0372798721021921,0.0007721303935751193
106.509699270667,0.317812545161729,105.6939295979394,106.86862983080428,0.04238437484627702,4.1105826792339535,0.5715936152883934,3.3592324276966408,5.254149251142813,0.07288141628639125,0.012608979763758762,0.0005886755135931875,0.0129158595997596,-5.2163488007092305e-05,Single-leg support phase,93.90460661514152,1.7331830341193164,91.2564307638836,96.87143470074032,-0.21596168987910475,-4.460157085795898,1.0576575456674762,-5.946187827118735,-2.6739485781734413,0.12585535572866516,0.004724615148240096,0.0003989222394595837,0.0056743846614484,1.8540447153396157e-05,81.76051989601388,0.1443665753109585,81.59064578172978,82.03229661416562,-0.0011491918231964877,-7.3574367061904375,0.8140962396435732,-8.759282203677287,-6.0247448085510165,-0.10517451519716427,0.03505661201622737,0.006766894953456761,0.0460214552122524,0.0007293860253387961
106.21724203613358,0.8964610312533849,103.63406489260146,106.86862983080428,-0.11215843871288857,5.270357676082354,0.8120913801407085,3.899926401377897,6.388239123574323,0.09570433546909331,0.011908998759837796,0.0006788631354525686,0.0129132078527405,-5.6889789452353855e-05,Single-leg support phase,91.34976160851319,1.3278115752112685,89.36890857569735,93.75540398095936,-0.16871136174084655,-3.009722373222904,0.6981102002636713,-4.528674473633089,-2.4174778030577104,0.07965266035753461,0.0061385915978531625,0.0026879309539894693,0.0126486426223987,0.0002831242478443769,81.91029456552604,0.1911784397233632,81.59409965117668,82.13628206687797,0.015324154222558225,-9.243639514386107,1.4085610090647513,-11.865822751502732,-7.423276586122264,-0.17086716020694107,0.041107578514458426,0.004297122994526426,0.0460214552122524,0.0001334362115314154
101.53055766590893,5.068262920186517,91.2595998956214,106.75073481665588,-0.595812881578249,6.0545831938097345,0.4531255047596373,4.943835699391358,6.576398144797487,-0.016522656573985994,0.011613426505283143,0.0007640481866077941,0.0153553473195416,0.00014835717136221535,Single-leg support phase,89.85393422578339,0.5867842790068345,89.28488547528735,91.12231269446012,-0.06051099318867378,-2.7165595012056776,0.4535209423546548,-3.998738427060052,-2.4174778030577104,-0.054655480798548275,0.009633706554643223,0.003239201889892802,0.0138108226187931,0.00032858268940355384,82.0579875637007,0.04871372675772681,81.95988226862136,82.13628206687797,-0.0035686072245511014,-12.49563272734397,2.5348963866480867,-17.81614553760228,-8.979154527899626,-0.3398842696039483,0.040323086627280014,0.004831302812361867,0.0446980914528472,-0.00092372239854845
74.76682590932518,1.4365448040877944,72.01660151148427,76.36920428950847,0.16740779915477716,-0.6676163705401474,0.2614628939855662,-1.0174704684806974,-0.1831166740342497,0.010020352786215065,0.02015903432998221,0.0003901224484703725,0.0209944914048066,-3.14981069262076e-05,Swing phase,127.93450075418818,2.100236061086019,124.08643442039416,130.62062503419702,-0.14155144501857875,0.9105853283571776,1.6617469871753783,-2.2105732905909745,2.747831386579193,-0.14201754810743086,0.008958699901420663,0.0011211440113870394,0.0103906874937462,0.00012824606240363463,72.8739987093991,7.207943886500893,60.31645658202979,85.00084924810723,0.9493997179260555,-18.117944190264982,10.551756515335457,-31.110939159279344,0.5513260001112024,1.2177794292073287,0.0073979873459291984,0.00020598432919927901,0.0076043052733106,-1.8408687993349998e-05
84.84796464997281,3.1121759523769583,80.92142102391047,89.65753450456995,0.2986773174355707,-3.452841218927749,1.12163847520928,-4.736002847117611,-1.6238782067665083,-0.051272272979610664,0.02132898275330119,0.0011477250529062834,0.0226715626385631,4.738915763028848e-05,double-support landing phase,120.49369306833115,1.3977643871240368,117.68627853280738,122.03057784640389,-0.1217530878504778,-0.014457346384703971,1.5228207982411714,-3.4239112320913176,1.8838381840645464,0.12330021330916435,0.01200467409785988,0.0004896934790641643,0.0133699396191331,7.231086890329617e-05,87.79266611894494,2.174503279528454,85.50222657132979,92.40712961717928,-0.2655731940711344,12.31327716361159,1.9949358437800295,8.592155237405626,14.77838728567106,-0.1908517655541075,0.006882097968742318,0.0006284471102734365,0.0091460086186111,0.00010939725924458847
89.96681138689647,2.7091906232660863,85.28505615108172,94.5673184509107,0.357010088454961,-4.921700768766592,0.5579844328863562,-5.932280050068916,-3.9114214152897655,-0.0777253321068904,0.021856622240259804,0.00041757763209355,0.0223675211552064,-3.463521855333076e-05,double-support landing phase,116.96081797373807,2.912203960495487,111.791032400831,121.355439296028,-0.3678618036614229,1.2085039671514173,1.0155652491632077,-0.3694884292812831,2.818137162061769,0.04202821455985242,0.012823572044513131,0.0004978553036674866,0.0133699396191331,3.536805940600385e-05,84.54561360312466,2.0985822320910854,80.35330914533768,86.60210791057673,-0.22640178885483336,8.894599474699557,1.942946085807764,5.989306940744132,12.184240196026815,-0.23826666366471858,0.008015282730296263,0.0008327543537630438,0.0091460086186111,7.069751636518846e-05
103.30188209062034,1.7160155093273364,100.12772293707002,105.92828960700754,0.22309871807452014,-6.295896239114954,0.2655451694754739,-6.559116640743102,-5.850626806635693,0.023400969810020003,0.014534700921184338,0.0011047414666951496,0.0175787573323215,-0.0001335899484345,Single-leg support phase,99.39726113876222,3.888294491039123,93.5260115491048,105.66020592317416,-0.46669978361805253,5.6592420892487345,0.22432462458949115,5.0770480320747655,5.905942244155893,0.027372110543662637,0.009809564129139121,0.0007054653831533432,0.0114891942062249,-8.907109485303075e-05,75.46316222002602,1.0928180891344328,73.74383804557993,77.33510042739475,-0.13812547622364674,-0.44010886076185834,2.027622744290886,-3.2551824495949244,3.0234783105680743,-0.2414869523139615,0.02996715701604092,0.001450796930848905,0.0314287093740455,0.00011747590406179234
105.6574827122174,1.1201121535144645,103.42249526578836,106.89738019147924,0.13141627395381322,-5.8088285343809885,0.38283166989769934,-6.480877353976657,-5.034188560612757,0.0556418766678423,0.013798449963886168,0.0005118161968980078,0.014227674376726,-4.304759512183461e-05,Single-leg support phase,94.03744592921076,2.5184076887131464,90.44729203705332,99.1713475783104,-0.3355405977406572,6.0543796122177955,0.4083710159181659,5.644296525942704,6.744701832944756,0.03337870673908819,0.008914198891676007,0.0006820596115718443,0.0099271812795194,-7.216553443527691e-05,73.49934949274285,1.2414635732434673,71.16186435138174,75.30712344515139,-0.15943304206806358,-3.6250125910673705,1.7808374178237838,-7.237049260443767,-1.0321063328081188,-0.23865165106290956,0.027318635344625218,0.0038516990908244145,0.0309287498405247,-0.0003378773504043039
105.0163501080449,2.527455070679449,98.36823970441417,106.89738019147924,-0.29578315390555826,-4.676173146051993,1.1369554143205807,-5.846370566794069,-1.9059964956395743,0.15155284889055748,0.012968230204435473,0.000835549836341903,0.0141054186730245,-9.655605487620386e-05,Single-leg support phase,90.48032948769008,1.740852395557278,88.38643599110107,93.28879078812696,-0.18791701845149061,6.319296012695243,0.2940501411731688,5.856395924939294,6.744701832944756,0.003524264013577476,0.008296548898357788,0.00044759517815522377,0.0091733457400461,-3.38945420414808e-05,70.98253961271774,1.72623859290375,68.12860336021535,73.59301663986759,-0.21016974152508594,-7.636614234839262,2.9998712804987377,-12.993075716940725,-3.442746455328008,-0.3673203562158737,0.022692740031858703,0.003667071831449981,0.0295456637389386,-0.00042028939123416536
76.05030112960017,3.236733077385594,70.85959200023129,79.6804598746961,0.25322043254906607,0.687622436302212,1.105453289934996,-0.4681283705382077,2.761133709805633,0.11612909350849107,0.033302028694661694,0.0021473408709685297,0.0357634808553017,-0.00017600325248229992,Swing phase,127.93539843297278,3.278350302653384,120.51666969151788,131.47526856715558,0.19161567816754016,3.939747284440469,2.1713815352872157,-1.3016613952407698,6.087156166760081,-0.21597354663255747,0.012215688790770583,0.001554516497308022,0.0142726703191563,0.00011118959620191922,72.48847992710827,5.124169777433834,63.67155362482111,83.17103885724205,0.7499802012469594,-25.1486012341022,11.475212314823636,-38.21169002250097,-2.926934471133172,1.3571059827449152,0.01635064337659196,0.00016233301342138886,0.0168727780344739,-1.9977663305477e-05
98.07023635388379,2.282158945302023,93.53586808245194,101.48703822197564,0.30581423613552683,-2.250147442225452,0.270075265912564,-2.8791128695686585,-1.9873091336900388,-0.027479387676453707,0.022205140667237663,0.0019326467182584686,0.024801455187407,-0.0001419356737622384,Single-leg support phase,111.01173378460113,4.834138313841167,103.58133711912696,119.44946444444147,-0.6103125894351737,0.7275342670518798,0.8344119350852236,-1.051034088299583,2.2129618275466467,0.12553830445562422,0.017660828858446168,0.0009234413007779414,0.019587133351346,0.0001065359923652924,83.23457847298394,1.8326029663207428,80.72361640813682,86.64893783019365,-0.22789697777141635,1.876922893661387,0.5627789220926158,0.7022556105613996,2.676005198899184,-0.0759134457052994,0.012189566114230723,0.0019876878433479255,0.0175598696124174,0.00023611922778001538
101.88362583226983,2.292562350552991,98.58481036407728,105.73315754737024,0.27493643012665214,-2.7041241550858364,0.3330580318892823,-3.063868575964756,-2.1107215049386983,-0.024462556120489268,0.021021284074832447,0.00014223569721315832,0.0213653118997191,8.065303470038437e-06,Single-leg support phase,103.44179278074714,4.0521067351009314,97.72119764908209,110.3952596160429,-0.4874639218061854,1.937816605182062,0.729923980451814,0.6132424811606806,2.949242886068111,0.08984616941951654,0.018812522129662293,0.000743726613081532,0.019587133351346,5.67635021882153e-05,80.67268881660198,1.2165338475429042,78.59769037429172,82.73346299195758,-0.15906817760253325,0.3724591281059904,1.2259043159223315,-2.1451823510978203,1.8085468700824936,-0.15206650850693515,0.015004719839031278,0.002469779213791041,0.0175598696124174,0.0001921216083706154
105.66327839577094,2.1342945042374772,101.81665702055643,108.55504357769064,0.259168713735931,-2.6391308582075186,0.3666480393199044,-3.063868575964756,-2.0293661513630625,0.0349537445824163,0.021371220673664218,0.00030212494800430485,0.021685182906337,1.9838525774230765e-05,Single-leg support phase,97.64039518078971,2.859909110132364,92.81561531788805,103.008504632907,-0.39203420442380615,3.0331524411359463,0.5742432305289461,2.275586384448451,3.872997912806655,0.061438904936854,0.019477482478114802,0.00012338037398498675,0.0196066595021146,6.8738048636269235e-06,78.39411926886046,1.4526507214400448,76.02438044128803,80.57192932377393,-0.17490572624945763,-2.425465759922938,2.025294995912602,-5.622372268230208,0.5221707671858028,-0.23632857828523118,0.020777432538375464,0.004063056280995274,0.0260787214185185,0.0002988012778041655
108.08721657514849,0.8962664976903493,106.0053629596506,109.0022950159126,0.0700864981526162,-1.636396879382682,0.8158251961631693,-2.667662429322724,-0.2033157594709598,0.09478256422506785,0.020582736869742786,0.0011979471312290242,0.021685182906337,-8.765425488971155e-05,Single-leg support phase,92.94558406815773,2.7529627316883336,89.07232992584622,97.46101062340254,-0.3226415652906279,3.8240154517984712,0.36695251345754304,3.0564353642928523,4.471988859922679,0.05444436521653181,0.01844804825566128,0.0012676095275599571,0.0196066595021146,-9.234187701557307e-05,75.95424594861808,1.4088905374511007,73.68356282158767,78.3784138655874,-0.18057119399998975,-5.680575554288268,1.798998067295456,-8.842553128672048,-2.479206914297267,-0.2447440851682608,0.028471479277848356,0.0041424753269266885,0.0335215749927205,0.0002526069422534269
105.30428863168025,4.416827007104445,95.60589362783884,109.0022950159126,-0.5012345222746799,0.07733180830263252,1.324589667498813,-1.9186285253210087,2.4587314092315173,0.16835999748278946,0.01809667667504946,0.0019804638244073367,0.0216269293397188,-0.00022983428618703088,Single-leg support phase,89.22101824267882,1.5972875155328954,87.39109098112249,92.40337227581036,-0.18712613555384922,4.177976417813687,0.252457912610164,3.737470435839336,4.541857708657468,-0.006123210628664115,0.01692062532548637,0.0006878397828350593,0.019556773900429,-0.00012510714540020013,73.59948895432979,1.372555585572184,71.35887447437858,75.85503393922352,-0.17292921018634372,-9.737878298388894,3.0909959528208084,-15.911942810979475,-5.821164015886254,-0.3881068767343547,0.03143337468562863,0.0020077411868980664,0.0335215749927205,0.00020240397063620767
75.09605282483886,2.504277301730219,69.95926596610794,77.6987762570426,0.21961698821751915,1.494278868911885,1.1879784946493774,0.1669194950281059,3.489389458454052,0.02567493463472079,0.017995431835271948,0.0003732365151263511,0.0184626912713352,-2.7515798402715458e-05,Swing phase,131.1945998451071,2.4150465980237117,126.9200059567743,134.45991280879824,-0.018696436629491258,2.562325089179323,2.5720773933856256,-1.3740347376262867,5.304916768359502,-0.19935708841335417,0.01928191880059021,0.00028050347956184735,0.0196261224024404,-2.1031047340719234e-05,72.95049691187349,6.043786378307497,63.91922157565518,85.80880527858837,0.8419070654974303,-23.520182732355337,13.639740316349421,-41.96960218593937,-0.0651799214934253,1.6117085486325364,0.015509528452933317,0.0018068676191426854,0.0177533164435112,-0.00013935073821598083
86.79032537335547,4.968485411269709,78.3723714509348,94.25885527680131,0.6110186086871733,-1.8600457040155232,1.4701774617197443,-3.500849615530519,0.8773068625752299,-0.16166545010554734,0.02635890479423865,0.0021125215453558833,0.0287090382593211,0.00033383512712968074,double-support landing phase,124.10777342716126,1.1869512137342328,121.58196335790012,125.41373555754676,-0.012267291240896965,-1.8860938025776688,1.9643996218991058,-5.815935124979827,0.8984656921499272,0.25824618527422133,0.01442614185116093,0.0007846992343253076,0.0169813524950365,-0.00012669076586377306,87.569355480151,2.7156420346126837,83.57151136076122,92.68290981598705,-0.3504384021240702,9.372806736845812,3.563072584899165,4.624501455999386,15.063114401007644,-0.4014851132695484,0.007658765839280288,0.0007717736082552076,0.009666290745933,-0.00010716088428207309
102.58284850617282,2.6060890816416644,98.29135415971533,106.36542289618342,0.31054110524877276,-4.819976993559043,0.19475821560525255,-5.05050387157968,-4.318933663578646,-0.0044548670065002955,0.01254084918448324,0.0070334169725908184,0.0249928362631319,-0.0007217649691227269,Single-leg support phase,103.74050349602743,4.18364251611105,97.3442682663146,111.31828807134862,-0.5374623001936161,4.0295050247085,0.3313552101939077,3.1937547620871696,4.378846917091588,0.044045559763630636,0.012563041712654386,0.00027400202669901585,0.0130361990108297,-2.946399281809617e-05,76.67067500765063,1.5292826403485638,74.20680108296716,79.1136427153089,-0.18872467816698993,0.557915768526067,2.1963082461966494,-3.4945461147116434,3.357435095866166,-0.2634300568139881,0.012015796694178921,0.0031776024337491675,0.0173060924570824,0.00036876133956474227
106.36894008006347,1.7633789687394459,103.04586647861336,108.6127653404059,0.21411149468432839,-4.269809120858709,0.6777613387449388,-5.05050387157968,-3.127494720033733,0.06738618810194355,0.007416949679450054,0.0018272619868184641,0.0099156083301244,-0.00016287072354959997,Single-leg support phase,97.32530593775314,3.3842347644786743,92.3981599909081,103.06118537876289,-0.410116361071338,4.421849966947386,0.26246221789076807,4.075154059319531,5.040456101868503,0.037127001636498916,0.01222174506166764,0.0003693929956693588,0.0124812901102424,-4.36645780101e-05,74.12663364207286,1.48669951967541,71.72826863156729,76.57447496139281,-0.1863925511471354,-3.2022341265532654,2.2963526595397177,-6.490586086294293,0.7143186909884783,-0.27711172220318353,0.015598988230256529,0.0025098780415665056,0.0199257051345615,0.00027911540654324625
107.76731345297814,1.0552530384752754,104.66744933389371,108.76984701723228,-0.07643181057247425,-2.882913130167074,0.8970132110613077,-4.246106975774529,-1.030502588582514,0.1236770918150775,0.005921718019330801,0.0003054712817885789,0.0063068001778349,-2.2993191953234623e-05,Single-leg support phase,92.40889089244537,2.415446586877521,88.52416316300327,96.84956880720384,-0.3202079093923297,4.992722241843688,0.4593563590657274,4.315729466809258,5.549592294667443,0.03898308258543636,0.01170202844332193,0.000460939670056358,0.0122782862635734,-3.546194818578081e-05,71.57328628010931,1.5330365863765458,68.97865305163641,74.01958250194309,-0.1938819019348722,-7.005876106504005,2.285971527588066,-11.583523257933724,-3.7763658428677753,-0.30027528519484414,0.018475076307681623,0.0015518548220406275,0.0199257051345615,0.00011730879651774626
73.7505861306233,3.142607178888996,70.40009502713362,78.25117538161504,0.2324882692067596,-0.17010018969521498,0.6055406885445792,-0.8754658215922526,1.672710122866272,0.09800676709455863,0.0071992764895318214,0.0024150151645284945,0.0117959794697798,0.0001754357112737077,Swing phase,127.85798270848954,5.43838162250685,117.14960127380914,133.4442721104432,0.5256111123005601,4.792073806689805,1.1922040095922126,3.041059723146825,6.60679252755502,-0.0010202334712352374,0.014545531464440958,0.0005686791163650635,0.0151896651174434,2.8663695093011547e-05,65.5928393874538,7.228479569024234,51.87345477953981,74.03075086246231,0.8522036954970192,-34.97691991599092,8.923239403754815,-42.61197339414914,-15.029654123600642,1.021169847727686,0.009673903875168576,0.00041402353539062747,0.0100351951677276,2.4306906144400014e-05
77.05350935422298,1.5878673193711408,72.94828030792225,80.06701534148436,0.2737975012908507,-0.1764864552741083,1.4918486427043365,-3.4794153302116384,1.8764298015191048,-0.12511249577932523,0.009941444742205692,0.002474469974375925,0.0126563592211201,0.0002624391595049538,Swing phase,129.09056072293177,3.8206705135355654,122.17633774317017,133.4442721104432,-0.32213766413586814,2.4382757305093077,3.335453888562559,-2.226237814092822,6.60679252755502,-0.31004059704850767,0.014636195006742792,0.00044086411066993775,0.0154842936797063,1.4078214249176927e-05,77.54990634173242,7.053697128067976,69.66435833502885,89.87296314426725,0.7772540311245536,-14.49681217046291,15.714758075360974,-38.75965360126522,9.753225193338988,1.8658799536386232,0.0092522709571879,0.0010294783064477807,0.0100168767690899,-0.0001129813826711577
90.5140659230088,3.8586697249519823,82.99379265646317,96.95260098999958,0.5368772435975543,-3.156105301105426,1.023406047355639,-4.374340840406576,-0.6363100802836272,-0.14377041385088263,0.014378101631927811,0.001435092704271343,0.0161285094388213,-0.00011317054361647313,double-support landing phase,120.79348503286475,2.298226257226427,115.6484107198641,123.41413398574632,-0.28020001957699164,-0.19561125789491124,1.2655604088803365,-2.465491499952201,2.300373651217737,0.1833025058142284,0.01607528004809858,0.0010749566732077063,0.0173461600332287,-8.624871725082308e-05,85.95810002696092,2.2027997306400655,81.52356334321395,89.49573189701282,-0.30662186745380254,6.476966172183145,2.7837798022248257,2.5531244308619483,11.90317719164158,-0.3596174138761397,0.008066697583383868,0.0007193691281004049,0.0089143703942949,5.796105010519227e-05
106.45107658177277,1.993299527575521,103.15032993518732,109.62475544886092,0.2490163659105234,-4.286975258047226,0.6661799908321818,-4.940517975988917,-3.0802298142255444,0.054871769446263534,0.005859090089688584,0.0012370547903119817,0.0096986239669521,-0.00018520717964610385,Single-leg support phase,98.95717834539462,4.808699461278834,93.02760388697918,107.65511830428126,-0.5625967083577723,4.234829394320802,0.3372136718953681,3.7470388324689696,4.8541199250354365,0.0210618892091101,0.005570303926070753,0.0008234346903168644,0.0074291240644042,-9.509825853652307e-05,75.96158508286014,1.2672848640742898,73.86100646484559,78.07305921809241,-0.16200202897103166,-3.0935983932689592,1.6142223211263083,-5.534198493630197,-0.1980090249499003,-0.2052380564877037,0.021107842369111115,0.0037168593136264238,0.0271209603993712,0.000373237391496627
109.28111469607492,1.3883907683257966,106.5456134570377,110.80173263657888,0.15113670981681465,-3.228510799349667,0.7411855638192416,-4.699129803018265,-2.136372900332539,0.09856757318022025,0.005100055696895672,0.00042836024608498174,0.0059655039257904,-3.834526833450385e-05,Single-leg support phase,92.86272596292523,2.4378129536104005,88.81203367665299,97.43325924902122,-0.3315855989372397,4.706304304332248,0.6184786848497136,3.7470388324689696,5.39241632745749,0.05119115336507645,0.00501462385477593,0.00021401115110842542,0.005440478072208,-2.256004481035384e-05,73.74459977488169,1.3486582749605396,71.39951632916933,75.92393012776353,-0.174015915330546,-5.978439254292807,1.8330748816802984,-9.66798363219854,-3.1163533406888213,-0.2519857804426815,0.024536861166760175,0.002576387563248803,0.0271209603993712,0.00021304206707551925
108.34619449787428,3.0818275484783606,100.70416293164612,110.80173263657888,-0.3490706124869891,-1.463281677852031,1.5744135018673553,-3.083581953464459,1.9064251877923863,0.19192335158680177,0.0051502876935660465,0.0003883762636046821,0.0059364556951082,3.4451046967588455e-05,Single-leg support phase,89.00624004194273,2.1609026056389835,86.20029799730354,92.76084141757924,-0.2523285930875272,4.992889257560136,0.2917095009252773,4.539203867581101,5.39241632745749,-0.01702448830172358,0.0049125163053224535,6.578280284025341e-05,0.0050234574525767,1.3937592225307714e-06,71.17352857897029,1.6675180870139525,68.39626691914026,73.688450941724,-0.20354553933014385,-10.34596734486485,3.3723425809724166,-16.55878063356206,-5.7312136779710485,-0.41644488290734655,0.024432707851424245,0.0015782234486572328,0.0259648777035393,-0.00015368035816038856
75.84425478317627,1.740045278058366,73.03760592786799,77.68952872159397,0.15232738488031025,0.40034325930885567,0.7975852348524174,-0.8030855198607467,1.638813671320568,0.085254582280065,0.005640493966387808,0.0012663885325909254,0.0074386734841356,7.209938788709228e-05,Swing phase,128.83986732407024,2.613066741419848,122.13510396224008,131.57564632212333,0.20232685955067026,4.331774738747351,2.6726605198319753,-1.2843446494706596,7.120422515453518,-0.21967173118829042,0.010705769573937835,0.000757734257141735,0.0115734356546507,6.395484428949997e-06,72.65334632189472,5.122397521209545,61.02989449676347,82.19450577482132,0.8140235106945328,-26.146910363364913,12.926078979880376,-41.109709616041386,-3.6425048667002127,1.4410463365131219,0.01688862728039878,0.0015842923985392328,0.0180386921149183,0.000299262205055627
78.28172637127167,1.7830488855442357,76.87925076452485,82.20985655657057,0.20502329969406602,0.02571643790869595,1.41953136069588,-2.379235343075445,1.638813671320568,-0.057978717798878754,0.007857393621908515,0.0015696208289708072,0.0100113809352928,0.00018911539627420386,Swing phase,126.91810977859049,3.3334757093058474,122.1158160202769,131.57564632212333,-0.3638396269940938,-0.16423234327869604,3.3942008580582352,-4.869708718212537,6.365598060503041,-0.432127183796753,0.010208117261326562,0.0004017475372687007,0.0113291462288321,-3.7973394599615445e-05,82.51781930143906,7.6632937459782635,72.2799885467714,94.61152110022236,0.8457134246977319,-3.382923637614615,13.538047419577119,-27.6907463637943,14.649515562642469,1.6284716125552603,0.013906242531469168,0.0040257962551751595,0.0171573747552193,-0.00030517470895715
104.91333238941031,2.121283794474476,101.08945584096271,108.01672191698316,0.2664333106161709,-2.9281637634967947,0.21698198517528425,-3.1720451467334496,-2.3925060957538045,0.01066444893671885,0.008846275838375616,0.0028923698288073237,0.0121849691609817,-0.0002626256520557846,Single-leg support phase,104.28354275851756,4.809356926690825,97.28510903007084,112.52613930707236,-0.586193472192366,2.4978915887170716,0.2443543849095923,1.917539079045282,2.7625495507208107,0.028419183730454874,0.005276605790531576,0.0005154823986844552,0.0058573694042127,-6.761758730173846e-05,79.39413181038199,1.1282552472806189,77.48732203691503,81.16078657946547,-0.1412870977904013,0.3700603024550476,1.8412626753370225,-2.918982584385108,2.8440776459569004,-0.22165616270546185,0.013182465268067791,0.0029854663256420728,0.0265841587815207,0.0005870071310338039
108.25216959465254,1.7757570286162967,105.41349207985796,110.99490666687676,0.21466979180841533,-2.3347578346791096,0.5518701400621335,-3.087928000215014,-1.5995147729745725,0.05724666258617083,0.006047294813304254,0.0005416015790748149,0.0066468865909684,-3.398018400410385e-05,Single-leg support phase,97.15976455163324,3.5122049598731193,92.27014899799764,103.5643675271903,-0.4343930203535639,2.765529232106526,0.2361811944428979,2.529556089639516,3.400855987227665,0.025803047300978026,0.0044579885174901536,0.00045472656116984694,0.0049427323470117,-3.3428753990976905e-05,77.41481149365957,1.207006668663493,75.43322179390753,79.27420915052251,-0.14773028294672977,-2.7892946614410357,1.8683115557213177,-5.684832771232319,0.2810901848732423,-0.22945857523482927,0.019761896491256984,0.005781881496230444,0.0265841587815207,0.00042422667973947303
110.79756350184724,1.2193747463709574,108.2936534742693,112.1859273719894,0.1309887640061175,-1.0932423947550463,0.9486661332715096,-2.2712238624708574,0.7613473588872399,0.11663735466761913,0.005301565122904061,0.0004074157076349503,0.0056277656121304,-1.988281027022306e-05,Single-leg support phase,92.2496284019704,2.3962228476676417,88.25240116393647,96.80403132090368,-0.32890885219104643,3.340053591308264,0.46369297042182334,2.679563538497656,3.930807093127798,0.030632419175165786,0.003948588280868689,0.00016212173467136215,0.004079633129551,-5.879681667873074e-06,75.27515698416862,1.3054407721238297,73.00174510787598,77.32319883307706,-0.16620975866158005,-6.33995696112463,2.3595131489400147,-10.8908171530016,-3.173743900323607,-0.2968105097183843,0.026997833508223632,0.0030464767438387057,0.0317465880083345,0.00016286083661110382
109.32339157589301,3.5579880533997166,100.75659008385594,112.1859273719894,-0.39955894066249825,1.0295919645893081,1.6740592245441182,-1.5185863291221884,3.882932088637999,0.20775070837539183,0.005066163949939391,0.00031640864283432316,0.005610559726782,-1.5818399440800023e-05,Single-leg support phase,88.61098589224352,1.9973051859370174,86.40694219854144,92.0855753479138,-0.21840896728355227,3.405291109424824,0.3874482566460091,2.7662209461363667,3.930807093127798,-0.029143387826237845,0.003609040864810023,0.00029512319587545176,0.0040735623957331,-3.0219225344365397e-05,72.94050571443209,1.4204971452324846,70.80751048433635,75.26131770431563,-0.17130027769151085,-11.236969981925434,3.5101353371372284,-17.64378723652488,-5.96628403207422,-0.44913473863271763,0.028920347286040024,0.002272670847293486,0.0317465880083345,0.00013429428573619227
77.06056239018515,2.2132945346976394,73.02670716833124,79.44305614485549,0.1882290778042916,0.4571393170374918,0.8147812528574275,-0.6322896060410323,1.779576100968648,0.05452424715006007,0.005755377815137953,0.001287112147336741,0.008714767150143,0.00016875700735383847,Swing phase,128.54809212043594,2.1038610061745913,123.52353967339734,131.02632007082494,0.09569058468158377,2.7708010518003707,2.1637183621208655,-1.2387062977057777,5.124234820421407,-0.162600730707133,0.011925727015423557,0.00026355371399423985,0.0121047881961315,-4.161684420478847e-05,73.2268200893013,6.0339623565798135,62.50195492542799,85.45236511574267,0.8827080842428722,-25.21692929657062,12.986125845429495,-41.54106566489361,-2.3719034703054453,1.5065062382533907,0.00488874506201302,0.00033312268751141606,0.0052518635312633,-1.935356348357724e-06
87.49660448277126,3.8716356876971862,82.45657318796447,93.12309225042154,0.3780391942272717,-0.42924708490100794,1.0062581542630467,-1.539560544876356,1.3863057850523852,-0.02515805946775392,0.012506637317324624,0.0012224804361821826,0.0132486399559311,0.00017894140981093083,double-support landing phase,122.23106457620848,1.1259796587484865,120.30715051072542,123.81351178423913,-0.024499498596096184,-4.415872594315987,1.676215001006158,-7.2547272363586,-2.226772929784131,0.14616194590058426,0.01270557908345719,0.0005184614078628359,0.0130807210394409,6.625854240978075e-05,90.47305950950009,2.505141713244424,86.37258321437297,95.02118852158374,-0.33263866566195277,9.324509541874498,3.2991400145689243,3.783576830851822,13.655493085316545,-0.36624330399380073,0.010083502658236754,0.004823004349928407,0.0171455534579858,0.00040725579223960387
104.20271731796917,2.07603958324156,100.1503010019834,106.99735243813562,0.26334813215970104,-1.0381685170288508,0.15191271234100207,-1.2622439066652098,-0.6016375965395355,0.018644027619862058,0.008414938547099045,0.0027444723268003463,0.0123867309248831,-0.0002952247420574538,Single-leg support phase,105.30729965782358,5.0011130939013615,97.26321807693029,112.85155342912894,-0.5995513596999482,0.5724211548651932,0.33504960769113606,0.0879012587919855,1.065217708822688,-0.0039594081747188845,0.007217872500635076,0.0025382775815963525,0.0106695487583974,-0.00027444913149327695,79.79163656075569,0.9665200935203893,78.27591187284558,81.41729962640845,-0.12082260590626412,-2.509520400947646,1.997082820774029,-5.741658424554423,0.5953059197852074,-0.24372939785921657,0.018794755263564125,0.0030450322814286022,0.0202970054920169,-0.0002649743620967808
107.1223759037895,1.3850759362987723,104.76318965385845,109.1412495224039,0.16838691802097883,-0.4395851107539431,0.7058236792601076,-1.2622439066652098,0.5844947308305707,0.06452064557889238,0.005652186914005977,0.001566458104080067,0.0079794466647855,-0.00014317973647789614,Single-leg support phase,97.86045032649356,3.7764556411177015,93.2360351184206,105.32802275801666,-0.46507644767677137,0.5174560313254022,0.3620340141884294,0.0879012587919855,1.3247641809322344,0.016717585721327317,0.004538054295023923,0.0016810027845885144,0.0070205196118481,-0.00013957582229978078,78.24500525842018,0.8742323713218878,76.71673848327248,79.65630457619426,-0.11306023434314537,-5.47608029988235,1.520882982103284,-7.649962272614561,-2.7936630470955173,-0.18678073944304013,0.01546406054853384,0.003281306785091272,0.020244468257524,-0.0002096743801598577
108.87496870421043,0.7396556084841744,107.19216866704224,109.60520923722544,0.08588616572425369,0.7152585390483063,0.6766246936259673,-0.4576224186287038,2.008339524283864,0.09484469011202185,0.004477511554021304,0.00021850179724357388,0.0047266852167506,-7.576802934334596e-06,Single-leg support phase,93.16394779659548,1.9375839062386333,89.8585883055456,96.79399003583852,-0.2667462203958817,1.232812363695103,0.6994923977066537,0.1003079369974125,2.032511466830652,0.06343171736704947,0.003473467964713296,7.165774714738439e-05,0.0036739497209929,5.387630054642316e-06,76.50254830251357,1.1744296234605072,74.42955551914119,78.16875455228512,-0.14381534742861282,-8.174329842047014,1.7538143874651249,-11.8430471271782,-5.928634843038467,-0.2274773955438359,0.013867754924758748,0.0005602283198700762,0.0147929343733677,-3.149344378696534e-05
107.45328839913586,3.018172020000439,99.65674691765568,109.60520923722544,-0.3671545149973197,2.1460107923175658,1.1573211764841136,0.621725489003072,4.497765801377488,0.14907847355286216,0.004415025665690361,0.00012099861901371435,0.0045315318513796,9.47218995458847e-06,Single-leg support phase,90.28698046599811,1.548585301540215,88.70581217241411,93.07229818822915,-0.15569754060189595,1.4587890991289358,0.45740518991704143,0.793554661755833,2.032511466830652,-0.025354171099849127,0.0035399635228536615,0.000115420070449559,0.0036739497209929,8.600190018965373e-06,74.24040441305407,1.4737247531616564,71.74050496082492,76.54649408103427,-0.1848457353926672,-12.269646880896012,3.1458500729348056,-17.98065726767595,-7.834931242164383,-0.3902202317504449,0.013468249629564168,0.0007541516080075219,0.0143476863453163,-5.848152116652305e-05
76.04597439468886,1.3380351743786163,73.5897307842318,77.55838052166614,0.12154510672452765,0.6995527862663076,1.2195146533843466,-0.7341103961293386,2.7466262103515406,0.06284145403313204,0.006378475382362432,0.0009137203475807849,0.0083260771320895,8.847459478756923e-05,Swing phase,127.8347075085905,1.999901257063581,123.50963083992264,130.3599993485232,0.0649725036300201,-0.00501186665690504,2.13732009145676,-4.356565686228077,1.871476878643732,-0.21013500129333426,0.011065805791998038,0.0006672520717734627,0.0116352287486002,-2.9538258153792306e-05,72.64048147770089,6.826989493604431,60.23680339115133,85.51361242097677,0.972184962685594,-27.137836527512167,11.529192256659066,-41.401559080210056,-6.154761283158049,1.355646069117385,0.004883894242403569,0.00013949611194375404,0.0051108574180522,-1.1899597251415402e-05
78.51310603026587,2.2132071357654515,76.43353704464334,83.08298461859577,0.21559680635948825,-0.32225419991017934,2.386377826563017,-3.8451987148853104,2.7466262103515406,-0.12935023492774606,0.0076436631890614915,0.0012549815509617839,0.0103017877327617,0.0001656906205889077,Swing phase,125.03782079965195,3.4077638384619906,119.520741717931,130.29759215241592,-0.414494247480189,-3.752682260477947,3.0664744927556917,-8.620349848725484,1.8055895755502915,-0.40099767016445287,0.010684367333889862,0.0009214231489416493,0.0125479842341733,3.64183073651962e-05,84.39704159142683,7.419997500246383,72.55667909922549,94.1997411850385,0.8324254648389621,-6.223556916009359,12.896479029547502,-28.3648154286911,11.53777304424541,1.5347149412667886,0.004879195542060454,0.00027364836329032657,0.0058077913037416,3.8285785820096145e-05
104.03984889331953,2.1886800878438373,100.34244316643183,107.47138778035148,0.2741901774584478,-4.693017087489786,0.2139783443119631,-5.030662898049261,-4.353595249595097,0.001413121997929423,0.008547843862845638,0.003262922475476647,0.0132238060487471,-0.00032548925869859996,Single-leg support phase,103.23322465253342,4.315090025053147,96.73874197632946,110.63729620654688,-0.5345597780852851,1.325848671153788,0.5018814328457349,0.4219108608808077,2.084703151066733,0.06395354962253559,0.007140392979235862,0.0025551712639856456,0.0119840521467066,-0.00026817883526597693,78.99437072613895,1.2679455522258434,76.92992857867262,80.87374271446542,-0.15168515906895408,-0.9042453248937754,1.7536030694219567,-4.089606513027508,1.4472660729801123,-0.21295663792337002,0.02578141807174004,0.00174934398294066,0.0278890959837886,5.543868607567311e-05
107.47150246296442,1.8448122013639772,104.2234223108548,110.0581809126652,0.22441379237732278,-4.177426876727433,0.47870296040315125,-4.859383964569998,-3.437192396045236,0.054699675712490854,0.005390023904634422,0.0018741383385889598,0.0097239984436678,-0.00019931489414821152,Single-leg support phase,96.63075462465711,3.3950694850873666,91.82965186330364,102.69568339528566,-0.41792428969161605,2.0137464859480163,0.39303957606439577,1.4778486327040756,2.838405588037556,0.052196038148811755,0.004994822446790785,0.0009839047480722524,0.0069837901136815,-0.00012122488633658846,76.857391638194,1.264700814862346,74.73195030779367,78.8419838226933,-0.1580782121115241,-3.916940194711458,1.8121373021432443,-6.656394480553296,-0.966232814593608,-0.2188523717676803,0.0250314137061554,0.0010928228633959546,0.0274823848314658,-0.0001287341970943654
109.79504546797976,0.9592101532509371,107.71066290113976,110.85123047228775,0.10716430355084966,-3.135373861587431,0.8122173793335516,-4.279531283261408,-1.5388998718398017,0.10540890043929253,0.0045501006246270355,0.00015433506508492846,0.0047610853225835,-1.7072454048988466e-05,Single-leg support phase,91.80756195632308,2.3231335835750735,88.29429630951734,96.2511968498078,-0.3060346361650178,2.7248893476940803,0.45654281074067193,2.0997192248606185,3.207009053850525,0.03863127291348727,0.004174549702144407,0.0005129502080458525,0.0050113529770277,-4.000472324272309e-05,74.59116743850424,1.4186535314908977,72.11697446238512,76.77771010468788,-0.1792590631654911,-7.172528240021778,2.059458905932521,-11.212281513598116,-4.346683237077939,-0.26406147217385295,0.024505236070642516,0.0003947148196307387,0.0250895845576026,9.84137340487688e-06
107.94362704440108,3.695320674255739,99.2199129378759,110.85123047228775,-0.4201324160274244,-1.2833735561047823,1.5237663125592118,-3.3792458907994285,1.4385193486412395,0.1852986630554103,0.004457876190928985,0.00017966672761776211,0.0048427221821922,7.684115013465387e-06,Single-leg support phase,88.60385036005985,1.5454008536557395,86.90675239617305,91.57843063624328,-0.17765717252133692,3.0160623287903947,0.17360666319941012,2.580209802235639,3.207009053850525,-0.01401592331974069,0.004663906306369861,0.0017675599444229172,0.0091914768560677,0.00016820814614693845,72.02983868598186,1.5875055023351115,69.50231121332256,74.55628388403578,-0.19438356425820083,-11.621136679991881,3.249315466957035,-17.589139059009707,-6.903776039052936,-0.4109755007675681,0.02427440269280858,0.0011883945602959593,0.0250895845576026,-6.933990338175388e-05
69.84700875949946,5.495624078552678,63.61831113571317,78.38351079223092,0.5608578814624361,-1.2762021333527176,1.1659891119739882,-2.6955841647149184,0.5443606947021098,0.08960486653503769,0.005965934954105823,0.0020216603176686286,0.0092095220552343,0.0001394769946678,Swing phase,136.88344179799876,3.5805535962657897,128.27445341892562,140.37443946598904,0.2668881862163018,1.1267779407155147,0.6832849863191301,-0.4595454425395953,2.114175880291206,-0.0989892816473385,0.012853890847244235,0.0016877067870367777,0.0173311174814038,-0.00017636488647158075,65.1331962379384,6.21859088126572,56.02567873422283,78.68041183218139,0.8713358883830217,-27.946081924712765,8.71532041282009,-39.28127393311329,-11.381221925061093,1.0730789233866231,0.005461888429764981,0.00024981280673306867,0.0056892626975365,-9.445440801550028e-06
76.86707515518479,2.971136236084271,69.453221697738,79.39961109034759,0.35130764052611596,-0.3829260507833976,0.801204943273749,-1.705489063724279,0.6246334482084763,-0.008122366616231166,0.008366352334923206,0.0018364341495413368,0.0104990828192295,0.00022039794184147696,Swing phase,134.1613181645657,5.466320698935341,124.30618262960026,140.37443946598904,-0.5990523587998399,-1.1107975496709943,2.209749933656252,-6.117720325344807,1.1125808500546817,-0.2780885067461342,0.013002735181128313,0.0007282473399371893,0.014481247169545,7.579293454496153e-05,79.13671212981991,10.510649729325136,63.55229194128111,94.83709581530944,1.203261687462628,-9.693649356083316,12.413511731941423,-27.82180787824338,8.545927850038812,1.398759066472392,0.005194969266921292,0.00021902907185308073,0.0056736373228771,-2.5454703023653822e-05
91.39523713169788,4.343496483151864,84.6215106155269,98.08025759651667,0.5176441146534528,-2.8996587401497065,0.45173941973933757,-3.473384537342781,-2.322703987783957,-0.030001755741909067,0.012349845134362443,0.0014278925999844322,0.0138704227455454,-0.0002541280386047269,double-support landing phase,119.22128405467676,3.0715175034813798,113.1293941310257,122.33056399907152,-0.35168305080227813,-2.348091825387251,1.4507668753585996,-5.026880515665681,-0.1751149055009621,0.18660636962171998,0.012984332033608865,0.0019418537492896506,0.0144798744025179,-0.00038731558299085763,86.84121407948525,3.1877302888615873,81.8289940170438,91.78387556295188,-0.3828800594580031,4.4138961826518415,2.234870418337135,1.4726886557147325,8.841355552120152,-0.2834102652463623,0.014485133802348914,0.004773334639056785,0.0263885582846409,0.0006845282516688732
105.25921706591228,1.8265705419278628,102.01788293320897,107.89990125558076,0.2262314739373766,-2.9511997781354955,0.4058428647784347,-3.5285335045639097,-2.279965474000063,0.04802184732937872,0.0048173906367762155,0.0004569326552423783,0.0052330229721588,-1.8279565039969226e-05,Single-leg support phase,97.14612209468072,3.0677595490504963,92.59398142064435,103.22225179028068,-0.40877962960139713,1.6810072409513999,0.5549173256171676,1.0202298259563398,2.566441246966755,0.05756319701312229,0.003747008168635054,8.365075417183355e-05,0.0038569225235324,9.659238677523079e-06,77.52208147727816,1.178897944051138,75.53249267643214,79.29512483037192,-0.14471662130537602,-3.3170730026736805,1.4943737892175684,-5.95996504199731,-1.1695761173189334,-0.18424572787224525,0.0225098193377903,0.00401133771946614,0.0266244695729734,-0.0003385734990988153
107.87786221314728,1.2710100182692106,105.5435820396253,109.537757743399,0.15124836752227877,-2.0027157304372696,0.7198152896546032,-2.907206881781434,-0.6219024652183036,0.08789632371396656,0.004279454688911499,0.00037465374574061506,0.0052235878225746,-4.790605881353074e-05,Single-leg support phase,92.65235313653768,2.303864953572105,89.33232982404452,96.58928526696462,-0.2791136708815424,2.4575372203955212,0.3722430216925763,1.6640121337915084,2.951455888804293,0.049517067500491715,0.0038244438509528727,4.233437192921094e-05,0.0038569225235324,4.950092452888454e-06,75.35295286937202,1.3747349665413515,72.91362704517127,77.47675597059435,-0.1755049586701187,-6.320852456079117,2.0970833757800498,-10.367363530635648,-3.317952347228607,-0.2711311993618093,0.01920864177200601,0.0024734405177740926,0.0255084950231514,-0.0002294118603230269
107.57483450620815,2.4101364642418623,101.13142988279496,109.537757743399,-0.2663947537653569,-0.4123948355969337,1.24216397997204,-2.185409529920885,2.048958341175491,0.162860302734476,0.0040540014219759,0.00011819141259195231,0.0043048250434876,-9.377875069719226e-06,Single-leg support phase,89.2785759803875,1.64533222018673,87.00612903253618,92.27109768132416,-0.20249879418415326,2.718788487094813,0.2087678711912916,2.1881424755133896,2.971889039326986,-0.015692748917003528,0.003781902556484408,8.406658660038741e-05,0.0038394714625401,-6.9078994733423034e-06,72.88092456059047,1.5196555398076608,70.54996513322872,75.35887713439324,-0.1849581538909429,-10.88534364191025,3.3200981470176063,-16.795834348067974,-6.193671034045113,-0.4077755120778023,0.018734142217347864,0.0009217962329688506,0.0196982515774401,5.871777609233122e-08
74.89621089509082,1.8769576051980805,72.20714366708665,77.41033554155257,0.09557962889788794,1.34823440760449,1.6531472225961488,-0.4032411119659833,4.183059340817631,0.17051182004180288,0.005140338727690832,0.0010174755002457254,0.0065952768736205,7.617850107010768e-05,Swing phase,126.31214885701546,2.658698556551159,119.91434541564372,129.2461542005817,0.15808753655093383,1.6950477716310126,1.6975379809422617,-2.3081242016628027,3.2904454338077573,-0.1608601154199048,0.012388769920387604,0.00012085381670250332,0.0129296689492452,-2.3359701414688458e-05,71.9687410202208,5.598919825461029,60.71077945603321,83.26874451699246,0.8676140408061249,-27.077207457373632,11.285237001639466,-40.53600687231631,-5.859798070228568,1.3327082330810733,0.005226396037678165,0.0001226337771968,0.005360199214435,-4.814632362211526e-06
76.19149253687718,1.297345097068392,74.48557218815355,78.8231299528803,0.0860189277841872,1.654476387181062,1.9989167382816853,-1.658666990918195,4.183059340817631,-0.07788195201230072,0.007969159899761945,0.0020362241771021803,0.0104539333659824,0.00013196503753228078,Swing phase,123.70209675852303,4.087587646736559,117.67066202178968,129.2461542005817,-0.4416650739235959,-1.8317233710862117,3.249423657674517,-7.653407256218906,3.128292444392293,-0.41468075771581536,0.010992456247601546,0.0015001829749789859,0.012377467012968,-0.0001027791887063654,83.59235347196842,8.468620133612974,72.1059829585676,96.62693176917648,0.9431134157926494,-5.77694270716611,13.493293921152043,-28.20462363253482,11.835265407704703,1.5399957323169047,0.005184544058233384,8.41264125119052e-05,0.0052951993081431,5.648824634192286e-06
89.47105692819923,3.711992712515238,82.34442397025332,95.10011978774853,0.49060368528827725,-0.5242264173865272,0.35932805034724846,-0.9715296037117708,0.5467208675527723,-0.025257849677941792,0.01441448195578163,0.0012143189061236338,0.015112288521448,-9.430860821949227e-05,double-support landing phase,119.37282548354213,2.6144202074736853,113.0573003734916,121.73263073983318,-0.3260333007367737,-3.0573255478108385,1.4400298212851053,-4.670765335393208,-0.6667032644497058,0.14124730385049064,0.008267557767631165,0.00036100991215294104,0.0089106673397857,-4.1013965212788434e-05,88.2776558743782,2.922791273981095,83.74998647215791,92.80173244155368,-0.34814407574599104,2.6011807383864984,2.6783448067615208,-0.7370288706640199,7.841261934784956,-0.3299342617480375,0.02243324308480852,0.00846256897787097,0.0333746018505974,0.000978673986061827
103.01628945850501,1.6876364117612144,100.585624198383,105.54320412320014,0.19067615095450535,0.9382181352847254,0.36540217309795114,0.5704904006282945,1.701710579947633,0.03580801292823835,0.004660555764915693,0.0010217000686821404,0.0059500109426008,-7.859057324198848e-05,Single-leg support phase,98.87714553735653,3.5829131744447036,94.6214520976445,105.4407545803349,-0.41612701856501555,1.21185776538307,0.21682767961494553,0.9623920261873824,1.714069031104408,0.028910654035270215,0.00510465856749633,0.0003274790069094614,0.0055138150172063,-2.5143934619153845e-05,80.90808212080691,0.6321352887318401,79.7110754152768,81.76916413842571,-0.07915725858265049,-3.7124419858557562,0.6973498910612886,-5.152103659241852,-2.627703928170579,-0.0970922973488951,0.030852847006977133,0.003620027129623494,0.0353495745084219,-0.0002758404797812809
105.29387216146446,0.964624822189275,103.1253399980301,106.23794307863824,0.1114260591497733,1.4538903617351324,0.3746345709277215,0.816734375230238,2.193245083100885,0.05294271953348643,0.0040328265225349,0.0001433279365464929,0.0042094907017887,1.2522479657338458e-05,Single-leg support phase,94.31968160391361,1.878269149108087,90.97959748720795,97.6785642465682,-0.2576525676677018,1.9418601180810313,0.6377014771822498,1.100384400835411,2.8497729015464217,0.06636573082369215,0.00421811977100997,0.0006702918481893699,0.004881882522637,-4.852957937774616e-05,79.63449508019025,0.8592471895631931,78.19997293602646,80.94105681579168,-0.10542630306789337,-5.486444117052994,1.4318140177730043,-8.176721934280046,-3.690990022388262,-0.1725281504573763,0.026415487253909447,0.0018716799686710913,0.0283141606596091,-0.00013793187553425774
105.37999689687818,1.1061238424849362,102.14920520488998,106.23794307863824,-0.13585982489915857,2.46693085230055,0.8897052172679422,1.4709077798866363,4.0689244407825225,0.09168829011038629,0.004142926172288177,3.4016994268269856e-05,0.0042094907017887,-3.7462224969500018e-06,Single-leg support phase,91.26517329219186,1.808353833419839,89.0177140367436,94.44586123229152,-0.20877489213645853,2.615053016548374,0.28072782568569543,1.8253913329772689,2.8497729015464217,0.034842216367934116,0.0035781749688073147,6.583828152643244e-05,0.0036572348510041,8.13724050907307e-06,77.9754592372774,1.0796848041879492,76.1031911470998,79.58365879265578,-0.13386414021369136,-8.47145969889293,2.127909544642696,-12.390922363829684,-5.336996528367029,-0.27130483982548675,0.021707521471705286,0.003175900565118863,0.0246731000816657,-0.0002202738045676577
99.76870501513318,5.880505278516442,88.64030109558485,105.94009180520538,-0.6653765657546361,4.418176259150007,1.352550567185382,2.336340190673756,6.319838533889324,0.12617692248613183,0.004291024963689454,0.0002515456891653479,0.0047302414887773,1.6485706269123055e-05,Single-leg support phase,89.7454608550472,0.7324833691200594,88.96977703790557,91.60124260075064,0.03265197162913198,2.636963308845315,0.13941769202510393,2.266949062528448,2.799977304001968,-0.020501086210520006,0.003663890963704754,0.00010495496351561851,0.0038048911076287,7.740164955984622e-06,76.01866017449507,1.2519206839889985,73.66595849632296,78.0521957977296,-0.16870143466948606,-12.983804115731102,3.2883354338660036,-19.452375757220548,-8.42290131299558,-0.4242105555471142,0.016145154829056298,0.003860500472223758,0.0245456817347698,-0.0005007681732892462
78.21463532096737,0.6737665756403173,76.66283015181025,79.06356375374678,0.04515764863449061,3.3617660852006472,0.6672389959197675,2.334883294563073,4.46355364271693,-0.005769741316155144,0.008138294642138439,3.171274834276568e-05,0.0081677756191483,1.8500599538423268e-06,Swing phase,126.83803658580214,2.3727247904576028,123.2351451348597,129.745590375221,-0.2056931221459751,-1.2233514510790944,3.2191222663476724,-5.977254061229587,2.539540930000109,-0.26071347371558473,0.009571474933224468,3.365285242715933e-06,0.0095800079538676,2.8164915151920984e-07,79.51185638512617,7.261844386461995,67.38059316568969,91.65198541741972,0.9335150866050014,-20.269286576622935,10.2209647132894,-34.698195087714765,-3.4314227861285937,1.202568165445622,0.004923313753893631,0.0001920340645068794,0.0051657114337574,-1.436412174994231e-05
85.14805963276814,3.1595499018369524,80.69347850923992,90.3998870915626,0.32326726606458867,2.130493605746131,0.9648181709411188,0.6243254490911989,3.5432653055094843,0.02591301971168839,0.02191400210512355,0.008189545367914927,0.0335024411779044,0.0009052526680650153,double-support landing phase,121.90336405672544,0.5569960603615097,120.7117367511742,122.56368178922855,-0.042165261847532505,-5.645750057879244,1.1994509591833624,-8.316464768426686,-4.114119843791866,0.14564256963698152,0.01806421564152588,0.002923590875762068,0.0203416213305399,0.0003457144804602461,91.75769596629374,3.090677012971237,86.42611518207865,96.70841027357504,-0.3954728881344767,3.3556629450811792,2.5071407410702617,-1.3885785167677185,6.098495427482551,-0.263964376105917,0.012966256625848889,0.005157988255104411,0.0205593747017512,0.0005403689918600115
102.59714571222611,1.861332552395304,99.05498860337924,105.6631363364416,0.2541595281947059,3.7896015842442194,0.19907441815136226,3.509076890084024,4.287722314387552,0.029947900934751075,0.022777997599283485,0.008793429027312302,0.0321323317057716,-0.001034533669240254,Single-leg support phase,106.71947759655107,4.743918081535727,99.6427001695079,114.20333298706436,-0.5600243391367866,-1.865430843769706,0.34524679248105705,-2.3461883513989967,-1.091928958906433,0.04754067945917136,0.0085689159151419,0.004901842500229855,0.0173168931733219,-0.0004887056389382154,82.6512693723694,0.44560701887065735,81.89916069613713,83.5172893880266,-0.06223571891882566,-4.672512874441059,0.34095514064336535,-5.321418440306848,-3.974128850066981,-0.051818830393841046,0.02988019348902571,0.0018425478082233038,0.0316358939363652,9.637412841904226e-05
105.70001548484424,1.8272681739672325,102.8089683557681,108.32241941029515,0.21205580978950203,3.984903296521212,0.31162313963871047,3.554928825115504,4.436742231875296,0.006848194638238261,0.011796817715834164,0.009178957945643376,0.0242628326025258,-0.0007306929401439077,Single-leg support phase,100.1085654964131,3.032554239697862,95.9559273505885,106.2630290537447,-0.396426988582931,-1.1213145428291145,0.6448613449540891,-2.019795847003945,-0.0379263705574143,0.07343017678268407,0.005195863602670242,0.0010454366721209757,0.0065888830632574,-0.00010307907110277309,81.79373841367811,0.5963644022126343,80.66427803552416,82.65361823710133,-0.07651308467604477,-5.541006121905654,0.7526733752546549,-7.171409588001264,-4.770251138172126,-0.09235224807035146,0.029946935953455274,0.0008696299316383664,0.0311187495453784,-7.469547404619989e-05
107.98599103291582,0.906610759653854,105.93148996885118,108.85975939640826,0.10320254394179457,3.9975533167519623,0.2690529286672371,3.691380668415062,4.436742231875296,-0.006862472537725761,0.0054356588773348475,0.00021597107186895463,0.0057377387410157,-1.6140964155296157e-05,Single-leg support phase,95.57107573232392,2.422522070034078,91.41026845646265,99.29657550029032,-0.30331950168567967,-0.10178485591692513,0.536891484100104,-1.013216486084728,0.4840333085530988,0.05604186281996204,0.00419617873926243,0.0003718850508329844,0.0046605806138292,-2.789735909945385e-05,80.48497787573216,0.969644973019755,78.62585613892779,81.83299642051034,-0.12335154929163668,-7.6392486536844135,1.7616278414013364,-10.995936767153228,-5.424373427701267,-0.21429089767122927,0.02941020981501201,8.952638870234785e-05,0.0295131483192468,-1.9448463216537678e-06
106.97716792630118,2.5560369992862055,100.3687551633185,108.85975939640826,-0.3094519209187719,4.413697948878438,0.7459280077398912,3.691380668415062,6.119145222920397,0.09047307693334143,0.005008363704971779,0.0002725026764231278,0.0052781090330693,-1.96138551099269e-05,Single-leg support phase,91.79539699091346,2.0409370941201948,89.59522864093333,95.6483005012001,-0.23172523400490574,0.4978577823249794,0.19906461903742315,0.057702131919171,0.8885722230981996,0.03195654196842418,0.004022373000083792,9.672816753287955e-05,0.0041754479493365,7.342615989607672e-06,78.4426155372822,1.427818264002787,76.03136675946021,80.54151791150777,-0.17346735200182906,-11.25432073988521,2.5313944740219894,-15.79791729721606,-7.401605325236092,-0.3229350758453834,0.026593651730011433,0.0029106370909746195,0.0295131483192468,-0.0002092411695106655
99.56639000699609,6.543880165908479,88.66454495136638,108.43309009854984,-0.7603286595070562,5.174282946847825,0.7777779397761151,3.9283892366265936,6.344232603151989,-0.013501242068328888,0.00475901233645557,2.753514537311116e-05,0.004800300832006,3.6476916238692053e-06,Single-leg support phase,90.53280819209178,1.0147595607343591,89.59522864093333,93.3231418643268,0.08472407230454593,0.44763757273630705,0.5392982598961528,-1.1839394997713597,0.907738756704818,-0.06237395894584734,0.004012409605050977,0.00011391098405269003,0.0041754479493365,-1.0675914227596142e-05,75.84733166063012,1.683628544447412,72.63101595730203,78.41556626675384,-0.22248270420968524,-16.815458910633236,4.288691394910948,-25.956648872054885,-11.307563930010025,-0.5634263439248023,0.01959531330314551,0.004608770730740194,0.0238664483939025,-0.00031297824944837683
74.72690568004313,1.0497245759143041,73.39953819476493,75.96094446145553,0.07982649737422229,1.3372569474881955,1.6168634729886755,-0.5429906388299228,3.8497506895214784,0.16413245895272913,0.005371931594984362,0.0007662643899641625,0.0073337395003368,6.809327584706154e-05,Swing phase,129.2414904314773,2.415220405553709,123.05604930028348,131.6852450603863,0.17567159111957628,1.410114085118488,1.8298298605154382,-2.895686401117809,3.7206555388597335,-0.154707517116799,0.008660380097007108,0.0019392228596299178,0.0128993800179267,0.0002303359492331577,69.05817535428115,7.92401722416827,56.16362078970072,82.08918187954238,0.9971369649939099,-28.685409455773694,8.135755047960016,-38.11104933768126,-12.566867100585638,0.9760741529471649,0.004933483464694193,4.1932670408850156e-05,0.0049764294437733,2.069231375311514e-06
76.58166735050783,1.4733714422192044,74.92576949346888,80.47624115956913,0.21347967946539426,1.7728083248328952,1.7808025317046763,-1.7355685623514496,3.8497506895214784,-0.10285374124293321,0.0068616183334974145,0.0020829688805097165,0.0121809636977221,0.0002480319035737538,Swing phase,127.80082884284565,2.6639022349377894,123.69218623455308,131.6852450603863,-0.30653583964370057,-2.3130308469149052,3.9188288564740015,-8.290470982906527,3.7206555388597335,-0.46196640468331773,0.011225813187917223,0.0021228561352371017,0.0140355173658914,0.00019890701217341536,82.96573109038394,8.231851686033057,69.33200525033806,95.95837681117423,1.0240912138783145,-11.782904547238477,11.651951519560562,-29.533341674236883,4.939748548822536,1.3258880855022852,0.0050125488256459695,0.0002162320403065634,0.0056610763898814,1.8704488344199977e-05
103.78958432081252,2.1514018446345973,99.6453641075089,107.28914249020904,0.293991476257698,-1.3246219322633488,0.37305681669959884,-1.8722605088787847,-0.8642510905888989,-0.01708091717245719,0.008445963637115307,0.003968079705005737,0.0165947258946459,-0.00046166937782495004,Single-leg support phase,106.9859772615621,6.267128783146309,97.10670812546014,116.51472328211412,-0.7464621214097682,-0.4069784541665657,0.3422774611279544,-0.979283924017758,0.1314978728132747,0.011871287470417836,0.00629868003135776,0.0031683646347139484,0.0133525427116958,-0.00036235062092888074,80.86916596976347,0.89631395523711,79.42576829417435,82.67069373623042,-0.12480482469446431,-2.727336796873255,1.0565206191628758,-4.264929815239934,-1.1374382948396624,-0.12028813540001043,0.024806935267168224,0.0015850356326334697,0.0261526055116671,-5.6164391306461436e-05
107.24635788892336,1.9699916763595122,103.99644766919,110.058702500764,0.23316364736823056,-1.4883633615305063,0.23111830663025854,-1.8722605088787847,-1.2122812076037903,-0.007806235899058984,0.005272805893253027,0.0016782842675581722,0.0086821690233309,-0.00016380205671005769,Single-leg support phase,98.386477087197,4.01717266217079,93.491937795868,106.83953420017058,-0.5133690924731761,-0.04426247847994998,0.5399596089440657,-0.6862900599639669,1.1242819675606184,0.038786453233587766,0.0042593581427261,0.0008140713060104563,0.0059188045589717,-8.000776107897694e-05,79.12970025526315,1.1964928709612603,76.84152575754956,80.69613273957602,-0.14825411469332514,-4.5092345409716295,1.0374942105820755,-6.61338444898496,-3.0011526905357084,-0.13893199070958662,0.022459812501239792,0.0025482392293902957,0.0258903826810865,-0.0002584906399346422
109.91624736786788,1.1581722665256455,107.58269186378467,111.28264090987236,0.1380919170867395,-1.4213236560002518,0.173225772178935,-1.7168521271271802,-1.150800049943988,0.01348095943822132,0.0044203701011910615,0.00011471535201501638,0.0045884520891481,-1.2589536189842308e-05,Single-leg support phase,92.89798374211227,2.6532558486678965,88.45947751205313,96.6772376762173,-0.3160676986216991,0.7975484547327014,0.7399395390666057,-0.6222266048392441,1.5328411292972723,0.06991768794522976,0.003948310890385416,0.0001562206209432043,0.0042532822047146,1.0027299914599992e-05,76.72179393143988,1.6384376388554798,74.03489885754654,79.27404356395388,-0.2015055656310517,-7.042255741512491,1.9921034965919486,-10.871399859454282,-4.39770655699156,-0.24898820394087393,0.01953847335766584,0.0018449139205700084,0.0226417224673389,-0.0001978856243449846
109.14833736809175,2.7884872420174553,101.87817787500488,111.28264090987236,-0.3204861180245413,-0.677379747541882,1.153808969702623,-1.7168521271271802,2.03947936127392,0.1352376562802403,0.004334993820085507,0.00010533993074551686,0.0045612898224051,2.9305563799307556e-06,Single-leg support phase,89.04611596241891,1.9348769934044197,86.95796470541187,93.08989676566593,-0.23584354077900224,1.4644527316649631,0.261487546651771,1.1495511650823518,2.033254282238608,0.030824026409022,0.004082631944444738,0.00016351326573734563,0.0042532822047146,6.425822202038448e-06,73.6618794836033,1.9577185324336728,70.25269170376107,76.61364586843789,-0.24465208325680046,-11.22293713018643,2.9500649982461096,-16.55006755187041,-6.885411216694098,-0.37171755135293505,0.01743506148002905,0.0017371719736109504,0.0191926477296065,-0.00020734969709615774
75.96586693409625,2.2568501339305866,72.247691737531,78.70253964335868,0.16209427893368927,-1.0046655078339017,1.2970630417933624,-2.3525377583817493,1.132253745254426,0.08083244288512896,0.0049950234967204915,0.0007713034702326717,0.0061765516815603,4.592574721730003e-05,Swing phase,128.5487047648253,2.5348991412096016,122.5329946981938,131.64347826543525,0.13448886976602162,2.6798344369986853,2.063579925052748,-1.428476151606681,4.749227027954593,-0.16508077743633967,0.010647962385088468,0.0005635974771544293,0.01135644653746,2.7369526970688486e-05,71.98954541089805,6.123736239913206,60.79219226124289,84.08340967403198,0.8958160543380421,-24.830524076891972,12.7162141260434,-40.21339676760312,-1.987121053091172,1.470241373635075,0.005016692865601668,0.00019018806688937182,0.0054593303108918,-2.4590891043411547e-05
78.2356916615862,1.5381947300372507,76.41949419795189,81.330988645135,0.11362270023278963,-1.7241559119535879,2.1787593142002573,-4.923644943688839,1.132253745254426,-0.09495055320416122,0.0065116839701643,0.0014852173959082982,0.0090926181479848,0.0001633540495906692,Swing phase,125.73078820150111,3.7741859171488037,120.41865919607834,131.64347826543525,-0.4317238103598812,-1.4152246981220822,3.486873716688886,-7.310785949962251,4.273290108140485,-0.44554138685010525,0.010176682010921768,0.00040289906723240976,0.0110844383216583,-5.2803315658253844e-05,83.57614534566288,7.966056308138145,71.38956140056264,94.73097898906244,0.8977468303269152,-2.48622248683507,13.33196077208354,-25.60407442614109,15.236887554776946,1.5708062300353092,0.004845496335008011,9.58740683801868e-05,0.0051108386716113,-1.2027483580119215e-05
102.28470524407518,2.2318967100898837,98.35520327391538,105.60855596092682,0.278975103346594,-6.6513478607819,0.42257340020999073,-7.045353979943179,-5.655906294945575,-0.04081025953833812,0.006727395398848277,0.0015877252573324033,0.0082099631776998,-0.00011540154022917692,Single-leg support phase,104.99139871379818,4.345800709034445,98.44182464355748,112.00321634763046,-0.5215919886181913,4.345328936453074,0.5467892141875529,3.07943129548392,4.830636371629505,0.06735404139021481,0.0044348588078788696,0.00024140023317525757,0.0046754236656675,-1.4933783758223079e-05,77.78790480864633,1.4502968617181557,75.49703820970872,80.04048317815634,-0.1747478834018314,3.180166812815153,1.8133875453239117,-0.0598324396100656,5.483653681518558,-0.21321100465879322,0.018486403268305043,0.0029472466096441266,0.0220032287508608,0.00021187191251485383
105.71503470543027,1.8049553285834246,102.59216518269568,108.41057681723082,0.2237850628667361,-6.560153192023893,0.4364427303514475,-7.045353979943179,-5.961880918947352,0.03573031362526976,0.004812819940749827,0.000793596661155783,0.0081017226208293,-0.00014875612358518844,Single-leg support phase,98.60191416552196,3.170136992864579,93.99797922051106,104.59082563780132,-0.40741716989577925,4.89513256496046,0.20595535936402362,4.6878109470845,5.340137224097257,0.024852220513989727,0.00415014982820538,0.00011796024542410627,0.0046514263770004,-2.2296109244688458e-05,75.4500866897727,1.2870212049015037,73.33241565895453,77.52694467765085,-0.1613280391806275,-0.043992610875950064,1.923915421457517,-3.014626862124287,3.083887357988833,-0.23455823923512,0.022285712737725113,0.0016840580197376275,0.0239141057653748,0.00029869674800648085
108.13734429370764,1.1053598280835202,105.839123395075,109.32198218526966,0.12347947662801591,-5.8076247427430765,0.4883763068162277,-6.622838911869154,-4.850262273597532,0.06817602454890855,0.004227736671311692,0.00026164968842309487,0.0050805277409619,-3.82840022482846e-05,Single-leg support phase,94.04564389016865,2.272675011505279,90.667930376885,98.07808272985524,-0.2850058597296247,5.35392066397211,0.3332804618232601,4.858100458451776,5.846838097513196,0.03802837073313151,0.003971926846579408,0.0001443418081093212,0.0041855769165343,-1.4538049796984599e-05,73.1492784457329,1.425457110232689,70.65126797011538,75.33102576605415,-0.17999068445918345,-3.242102006196714,1.8562677846182207,-6.719604210638796,-0.3403872333633191,-0.24535449912597984,0.022697707414921258,0.001135287459738412,0.0239141057653748,4.341770099000715e-07
107.28145805481367,2.6256791629237806,100.54952526372549,109.32198218526966,-0.30660019161926755,-4.274217384319955,1.549771030759652,-5.985940163267222,-0.6799979605981009,0.20407470010265852,0.004149637215864219,9.249562662108469e-05,0.004309846782066,8.957665137961345e-07,Single-leg support phase,90.78134687218946,1.5916464840424611,88.71459682789337,93.71285810001088,-0.1922408181583655,5.745319043866437,0.14914285182246503,5.392821930436794,5.8919781388375005,0.01298186697144275,0.0037673207538518193,0.00015385877608375102,0.0040717275366385,-1.8989998176234614e-05,70.51729296500213,1.6626268665281805,67.82778400227937,73.15144304884325,-0.2047561171755337,-7.233074887884583,2.903624575712445,-12.727430970425011,-3.221306826322232,-0.36562015938856846,0.020563802255855003,0.0022683195909153917,0.0236908410483601,-0.00024479372197113857
79.2515580252213,2.720176402791817,75.10840630527315,82.6383865399191,0.2896146244094595,-1.1666304213642007,0.26374724336108657,-1.783747158005394,-0.7675851812884689,-0.013683475696746866,0.005456522008145023,0.0010430686027946866,0.0067927673521781,7.596333775782692e-05,Swing phase,126.71181071139745,2.4384074921824355,120.9324663335504,129.56786045479143,0.17141923165950382,5.7109383156020534,1.6413991099531573,2.259315339208136,7.693189584432054,-0.11424428796440189,0.008616767245138776,0.0019809875798724353,0.0109021957744665,0.0001456637759125885,70.56714015300807,3.076559666272321,63.73395839992343,76.99394661864447,0.5099995468738862,-24.95944381149463,12.5614602808227,-38.588568039448525,-2.28874488038468,1.3961470445793789,0.01288752359846906,9.267650746840651e-05,0.0129715910078903,3.8055470153884686e-06
82.76828489873482,1.304513112818048,80.38458191641436,84.96553383887355,0.17619045855612278,-2.0566413287267644,0.8461106754964618,-3.4898467275943723,-1.0197427778175054,-0.09500399806834103,0.007585391159315274,0.0014538759487165455,0.0095807923534387,9.136488331804997e-05,Swing phase,125.16354162762893,3.0017234030787883,120.5507426424713,129.56786045479143,-0.34356192612409586,3.1913848587150033,2.1982901569836906,0.2972836243121884,7.470305895547138,-0.275885471970575,0.010678526477629475,0.0003941701423406512,0.0113020965864636,6.074227379888499e-06,76.88519910039454,6.005994302532706,68.86141475949884,86.55801578231736,0.6237861124549932,-2.22618018946415,14.199949115390043,-27.53430710825618,17.91249856066162,1.7479540641891462,0.010878858552760856,0.0024889281746773117,0.0129715910078903,-0.00018192687829998082
105.27464387158936,1.6963124650611165,102.22593256886036,108.16259933196108,0.2283333370423353,-8.1164501974615,0.3516952418588787,-8.51455629717044,-7.32580720125407,0.024626348101559545,0.0077307376462674455,0.002495635010775927,0.0113473396768345,-0.00026372565631125,Single-leg support phase,103.41226881334818,4.4445364501847795,97.01600031249896,111.10142915564847,-0.5417472631980582,9.353150388876236,0.27638525664318225,8.495152562475559,9.6073181879128,0.02814945401820865,0.004673643549140046,0.0016330210489113772,0.0071013715843079,-0.00012034271592471156,74.2397507706749,1.0446343068296664,72.61120662197371,76.13892255882257,-0.13568138218649478,6.536623943116693,1.4487230826098527,4.211285896098909,8.814764749944674,-0.17705687899406788,0.01763002383187752,0.001565617167128137,0.0207403539370449,0.00020139936793314996
108.09555388440396,1.6372555843768608,105.31326670479704,110.43031447958462,0.1968095297995223,-7.376394220764083,0.6551417131023201,-8.445358056361403,-6.232388502557451,0.08511421360784431,0.005399148993894593,0.000936515625029484,0.0064759446541449,-9.835409410850766e-05,Single-leg support phase,97.34270691750112,2.745944315954028,93.47069665516491,102.74963768189092,-0.3568823471817693,9.34185278986284,0.16698465061338977,9.17896684552177,9.6073181879128,-0.014795293907559754,0.003798652439759931,0.0001611070500600813,0.0039724609702654,2.828640675392321e-06,72.49055614014962,1.053683794719809,70.64977718010573,74.16147811166304,-0.13506542044451209,4.011756266012158,1.5722576256487584,1.1343572996075826,6.473629218441344,-0.20535661226283697,0.019544417831142278,0.0012150623926208079,0.0224512437585371,0.00016206684239684617
110.34454959238882,0.972575125564064,108.41382957651072,111.47361779288332,0.1125965113119016,-5.8637822532884964,1.1450773712850144,-7.230776630285792,-3.5680402752663887,0.140874475193054,0.004329348033722931,0.0003569126858048605,0.0047183637100818,-2.493912261232694e-05,Single-leg support phase,93.04431187327259,2.356490881958947,89.35139303525713,96.698501013746,-0.2825810760957256,8.849586642186214,0.4706228106322673,7.907953926814581,9.237222968776653,-0.049733627953421206,0.0038159529037976076,0.0001170447852098453,0.0039479024799516,-8.975718852788452e-06,70.49988320570822,1.2958689084008896,68.33403714514151,72.48286648842269,-0.15957035935696842,0.6902948184234232,2.374321213016068,-3.465458620185472,4.039065151711159,-0.28863552968833195,0.021391557395133206,0.0010320621036425423,0.0224512437585371,7.506881111156158e-05
109.28333424544554,2.9019306528406292,101.99216156585354,111.47361779288332,-0.3309552882802272,-3.165337884054947,2.147939142325428,-6.062804378883063,1.0404361582077974,0.2732015591188792,0.004101960520919154,0.0001118014357931404,0.004337092425825,1.1068817300946134e-05,Single-leg support phase,89.68816556632767,1.649291063617927,87.58351205889272,93.12325926751105,-0.21306720033147394,8.030340085500763,0.5919018938116295,6.938582135478939,9.125481915460696,-0.08411152999929834,0.004114323251481642,0.0004825476856845248,0.0048936891330973,3.589431372999613e-05,68.36843307491755,1.210730054583436,66.47710196376872,70.47724185711799,-0.15385153435958734,-3.9600114853973594,3.1802959146893253,-9.871992440861291,0.824382142013746,-0.4113990224182707,0.021942984531572354,0.00044261789462216787,0.0224512437585371,-3.7902135651630734e-05
101.07925170992021,7.319151319403569,88.71163202521812,111.1676698018607,-0.8636937606400991,0.17356691537950414,1.9542618079816887,-3.376773418327786,2.099000561163588,0.210606691518899,0.004537797266065669,0.0004481721546667957,0.0051352267720579,4.014303471815386e-05,Single-leg support phase,88.59798167237695,1.1337158606022286,87.45498011242832,91.87265900553032,0.10316517011758627,6.5900330399872535,1.1368833418297122,4.5137172351508825,7.866572546563387,-0.12895597351586557,0.006052650463829006,0.0019654271117584914,0.0088538517021201,0.00017731453802396536,65.76110314141292,1.942970078784413,62.05674268038606,68.17485176521002,-0.23531188787784474,-11.126579701695015,5.533652500599242,-22.56150430465002,-3.802166042099656,-0.7215130100980909,0.015984713500628103,0.007167653160323112,0.0222790237336133,-0.0005609300747828154
77.49483617026408,3.3541463057400365,73.02896480032949,81.41530554575483,0.32113696908857364,0.5773546728194485,0.7106599763398348,-0.4552681950316349,1.4746407869235552,-0.03166380454289007,0.0054207546232515995,0.0011951128813911555,0.0094388555928436,0.00017677745042678076,Swing phase,128.99959164714483,2.85028335370386,122.0867120612338,132.0043290152272,0.2579176741887449,7.163938667344576,2.275885772321713,2.311443672982257,9.836232629714278,-0.14074111562528988,0.010584962020505321,0.0015495318619163508,0.0120090921657722,0.00011791667043280378,69.88497217283978,4.029720211474851,61.242663792365285,77.78698393784364,0.6363200055953215,-25.666354310431174,11.998020008956205,-39.26305692549001,-3.1418882269206003,1.3892757191757465,0.01822293035765997,0.001734612245889281,0.0189565822885622,-0.00022998241288590767
81.78873683977204,1.780931875481779,78.4562597198317,86.01718316214598,0.2908047477813183,-0.6918817561074676,1.0118057338433348,-2.842726213940273,0.4225597530324121,-0.12558792180664174,0.007459998925084389,0.0020772761496142857,0.0121176149378206,0.00026667215298814995,Swing phase,127.6678596034619,3.689689444866652,121.23986635505558,132.0043290152272,-0.3950987202510555,4.084260587247507,2.5882310660021113,1.252898111777203,9.470918705830918,-0.31607771515591215,0.01140544289238776,0.00032242353332262924,0.0115599429451811,-6.492681815448847e-05,77.86203923324507,6.266624057965901,69.94149013460523,88.64858128917933,0.6903647261111143,-3.413543916129259,14.47042971485337,-28.45578958712905,16.757488718712157,1.7389722425323542,0.015351497350757415,0.003551416376013832,0.0188707931420404,-0.0005627818914919578
96.56429197907042,2.92531223863307,91.36200595168458,101.46637530932304,0.38862959067840236,-3.5249984420924316,0.576262976312055,-4.104484719077311,-2.574156229861118,-0.05444123244459835,0.013234186589581844,0.0007748306387581045,0.0140214899901599,-6.465589858525769e-05,double-support landing phase,117.15561087280442,3.574942747304586,110.79023323044257,122.14349406464378,-0.436663878238508,3.7133789285244228,0.8253249550051711,2.595326522638784,4.906812389912696,0.08673980913102036,0.007927704900342353,0.0006262596481675391,0.0084416989412841,-3.850187496352693e-05,83.46515881734884,2.0278773485216055,79.54251555141944,85.72755755694249,-0.23370924829868428,10.2559279203866,2.0927030316711317,7.1061612159624925,13.50731217035775,-0.24619811363058683,0.007281391502662047,0.001695402749364673,0.0100025913400406,0.00011979480995828843
109.12940486081509,1.7799472402610026,106.18842668865356,111.6460130227581,0.2099071666963282,-2.710783036067566,0.9753912056270607,-3.882349137517653,-1.3689193213610726,0.09667037754448385,0.006304012389039169,0.00157170129868498,0.0085148192201027,-0.0001687074517143692,Single-leg support phase,96.68323460640921,3.447174389190947,92.36958035325422,103.38594411278756,-0.42370629844358976,5.33118358397066,0.34207292783942633,4.894892323625589,5.97678845861666,-0.009303401694579678,0.003902245803838023,0.0004331963075014635,0.0046021796727681,-3.7877378159969244e-05,75.56172347702828,1.0072760507832432,73.85014562325313,77.11336734370822,-0.12550852770981125,-0.29291526786804767,2.023099446602748,-3.533642738064672,3.215848349692739,-0.2595958110675927,0.020284800884951118,0.004224176091238485,0.0290720253253857,0.0004348078140997116
111.34267033935679,0.8957153440092112,109.313461474818,112.28872246943808,0.09245778651543847,-0.9749842530765805,1.1140253432536578,-2.7909471807675867,1.1310547434024951,0.15084622785269544,0.004704448349672499,0.0009487872431781368,0.0061090205339088,-7.832911524001535e-05,Single-leg support phase,91.90010817384315,2.2750849841706944,88.07987451069089,95.5975220414592,-0.2891402896449352,5.356857346434388,0.3357928332229007,4.894892323625589,5.811339689914752,-9.717966103141615e-05,0.0036316141937478234,4.911922155156981e-05,0.0036908242824942,-7.242714870257694e-06,73.7380716473997,1.1412398686465377,71.72618546710139,75.52609748421885,-0.14615046219682554,-4.014277825476202,2.417283803676351,-8.65167861731141,-0.6341500903420965,-0.30836648180651205,0.02521824303067077,0.004149900278672053,0.0290720253253857,0.00030294704278231146
109.2282185936536,3.8878949617300034,100.10285689910936,112.28872246943808,-0.4469781926364827,1.3330633362635722,1.7654759963527606,-1.2836443062144949,4.544921804816896,0.22417561965505348,0.00414467000082437,0.0002387360684353473,0.0053043153107657,4.522653212448461e-05,Single-leg support phase,88.50044111717469,1.8008253379461758,86.61265956065414,92.0817620005788,-0.20651162292885664,4.987466375289783,0.5656686604208637,4.208116717090006,5.811339689914752,-0.06063227290157626,0.0035552877849817305,5.7117797858230624e-05,0.0036180468892361,-7.233146205615408e-07,71.58125233456278,1.3821601634271212,69.2540789566529,73.701449086605,-0.17105269730584965,-9.129299130262366,3.660235705128601,-15.787522988254455,-3.8250981322059214,-0.46009326369417436,0.027044872995007355,0.0019563924559304817,0.0278654023248696,-0.000393204391473777
79.2276953040971,2.4522828645351336,74.15455931873181,81.73100100628417,0.2625539653898852,1.1002464428582872,0.6326220699706111,0.5490021392800608,2.213073279057155,0.00804489292081407,0.00832252441802117,0.0011659116412352478,0.0100903001800761,8.873116267282691e-05,Swing phase,128.21216787060212,2.3089572456597636,123.43926704476073,131.24875346956046,0.053917549666339736,4.363685326400759,2.075564984027685,0.7814913825602173,6.577816772666864,-0.14370558990110935,0.01214835370968684,0.0005183257617374661,0.0127274409939914,3.4192701150380805e-05,72.00333826957866,4.897201583644426,63.93243472672085,82.67467014496349,0.7208552083939476,-21.20234590720425,13.857429173719515,-39.3891117541121,2.704884342276676,1.618999849861107,0.005107731308759716,1.7442653160142552e-05,0.0051529085006076,9.692042575999865e-07
91.53588707278801,4.205020957235833,84.27605959150003,98.0673509179881,0.5304342817880024,-1.3858975817727726,0.9527849018423072,-2.701792419190643,0.3471375265822756,-0.11669422310855118,0.01490615131766987,0.0014813464751294756,0.0163163244327441,7.497282391168074e-05,double-support landing phase,120.95916212958494,1.5003481703633414,117.19628953752772,122.51433850943543,-0.14565570560959065,-0.26638595029709383,1.730530945012892,-3.711628851403845,1.873286221826148,0.21480442589346127,0.013613317171989698,0.0009473817630178852,0.0144501959217598,-0.00018287989938442302,87.0659619730111,2.3051867437197697,83.439377665044,92.16988765207796,-0.3357888456551521,11.588915613333615,3.473634189361231,6.712830352340786,16.84894970296851,-0.3898507442549125,0.0064702059645963,0.0016426918776828027,0.014268149842729,0.0003327987191200308
106.8787492402345,1.921518811150369,103.98061419018788,110.00234409322788,0.2316049962707691,-2.067201486329839,0.5596551695959194,-2.607317128719981,-0.7785490774928663,0.05348210895192978,0.008749691395521246,0.0020617903344723374,0.0104694030344497,-0.0001260373297452923,Single-leg support phase,101.2969643716728,4.618729790807734,95.26156795258905,109.41703685551224,-0.5444411116508919,3.9551969391843573,0.21932518199915388,3.647079905105619,4.403050049488049,0.024732505721403602,0.00507760300023647,0.0002963705849587201,0.0053720020862569,5.370255804830744e-06,77.12268612334996,1.0827985860447873,75.27946888341307,79.16661908609541,-0.14950577702624365,0.9958449381716163,1.8670060356649374,-2.221333227029442,4.102330902833123,-0.2432178511485602,0.021461725331090822,0.003222221073037452,0.0264463823113226,0.00021079044909917314
109.6306243669104,1.309914539915975,106.98796981328324,111.01312508007834,0.1548136641075037,-1.0827336869669029,0.8406064848832833,-2.541150300478276,0.4958482740941204,0.1168076374835537,0.0063300177331917775,0.0016057139523106478,0.0104491298915575,-0.0002053461720006846,Single-leg support phase,94.86769905315569,2.9491157042732796,89.98765984067263,99.99892857287291,-0.3850487973923184,4.2717195383680036,0.3605179001421544,3.647079905105619,4.626952027677374,0.03357433460094431,0.004739231390472389,0.00027798836742720835,0.005359068266017,-3.443944369497308e-05,75.09813279762926,1.3474986010072043,72.78283752752623,77.11485954054432,-0.16661623126992653,-2.5257346902184143,2.3523978320003045,-6.605699709949281,1.0865558688535175,-0.29585598380010764,0.02600363980925435,0.0032266593658488553,0.0295802093815547,0.0004001516868964539
109.53549185408282,2.102129051143769,103.63674534915424,111.01312508007834,-0.2523042856419403,0.6236598323341664,1.2613009836822269,-0.818181253108264,3.265170295541733,0.15356169139055484,0.005353331139447039,0.00044532508008981076,0.0063746887106756,-4.192774097189615e-05,Single-leg support phase,90.34049506281434,2.4503092847341033,87.11217356366423,94.90144279310684,-0.299587278055485,4.5351493281236746,0.07683956720098309,4.2882728023145225,4.626952027677374,-0.006755252005289831,0.004349406080477977,0.0003069976828334451,0.0048118980471496,-3.325083903469231e-05,72.61047177304548,1.572257320654166,70.01536104494812,75.10021672678845,-0.195571372378474,-7.0929387515754785,3.0655874454298035,-12.564488732197017,-2.4970748414648387,-0.38720822656662224,0.028288784673623852,0.0014615983281381923,0.0295802093815547,0.00011326441460609606
76.43349125908082,2.574660742786379,73.17151661156993,79.64005069060929,0.1843214067198744,2.306511141643262,0.670047656719146,1.7537748982466472,3.735105332648324,0.07614524011834187,0.017468442203996695,0.000686795343141162,0.0182548992660392,2.964825770988459e-05,Swing phase,127.6140550200208,3.828122721533372,119.00550977357832,131.31104284697545,0.3650656259869392,4.203537323124206,1.7690752858837837,-0.3216048975024069,6.2215965740263925,-0.15149369808689148,0.01130399168161835,0.002340899679863132,0.0136436776072668,-0.00016179782669572689,69.54285801128373,5.485708263088515,58.87731007259367,79.81916872876494,0.8054561021604332,-27.613165590653544,11.088937505380281,-39.58775712374112,-5.921063243929055,1.284922375618955,0.006022549438452403,0.00020974783781174412,0.0062960055365464,1.3584361355734642e-05
78.98784716718954,1.4961204347663133,77.27709743619295,83.31628723323315,0.23227653065539264,1.862156614560207,1.6720803980578067,-1.293368917422278,3.735105332648324,-0.11563651658842221,0.018070672347608226,7.697618598918834e-05,0.0182548992660392,-1.0110920812911504e-05,Swing phase,127.32628127125216,3.5309900034362136,121.30765935943724,131.31104284697545,-0.3485872657193569,0.58563578771954,3.607840684746009,-4.8341417643498295,6.2215965740263925,-0.42522070532216244,0.009794369689826991,0.0008664912941822688,0.0109342732435014,8.212653362012692e-05,81.08136876281671,8.331819283374967,70.00700681932015,94.91296250908104,0.9579213726831111,-5.76423275396831,14.480761811412144,-29.02677115315818,14.604222938227537,1.6781151573609892,0.006458151704730884,0.0002569303229393295,0.006793793828222,1.6103612389896156e-05
105.16863229765028,1.820910525132897,101.74360127531956,108.04539469018324,0.24237666980244926,-2.3784303924031818,0.3115306007834801,-2.823849669719996,-1.8756251010020288,-0.0182595546147261,0.019843746893892115,0.003596138495105172,0.023505611927074,-0.0003964480105940769,Single-leg support phase,104.04597311144137,4.0162686466643835,97.0527854557814,110.34134686354837,-0.5110985156833447,2.5188335986937562,0.42145004824882,1.5104986574254493,2.918519807158248,0.0440909520757267,0.00763798773660215,0.0016232369394414462,0.0092913723663606,-0.00018083428817371926,80.47970162874351,1.5890117989101418,77.90618239338673,82.89060870188699,-0.19170870417308697,2.509466945016716,1.980524248262073,-1.040686613306607,5.110574598550667,-0.23658696968681825,0.01441347209842615,0.0011170865209421238,0.0156812473806722,-0.00010105867501705009
108.25423578297331,1.8324152733633916,105.4576465845847,111.1187053929382,0.2177330310905193,-2.3409286168761794,0.3495957871531095,-2.823849669719996,-1.8405417059529177,0.00490552840824192,0.015199642328132385,0.002576558899744525,0.0184479056873002,-0.00019251871996096533,Single-leg support phase,97.82028621366686,3.443149478068548,93.69319180580187,104.38112810021418,-0.41107447286201193,2.9901648860404553,0.39042991042754405,2.6568634113943435,4.056188385549834,0.04489271755885054,0.005539474610619308,0.0011777923492256757,0.007024861813442,-8.82964932573269e-05,77.85060295418243,1.5066864311086634,75.3918445239535,80.32562376499119,-0.18976074003991145,-0.9606510156024601,2.0549017719834946,-4.068937841875781,2.491373929798123,-0.2523196835259194,0.013336143623049369,0.00027151019335941586,0.0136952382143412,-1.3467633596065416e-05
110.90675942740391,1.2998485482704343,108.31052711392972,112.46632801206478,0.1578233834658752,-1.881647860816706,0.47067770464936687,-2.360259477725601,-0.5728173977953167,0.0631082703502949,0.013270084812599465,3.8929677008574485e-05,0.0133187144436503,1.6631777783653847e-06,Single-leg support phase,93.29201359978907,2.0263780162340517,89.56177516905423,96.6141319128241,-0.2712444901449953,3.881527271717654,0.7880096803298102,2.66644179288523,4.716659514133563,0.07075886116341366,0.004764977401344812,0.00010238028477652314,0.0048750163971828,1.0974443205342318e-05,75.15600936370157,1.6833835699746786,72.10723392069538,77.71254565640379,-0.215588912911862,-4.485057362079344,2.121489061828745,-8.50535439141396,-1.3301773144944795,-0.2759683491122877,0.01773398933523617,0.004710676644803689,0.0236014213460821,0.00034792172630065385
110.46427621713921,2.533657122078645,103.75338738276577,112.46632801206478,-0.2889407321193322,-0.5789765019592366,1.342541098819029,-2.360259477725601,1.8218725897426704,0.16065353699437962,0.013253894296522269,2.9573954593295388e-05,0.0133420177490807,2.262237095388465e-06,Single-leg support phase,89.79560133251178,2.1289774437242976,87.24399282081342,93.48141897634058,-0.23990100598181385,4.418785192952432,0.2063974620369976,4.083525596690096,4.716659514133563,-0.005519908478409407,0.005266194789043008,0.0004450949581054635,0.0058973928285622,3.1985644141257694e-05,72.17838302199826,1.8048798722010924,69.62236227934346,75.1824232347617,-0.2138484982853168,-8.880651122166114,3.0973843892525528,-14.346775118125578,-4.310680304351522,-0.38600364668361753,0.022340819190740865,0.0003991367743910476,0.0236014213460821,-4.705834423098846e-05
102.65218334243511,7.28177221427944,90.07540806256976,112.28458387161427,-0.854199069578635,1.2146193861485008,0.8666860768317702,-0.3762779767552293,2.2971604054372685,0.059333218369880196,0.016670180128407684,0.004770555735850082,0.0246006539110807,0.00035980284065789995,Single-leg support phase,88.29592579131284,1.0779207761491574,87.24399282081342,91.19887630916784,0.07526613791413658,3.898939859900907,0.47675109137360683,2.7613261917231537,4.4597177015479765,-0.0653227503778778,0.006049862892894077,0.0005497122493869744,0.0068570525464945,7.088074369834615e-05,69.18246890058755,1.7837128368504025,65.6810789489034,71.83466517236685,-0.23667639321013267,-15.598267862224485,4.962515027596866,-25.865675296348893,-8.912870249704456,-0.6520309633324783,0.020783260724998108,0.002211833076475067,0.0223827518434398,-0.00015329122270709233
75.4480083637706,3.7088679557730466,70.854247700904,79.89029040978285,0.3188089455404193,1.869567420953737,0.7254308351484788,0.7178349148321609,3.1233075508735766,0.09251817830928522,0.03537624236139082,0.005228918763027907,0.0417054017925889,-0.0005863050956099885,Swing phase,134.28961627120242,3.8508183651984416,125.52765560627108,138.5564642681441,0.259750015419946,5.266368295627875,2.484845715943707,-0.5597203696213074,7.837422490359837,-0.21726146415016243,0.015451735394838916,0.00392242335775356,0.022794886010883,0.0004362198872159654,66.19198012593444,5.642537376975387,59.97373314866785,80.17904264514434,0.7428002666535704,-27.418423519980028,11.7060490115445,-44.1091844485464,-8.213931472632769,1.3682691253484047,0.008472322224416334,0.00036396964398096503,0.0088518263869954,-1.8428520438065392e-05
79.06166986996573,0.9372872645833511,75.8284628070512,79.89029040978285,0.12993842784449436,1.8324528527400679,1.0708560622647072,0.0055975982063329,3.1233075508735766,-0.06683936819441184,0.029227260916759177,0.003543949553899357,0.0336650930482126,-0.00027180159406944236,Swing phase,131.94713046847374,5.080995201599594,124.02178701662449,138.5564642681441,-0.5422442097247301,0.4380210490939749,4.210907836753598,-5.31438414362838,7.534362628923375,-0.49418256817506756,0.02003214678120406,0.002623332601665708,0.022794886010883,0.0002010570304948423,79.3889051880317,12.403255724105653,59.97373314866785,95.97663621496464,1.3847270410114152,-6.570739521621892,12.357898415276482,-25.07717969151065,11.284576296875557,1.3985290764763927,0.008164046905420032,0.0004670824070303595,0.0087450401584092,-3.4735153592119206e-05
106.00772836102254,2.0525765442800723,102.0408370366374,108.97900408779186,0.26685257889055636,-0.9683335436031046,0.24633041969523603,-1.3633507005484906,-0.6871804765757168,0.0012757523037559624,0.018409249023692068,0.0009110111033137288,0.0201245713298951,-0.00010017599884168473,Single-leg support phase,106.60405310016185,5.813041481777813,97.35495820513366,115.3758218940952,-0.6931101418831361,3.380288935578518,0.3284777532761014,2.6151308624979217,3.8113299248429633,0.01967283395704822,0.019056359102163908,0.0005088472892355786,0.0196153529006181,-4.975003420602301e-05,79.70699168052349,0.8921535744368551,78.30239792445657,81.43653263390695,-0.12054364267116842,-2.8070684844090295,1.533713710393553,-4.915816640171607,0.1135035968884589,-0.19343539373307947,0.02996120242397973,0.003969326291854219,0.0330849159489922,-0.0002364546714479923
109.0343710919184,1.520491761254379,106.42891903151558,111.23836270836075,0.18497860295558374,-0.7695408176504045,0.4411230436147875,-1.3633507005484906,-0.2402570493245385,0.026001556107459474,0.017352571920597516,0.0009257576300243565,0.0183013538381126,-0.0001066958439475961,Single-leg support phase,98.19486838469427,4.103518570424208,93.11694185075878,106.37265865258593,-0.5098352616087365,3.5962223428043063,0.475933420835208,3.072023124737016,4.5651956921831935,0.03417377763206248,0.018231680653734518,0.0008590961857008151,0.0192438821566536,-0.00010231072122043842,78.10723459369898,1.0267808854705371,76.26123080155911,79.588504145706,-0.12797205169795725,-4.900977353968085,0.9974923564733843,-6.720027017991651,-3.250491331176658,-0.13344368026211512,0.026059921586351543,0.0037870487380829497,0.0328534096125521,-0.00034616041097445773
110.96950451871339,0.8148585115106246,109.2022603523902,111.91118744317583,0.06318778915835456,0.03527267330417569,0.6127936635345268,-0.7064375558978687,1.3872300770452204,0.08052567819011881,0.015853970134367838,0.001560885910263721,0.0175199953600113,-0.0001844246225957538,Single-leg support phase,92.83365615981029,2.325062433542071,89.142668469557,96.84654984306272,-0.2963031297502201,4.168075589653613,0.4452191891062558,3.1918438951301984,4.626870998214909,0.035841542386565194,0.017056913361838736,0.0009899393524733463,0.0183218520112615,-0.0001036468228537385,76.12002226733938,1.3209440963059793,73.85219592950526,78.16771081051598,-0.16598134157733568,-7.264232117729504,1.835619846584945,-10.901787604031815,-5.032654910629507,-0.2257358728231657,0.02400759280315329,0.00022066813316733966,0.0243129661083432,-2.275829132597309e-05
108.3119055384773,4.344858881572613,98.51985847883782,111.91118744317583,-0.49378906151761015,1.5629586657406862,1.4037000479244925,-0.338698996297284,4.060299547653464,0.16919225169041335,0.013817731925676525,0.001419393214839322,0.0155880291904571,-0.00010944896442641537,Single-leg support phase,89.6880240898581,1.4729996304117932,88.30636497747365,92.8083507941009,-0.16115231042824701,4.109690096411163,0.3791940804762301,3.452925031345062,4.626870998214909,-0.04442400699049482,0.01600486115106877,0.0004956823880359232,0.0166240412101925,-3.799814876646545e-05,73.71275948153027,1.511672330911123,71.20691160645346,76.09764111016351,-0.18810498091192493,-11.702805982673132,3.485556120872909,-18.401556897189256,-6.964264810896455,-0.43989584947279997,0.023805172765125095,4.635399744853414e-05,0.0238427434844174,-4.964029712999886e-06
78.81200829694552,1.9509235771534383,74.33131790719267,80.45008560584394,0.21029964970541543,-0.10799031116595009,0.7653972673181935,-1.9140731183181847,0.7657626634858482,-0.0727322463167002,0.01278781691325451,0.0005943872506096301,0.0134526803992539,6.645703704014999e-05,Swing phase,129.35243353643187,2.1973646605713495,125.40025977123382,132.27638604482232,-0.10240174579794989,0.4791835814584063,3.210216778056753,-4.044638852235854,3.759830885812789,-0.3001719130018709,0.019442019291160986,0.001623255877447085,0.0218373745044448,-0.00017427030075785772,76.05002594299091,6.11401403575852,65.36365451228981,86.79412528346984,0.8242488758146164,-19.83408027109241,13.22227450875326,-38.56836853478077,2.118493420720129,1.5648793059808037,0.013113797433833908,0.003190768151503735,0.0190765418608775,0.00023602697886727686
96.14315379550203,2.294475532458081,92.73285581119956,99.01526487173004,0.2416311177127109,-8.603256777459226,0.7115837341157346,-9.788607490761938,-7.63905566759391,-0.08267507012184726,0.01245799824794034,0.0008439703327235843,0.013242035623004,-6.247620441911926e-05,Single-leg support phase,114.49553291333798,2.8400482415579003,109.81966572119502,119.12011934178756,-0.3577097546381744,7.472389083334232,2.31647617251872,3.1342773265032773,10.286634865480153,0.2750906745760337,0.012108864384145799,0.0023895840570481238,0.0143514980943894,-0.00017620635168023074,77.47719324921992,1.8180301157757492,74.91770259305892,80.92916223479978,-0.23120998622080216,9.032844488238151,1.3998267242990412,7.063171495173571,11.586319361437532,-0.17396722562553696,0.014831431373889963,0.00250061193498795,0.0183365526657256,0.00018840981348831534
98.9242511857044,1.0041332775737593,96.61279528043708,100.48854762221238,0.14906739776058833,-9.544800356452523,0.46639739864716795,-10.003584826901577,-8.418938748851403,-0.060947926078852833,0.010547477933330893,0.0013850499698954875,0.013194154545487,-0.00015783343653779234,Single-leg support phase,109.2402164601379,3.332756508669567,103.58089057119948,114.24881014156084,-0.41030459886005244,10.200298971330444,0.9588823615894624,8.315568194549753,11.277595774203428,0.11207262101553929,0.010549631672345782,0.001179437369809106,0.0141709416390483,-0.00010727435548818078,74.84702508936388,1.2142836888863486,73.08041103044411,77.21643342642085,-0.15907778446064377,6.974905183730022,0.972237707473335,5.546212491735145,8.84036701269524,-0.1266982508061575,0.02470079294689685,0.009064367091123703,0.0374470750755596,0.0008340005354893807
100.39036327908242,0.8256450105579367,99.0627461279358,101.53443503055232,0.09506495779294309,-9.790870691385221,0.2612879799795945,-10.028702805496271,-9.034633764037007,0.02998579813387017,0.008378972702080547,0.0015825471704779017,0.0115658881061328,-0.00019829002378263848,Single-leg support phase,104.16606263449786,2.6964467454319285,100.89096929881076,109.38003631862183,-0.3265025776850413,11.07608340550442,0.21251655016051058,10.430056121192107,11.277595774203428,0.028064419703620152,0.011189265485015113,0.0004726840074934575,0.0116590827931281,5.577440180904999e-05,73.13753756537606,0.8196909361362866,71.8875373442427,74.73040866421172,-0.10934120461419311,5.3107135132912395,1.0139099985759565,3.2976076534968577,6.897731855962729,-0.1384663154794566,0.03636002454460544,0.007053902113856883,0.0448213669734942,0.0010093112502168615
101.36042645566201,0.33479348461513575,100.62228360773992,101.73014229245244,0.027729348057325007,-9.058459282864796,0.7312487738734805,-10.028702805496271,-8.021924456431156,0.07687267252306647,0.007172106230488569,0.0011296931115148394,0.0090904851955044,-4.871971646120769e-05,Single-leg support phase,100.76428216133368,1.3850379124505339,98.52526149433248,103.23517983194714,-0.18115070529287125,11.052688695070218,0.12038914651589122,10.78554486309851,11.198868326234331,-0.015897056274454667,0.01089873470983125,0.000596546366707373,0.011382418126242,-5.964049733257305e-05,71.76986473521482,0.8102197502872692,70.35358309906745,72.98576180061245,-0.10123764236711544,2.9403930582150366,1.8008067648283796,-0.2662167610048998,5.425425399437724,-0.21890931386317786,0.04160911982880567,0.0037442723657675463,0.0448213669734942,0.00026840993495751944
100.74464896507122,1.27024452824486,97.2298488300748,101.73014229245244,-0.16803891952139394,-7.914728382624498,0.5852153410555591,-8.904293225582743,-6.881764125491505,0.07778958077273992,0.007563889786527431,0.0008267633378172476,0.0085972573454134,7.83846950774423e-05,Single-leg support phase,98.72841203891305,1.0401666194808656,97.59773473478997,100.72732917201952,-0.1203690168165214,10.716620377773072,0.3079115111367476,10.132505030178384,11.15233497382624,-0.03922422860184063,0.00981937999602463,0.0010998332867649227,0.0111318789306268,-0.00011115359138666919,70.24750263010823,0.9802989019345039,68.53540954003032,71.7768556688676,-0.12467100495528008,-0.7155440224176959,2.501712157651304,-5.095988104221319,3.047210302867038,-0.3131999387341675,0.03796047592292217,0.008116852107386711,0.0438614274760594,-0.0007298507786130732
96.04618350458128,4.436789224078031,88.07016385594771,101.24995543973054,-0.5069150609147243,-6.27040005869784,1.4628711013983395,-7.945597426292279,-3.071198146689215,0.18747689536934864,0.008325821088370473,0.00035034380259898334,0.0092901412244809,5.639879449876536e-05,Single-leg support phase,97.99204273346537,0.39508960655985187,97.59773473478997,99.0725413397236,0.02678206480156138,10.225568772988744,0.2789282771228494,9.93323787662536,10.749270227706583,-0.026663247828231887,0.008718148077752237,0.0007609860446424,0.0099618715151783,5.027540364215375e-06,68.2763158695953,1.3331030725370905,65.97926398505439,70.22382951138738,-0.1632525202435766,-5.387401382298948,3.048075040236288,-10.905049439056638,-0.5867634472564933,-0.39685715353077483,0.02835074712782544,0.00853227882506213,0.0413284512931817,-0.0012247371701974694
77.99689852829516,1.7626276504273592,76.41884098498832,82.0445344410089,0.18715077453129408,5.089059779322095,1.227619697701197,2.77706676918191,6.612024322547948,-0.023730101378044415,0.0170313225647815,0.0021814113949808946,0.0196725299045884,0.0003216354749324077,Swing phase,123.03644219040544,2.4184617960662527,117.99123049684164,125.29308108162049,0.27758348935679106,6.135973222222336,3.0581584330007545,0.1375472856432329,9.12533541118453,-0.34568415867466523,0.011608156112579928,0.0008588518054642705,0.0127367098680571,4.466828292864617e-05,61.07648536069216,3.82159037822689,55.15217143277941,66.26637895415891,0.4274695200530576,-27.77723155275061,3.0706990962142484,-31.241420782829305,-20.01183288204345,0.2436509641309119,0.00897691145299573,0.00027932199685815426,0.0093520790790494,2.158367217419234e-05
81.58597440308372,2.6501079440634747,77.13777101750956,85.02719979519719,0.30343956837260105,3.5246408040726864,1.702625262611392,1.7547203079521958,6.587318240572184,-0.18586915125461492,0.01893140453044823,0.0009730993561193369,0.0196725299045884,0.0001353645704338999,Swing phase,124.28802814707541,1.0122371316196668,121.76954615948046,125.29308108162049,-0.09954052579864098,1.5297182171427344,2.7795499743804153,-0.9276846426977136,7.299636252621716,-0.2816676827659105,0.011131152177090486,0.000430236371741261,0.0122605146312691,-3.386182551843461e-05,67.88197638745977,4.073842105830122,62.83264293261346,75.26827595896332,0.4782935779365329,-19.54201087962391,8.237768759237987,-31.04658750343579,-5.793850904448964,0.9712590999610319,0.00825152797136383,0.0008531274227662755,0.009177386996252,-7.962580336945386e-05
93.2246132850267,2.5876621515811586,89.97577937469761,96.6076015051522,0.24304693625777782,-3.67784614200675,0.8339887323679905,-5.002540433468729,-1.916371509289749,-0.11869880477611462,0.019336521590832375,7.878187709315912e-05,0.0195261147773036,9.998019894826949e-06,double-support landing phase,115.90188079399557,1.8670599962139927,112.52366167603572,118.24250699860356,-0.21995558932953246,3.6657895854342493,0.8704736362789196,2.06212969794384,4.878140244026798,0.10830809792626761,0.0145783013405673,0.0015561819294356313,0.0153597549246057,-0.0001279860208616154,77.42847948834559,1.0580841004105004,75.79921916125963,79.36170416914752,-0.1370186541495341,7.493518432499011,0.43067104541728096,6.367059590007419,7.987275390965967,0.041242191918832244,0.0053210044370280846,0.0002266183173979507,0.0056257010033448,-2.019445578199977e-06
102.26772009571238,1.5502464557698497,99.55022684916068,104.52655241923313,0.19139713731047875,-5.999220528714904,0.14529261837309795,-6.183292833425649,-5.697139451113207,0.003504973332236846,0.014662248946903664,0.00021357134018944545,0.0148822376836388,-1.1724268282130769e-05,Single-leg support phase,101.89038763751388,2.7775982527749408,97.29145695614794,106.10187512442964,-0.33886223724160386,7.268078674514665,0.2539032362492817,6.846524952481492,7.598514021597749,0.0007762264941947231,0.005474534365293378,0.0001981655411210623,0.0056835054604103,-1.0604154177138465e-05,72.05424988331673,0.7790958488219436,70.92007371267346,73.42319173190782,-0.09627376997055247,4.048139478372554,1.3985021816311716,1.5510814487199227,5.845542517943841,-0.16517157958553533,0.012526409782278638,0.0015069634072893859,0.0144568868808542,0.00010620437333703079
104.65128024903058,1.2459349274338416,102.48108272934832,106.61386497209408,0.1589531631825293,-5.6602306288392725,0.35077449946695893,-6.1551147561790165,-5.149853546938518,0.038663892663096104,0.014640956994279574,0.00022135715268153955,0.0149485198504325,-1.227271377961915e-07,Single-leg support phase,97.57649042866606,2.3132981649134736,94.4192213743619,102.03111242221784,-0.2927650403021519,7.146891518233948,0.3113608627282127,6.747498947091242,7.598514021597749,-0.006454910919907925,0.005226023331011644,0.0001129827211666311,0.005669055591828,-2.0509984254496133e-05,70.8702325787817,0.6251168976468982,69.77508440089089,71.93187371377226,-0.08295343511082201,1.6862856012378613,1.3999090780155479,-0.2791762957670253,4.239585271590001,-0.1737985218214241,0.015080945937716379,0.0015107895919814517,0.0172711591618045,0.00020591378394488465
106.4940107320598,0.9415395635240545,104.68917326196956,107.61875000084324,0.10856634499140008,-5.004639285805354,0.417331869459379,-5.622346365177051,-4.274299430848679,0.051847959012629695,0.014292224838991348,0.00069068761079653,0.0149485198504325,-3.598989955645386e-05,Single-leg support phase,94.26473378001265,1.6433085265492693,91.53959123306907,97.0105535116072,-0.21042162609762016,7.309814328310623,0.3997553972558788,6.747498947091242,7.753246103878578,0.030238114595419585,0.005021116995780316,0.00016972435912405512,0.0052697517193406,-1.7022176355738458e-05,69.573444800817,0.9212793154553094,67.89519330041735,70.85165571039569,-0.11371009269147472,-0.723817868073641,1.5252843112395322,-3.9060727103581336,1.378735442720893,-0.20326185204150102,0.019022373876395184,0.0035355030939883602,0.0238435158788879,0.0003474375115052308
105.96201058183,2.158528941343622,100.14530587218204,107.61875000084324,-0.25327144927989254,-3.9003343863341304,1.1150744542996074,-5.103628988871056,-1.055686303969058,0.15569010326546143,0.012977774758992235,0.001275674391502332,0.0148542892672483,-0.00014196489039147305,Single-leg support phase,91.55329757961808,1.534976940880771,89.5905685714166,94.21475490159492,-0.17785332039147378,7.305815766410793,0.4395372147812898,6.52755478212319,7.753246103878578,-0.036412609093297806,0.0047006631352436495,0.00029951927882209263,0.0051357960012111,-3.304466282341925e-05,67.85269826070989,1.1115542651484038,65.99856268881729,69.65712207786054,-0.14071382265550952,-4.493228583956145,2.985287733395402,-9.879784804188288,-0.4462941377810447,-0.3628265640925863,0.022243026157510615,0.0021015730512574026,0.0238435158788879,0.0002247151965168999
98.69223608452006,6.929957677607421,86.29799095042954,107.3807740308845,-0.8108762723251908,-1.3546718536828348,2.001381102111184,-4.26332472331972,0.934298921895276,0.1999086017390383,0.01305439945133657,0.0024939806162476053,0.0179525111693402,0.0001198118040938884,Single-leg support phase,90.35855255274487,0.8587333189774436,89.57249057314831,92.83685460145668,0.05857007621714635,6.589871832021808,0.4633276147770463,5.723050081232254,7.512966448327631,-0.06884293719597603,0.0046976808950594156,0.0005501380991894125,0.0057591994840003,2.5015875662157693e-05,65.41248146140506,1.8153525294283137,62.00731231360493,67.75173876100993,-0.2209394787463463,-10.578705852654917,4.312781401743611,-19.3593529067344,-4.303455965728322,-0.5790729592694646,0.019060186231001176,0.006567254227553702,0.0231123936167119,-0.0005710165128214731
73.78211494850696,4.0548490452962325,68.9738326688348,78.8269274683258,0.3627235079318801,3.799885446635061,0.4198930426354848,2.68338977921068,4.50307025177767,0.06998771048334576,0.03509868775850858,0.00015908377177045854,0.0354473977905016,4.137378337230612e-06,Swing phase,131.78253979447146,3.326194353040697,124.14870284825832,135.0937680384539,0.290135776512067,4.970423579896325,2.276973502052181,-0.5818699097105203,6.7706283518147945,-0.25492115578572744,0.00845153381792053,0.0025035883788792784,0.0115489849797849,0.00018282844153059226,66.36790954962386,5.015288099652529,56.43257872278161,76.58360530243179,0.7750394838326995,-27.714984001897385,10.03764790173043,-38.44835695911696,-8.83529564862171,1.1266794404274127,0.012376459738134192,0.0013543888232613699,0.0139272104827719,9.591424288570003e-05
78.04897759824595,1.4133590559548386,73.8663681866659,79.99365434004385,0.23566485205299814,3.2020716433420437,1.3132356038000566,0.7583407961968188,4.50307025177767,-0.10341183436853998,0.03415999504099494,0.0012515882152923366,0.0354473977905016,-9.980342563872706e-05,Swing phase,130.21489514941027,4.471783193451575,122.85066230973692,135.0937680384539,-0.43399656230059674,0.3736425191449907,3.7052551761501076,-4.485621217165205,6.651380415692519,-0.428346216648374,0.011624657254298437,0.0011818076235211611,0.0130865935303656,5.275141186539614e-05,78.20453870702673,9.54537439742139,66.26608280558332,93.82546287404138,1.0582355000458403,-7.755649476211417,13.061192973514785,-28.73041148980145,11.400877397293971,1.5435111110421316,0.01378290466420907,0.00026032370738727904,0.0141041834322318,4.638666950584622e-06
103.24737384264087,1.8796120742543716,99.93188742812583,106.23893553651136,0.24257877339944345,1.4101231033937187,0.36772651294581005,0.9266323186911308,1.911853997511721,-0.009626674448252407,0.033444698962005574,0.002928439356503334,0.0399360161614787,0.00039376890464800393,Single-leg support phase,106.91880238492925,5.491216120533368,98.95150695665556,115.8240135517608,-0.6489425613502013,2.38154434589303,0.6231090663497549,1.1558397751689822,3.0021806302415035,0.07101310981048159,0.011108903616523249,0.0002021898683485731,0.0117909359731832,2.9029019098430763e-05,80.69967348890383,0.7921476382651663,79.26977959621692,82.00125145685924,-0.10505661002470444,-0.23956946304714427,1.2543369201210888,-2.160603935050453,1.796288723230732,-0.15218817916466096,0.01659665026506454,0.0015899705907374444,0.0212060108676204,0.00023827539311205
106.22632096285173,1.6248486058086329,103.41914769912503,108.48953748850047,0.19501499189905538,1.5822945792921306,0.4799352751824291,0.9266323186911308,2.1681224238190544,0.03494406736454447,0.037339523814340775,0.002711046205339835,0.0433506625773936,0.00034593683495027713,Single-leg support phase,99.44192882799669,3.3758808734872394,94.69280422767082,106.28819886983456,-0.4459767170062977,3.1904941981179795,0.39808278535714153,2.765325019068452,4.036905315718272,0.048906934486531536,0.011410753274245549,0.0003667051193089992,0.0117909359731832,-1.1027824574550058e-05,78.99465599590182,1.2558607953930605,76.6491629704645,80.63761621097059,-0.15340204771177268,-2.4259698638374516,1.3497334805533985,-5.04057084210859,-0.5281455638498661,-0.1735548183945663,0.019367185584544627,0.0029617686538441204,0.0304219296533845,0.0005260754363509538
108.04776336354507,0.7210952335617831,106.4750048593679,108.86183761775364,0.028172415937740645,2.41464331694194,0.6150712438713865,1.767684579711423,3.87527906960718,0.0810613265344522,0.04120122852040185,0.0019720019784373387,0.0433506625773936,0.00014237955990399246,Single-leg support phase,94.60935471344648,2.434486650877642,90.91690903091003,98.6159886407944,-0.29611844653401403,3.7680440547910763,0.3737930728802256,3.0469396143672705,4.196762391613878,0.025305934466056754,0.011248036042068714,0.00045641839339413714,0.0117522735297176,-3.457664678138463e-05,76.51045874885098,1.6653893295566178,73.71114111230975,79.09968206589326,-0.2072515751378275,-5.53822387547611,2.3523803422726646,-9.834256155585448,-2.323883327200259,-0.2888604933994304,0.025274860077381292,0.00450067783669749,0.0304219296533845,0.00032839708669127305
104.45478632901661,5.094500982329581,93.58842919708464,108.86183761775364,-0.5768500680771971,4.072862540499054,1.4655513446963633,1.9898602933827696,6.148063333552034,0.15235550442266593,0.04383373190162834,0.0010543408907565882,0.0454439269426335,6.073562423778439e-05,Single-leg support phase,91.31532048375331,1.4601174322832313,89.77136881898872,94.34419499924093,-0.1438775156230124,3.7244978114575735,0.342647512239789,3.318363507992009,4.196762391613878,-0.030188316328152647,0.01195617951682475,0.001325004672320566,0.0138464407835703,0.00010067602191368847,73.66576976383992,1.686458928796566,70.76761905660038,76.42434799344022,-0.2175664975707631,-10.38543668682798,3.449518750821871,-17.10928317850068,-5.337795143665388,-0.4527495398013573,0.02981010616330108,0.0007076238229048987,0.0306999989214868,4.063640538219217e-06
77.95202910908311,2.628738589664246,72.48520613714709,80.6773197954299,0.28006809886062073,3.5752317644967047,1.2984097476911203,0.8063645386716334,5.83712068989615,-0.0666659615154098,0.036245707692925136,0.002204926548450493,0.0393057625063611,-0.000271616239064173,Swing phase,134.079768132913,2.266778762805259,128.904766827279,136.53176941084712,-0.12468447796976424,2.9941656570717865,4.046322070047715,-4.102276629742817,6.9613900070859644,-0.3454092153622331,0.022037077142909804,0.002096578325108934,0.0240653767306023,0.00014948161412730768,74.37241572969751,9.240836830029314,64.73835539379438,90.93486214908305,0.9615642541812017,-19.119715021893963,13.013086823354374,-39.173175641975945,3.785214368016181,1.6522457696150818,0.01549579738496726,0.0027472477582740616,0.0181866236345747,-0.0004124734337963501
91.31239071774937,5.088164974049621,82.45637955528483,99.78441496628362,0.6664629004230306,0.6730415160316652,1.181897050105447,-0.5701739391592296,3.5893776105818347,-0.14599743210418326,0.0307056869445456,0.0020178622964710812,0.0324057567752924,-0.0001484390424235191,double-support landing phase,125.36268301006801,1.7098933060221475,121.12361713418048,127.01844740678403,-0.15509488232915258,-3.6083272072329198,1.367815677538207,-6.077987734350434,-1.1227112003762794,0.19058755899900598,0.0198131392817414,0.0029971076323807824,0.0223882323750684,-0.0002088318028919846,89.31503337267196,2.9680319525531758,84.08335536817796,94.44086917748211,-0.3983659157424674,6.701499559579438,4.054510153127936,1.6609877605192949,14.342514977146369,-0.487751046793349,0.013725792485829764,0.005871381154033945,0.0218935105939199,0.0004251306019892191
108.07438471047672,1.6731710422412822,105.45512058260884,110.5508776573616,0.19599065672125976,0.2817679195061925,0.5850120579699469,-0.4455881299874395,1.099477684192991,0.04716443319385111,0.01902339751859676,0.0026943676173171206,0.0239207565815108,-0.00032469299028614233,Single-leg support phase,101.20350018130986,4.931395123919965,95.806482478087,111.1216107218988,-0.5890433939927615,2.298921610183013,0.32683974135124544,1.823172418136149,3.1594927988069825,0.05139693771810898,0.01667863816964754,0.0006139613089021187,0.0175697575330041,7.399730945358074e-05,79.20081856795385,1.2109288824678193,76.86872992011887,80.84518954775066,-0.1529407549089153,-2.6413807968427006,1.111809135886148,-5.079063900004204,-1.026591804511043,-0.1558643113651216,0.023125916388326687,0.0015756392420463792,0.0248328318860202,-0.00016701580547028082
110.26073391552175,0.9261535951077804,108.32828645917834,111.2664196709142,0.09186904050721213,1.2392782899540862,0.6278972501805934,0.2510185405501739,2.569972212095717,0.08919052582867473,0.015666341635143653,0.0027434980663360634,0.0193513272730103,-0.00029592230530377695,Single-leg support phase,95.18942511182773,2.3666291023522446,91.17806302747822,98.97428304117348,-0.2998546159113562,2.831276550782503,0.5353970380964229,2.0004069848310344,3.4833391100225377,0.033032416856258934,0.016978961154792742,0.0005657846275940977,0.0175697575330041,-1.622476907958078e-05,76.67993080519601,1.7713571206537781,73.66983045318993,79.3781878492999,-0.21955220754269134,-5.603768585877604,2.4301752786581106,-10.099521062759992,-2.4521877870136106,-0.29412820291332237,0.02153194225991641,0.0014210173805657043,0.0237809709216338,-9.156746591989607e-05
108.29317042282868,3.763753835172296,99.49253964580925,111.2664196709142,-0.4294283646190952,2.9980195249164217,1.587886491539547,1.0592089894535088,5.602987476367625,0.1746250854963316,0.012557189515706578,0.0021027199442317005,0.0154908252898313,-0.00025195875774077306,Single-leg support phase,91.671825136858,1.8655765028819409,89.69185162617572,95.47506993349091,-0.22215973279184234,3.0166959828146136,0.2916082609155033,2.5138965144352667,3.4833391100225377,-0.02960959104296332,0.01660004585348788,0.0005855287034582554,0.0174469359998094,-3.1728680572115325e-05,73.5412042777774,1.9015985009308116,70.51013482034112,76.63135463978215,-0.23543153151696244,-10.754378160171212,3.6464117685594317,-17.47698894010191,-5.44082592112866,-0.4629293468835866,0.020829558721689415,0.001022561904668865,0.0214056422403503,-0.00011099351060017693
99.00238081437848,7.66921714723042,86.49660436133249,110.37313296457472,-0.9183280232016244,4.391318474498817,0.8711882830286599,2.7127500438855643,5.602987476367625,0.03673172091332826,0.010253763487411484,0.0012166223379639807,0.0116607692484708,-8.098046391482309e-05,Single-leg support phase,90.78661389238172,1.3467965640494348,89.69185162617572,94.78115447935495,0.14631298583478106,2.1331112260216645,0.8049125265206313,0.4235247924364937,2.8621142448636774,-0.092944310497485,0.01649932016170056,0.0004113598510276045,0.0182753823242643,7.981780508193841e-05,69.9735752419982,2.282622028387987,66.43911415242043,73.40901492932286,-0.2680731068039398,-18.69811552231101,5.89416391519033,-30.53472556929177,-10.565633033565613,-0.7680420206048522,0.019237690823577284,0.0022605234871001167,0.0214002168077165,-0.0003776591815357539
77.59367751798074,2.265026158014727,73.32869141615699,80.5343306338622,0.17171792128626004,1.4279821539494333,0.6136532062681986,-0.0703040430575977,2.523610184310636,-0.0616926216824883,0.011985973363123082,0.001895616045521763,0.0149247919603682,0.00016838362950373078,Swing phase,130.51682767047998,2.3190131745047284,125.28709598127128,133.25389591229222,0.08023173638806852,3.7498255625985726,2.8810377528663453,-1.0149275948234284,7.127390180768164,-0.18661504483361593,0.018312525373623614,0.0008151267623095018,0.0190328464613976,-4.8146459135503904e-05,74.28987750314423,5.616348848852743,66.4847194549974,86.37716022619591,0.7650938758153273,-19.997339303566086,13.945208299415489,-39.72378058180704,3.961232741919294,1.6801928201433207,0.012762285451187282,0.0008957827105394154,0.013426792356045,-6.799614968008075e-05
89.93746102545924,5.238724994486365,81.53932136589259,98.242149887338,0.6424164815940543,-2.658969710023259,1.7377741472075479,-4.433344350650522,0.7131956230877698,-0.19568534110964292,0.021958239342306254,0.001792582141107512,0.0238420866849499,9.136363346667297e-05,double-support landing phase,125.02591345015412,1.4090274046802143,121.57453032719198,126.7496098897342,-0.11035326022715872,0.12067484713473388,1.5230164102316568,-3.060610790506601,2.2457037188909257,0.2040890195922126,0.012787962458168493,0.0024181464796448862,0.0157195607563798,-0.00027030308693248465,87.4402045574677,2.512465065789232,83.42838749641626,93.14334240260334,-0.37365211177642593,11.058236461063462,3.793085683718229,5.709578581180366,17.552730571172567,-0.45550584576893083,0.010605682510820152,0.0009350614648880729,0.0129745742092196,9.455879106395765e-05
107.60604816255682,2.1141670361052007,103.99475901708068,110.65796401775404,0.2562771154105138,-3.9551243363701825,0.589343262874022,-4.544307402975437,-2.7078631501090547,0.060750717880162744,0.009528879190074257,0.0033613833042237754,0.0130298207337148,-0.00018624427401500384,Single-leg support phase,101.91665516365404,5.371657828108147,95.18058375430996,111.76256742991578,-0.6377686029079158,6.352749434020719,0.3276502924869233,5.876359799304878,7.074682153034994,0.046089321297312136,0.005996359466998261,0.0003133329885754405,0.0063372244720246,-1.158987719299234e-05,77.19619840116421,1.306834834606583,74.9531848337081,79.35108710315477,-0.16915008728641057,-0.18585530923810586,2.029991897559675,-3.6945655743868047,3.189533655443553,-0.26477304730116763,0.014976383303049125,0.0014497570449431847,0.0169505311410454,0.00010939067531181915
110.20988000955337,1.0105655045944832,108.04283052482462,111.17212156376638,0.09922710865598379,-2.7469048408924093,0.9338116644129153,-4.15166859066829,-1.0358016809132315,0.11984103499057917,0.006439998358204115,0.0002780708489084739,0.0067172809053573,3.886695476212308e-05,Single-leg support phase,94.90472823580265,2.8986922065668734,90.4090011411999,100.1872698520155,-0.3760872581082927,6.6812135786869735,0.4496823103322654,5.95965882875026,7.217501699166918,0.022372201218701503,0.005576767685821599,0.00015907911831256267,0.0057128442937312,-8.854672190511532e-06,74.79877713265392,1.5560010497809136,72.04702480376548,77.21472089906187,-0.19875754212678431,-3.9104704519253413,2.4105649186828026,-7.996881242326005,-0.2378746933467889,-0.29842332880689293,0.01668288237927704,0.00043859440084547947,0.0172019490604564,9.38845416091547e-06
108.21901679713353,3.8405924086372165,99.26179833685478,111.17212156376638,-0.4439584070690931,-0.6028209656955122,1.7739270058437961,-2.6566751133085806,2.945213319700228,0.2154572474234157,0.006676302654478105,0.00011010204570973307,0.0067668984349247,1.3713941245896161e-05,Single-leg support phase,90.72757697490813,2.0754668365071884,88.14075484271437,94.78731768480657,-0.2556370323881613,6.7580266433005916,0.3051674831130916,6.136693015674167,7.217501699166918,-0.03902432875328273,0.005452494340843762,0.00010454539118391231,0.0057116766409335,-9.720392441838429e-06,71.8216403808424,1.9537056761998466,68.50402850703392,74.76197126927214,-0.24069010623993137,-8.754361100956315,3.332906737075653,-15.01194309662649,-4.010947888740206,-0.4231152003033186,0.016816381913099986,0.0004055064746813503,0.0172019490604564,6.540861310019292e-06
75.6277376917636,2.9672993345927656,70.39562500536097,78.62743599176193,0.274835126559591,1.931853415712444,0.8206364349847132,1.0904745250784285,3.435045162884794,0.022587984385547696,0.006618095427614932,0.0018226542032382892,0.0089980249632636,0.0001358711572774693,Swing phase,131.87529217719023,2.8872425577415752,125.47312901807642,135.36010473007028,0.1170410542153343,5.495154591913807,3.2955836125003612,-0.5718604739668302,9.137569898515537,-0.23582552063793058,0.012102272608732485,0.0021196163324232013,0.0144737593068907,0.00015817869317116156,74.41788724651677,5.311214359879937,65.51941646477101,86.62644425285434,0.811808761080128,-22.607593811321163,13.73207069084917,-40.99129864369162,2.23380985662748,1.6625041730891963,0.006813188433414377,5.8053703386229044e-05,0.0068781335884949,-5.478184606211561e-06
89.72305035450262,5.006522807016091,81.29179605558566,97.41823807621611,0.620247770024248,-1.52423216865834,1.6047265530717247,-3.4156376403467057,1.4594558737235717,-0.18696619112769292,0.01606123673024997,0.0013805763775718524,0.0176748327489998,7.542075158872307e-05,double-support landing phase,124.97781906187268,1.2741056077271082,121.6385995623565,126.48644757987331,-0.0915799039541204,-0.8532451581973551,1.7253931348130798,-4.273691066104861,2.0712290105809,0.24403538756483692,0.013208642099829014,0.0018107565853389997,0.0152225764819434,-0.00016642365112372307,90.84143866542284,2.646845603258092,86.48290102500056,96.68926483486796,-0.39255245422566915,10.192136792870524,3.708191172044693,5.2988381918836645,15.830466441784806,-0.4049623950345395,0.008221106054657973,0.0019259261662572858,0.0111619861626433,0.0002063800048491962
106.55512977844514,2.1129328112293937,103.26964849602692,109.89126363828902,0.25467750547161927,-2.073978117250663,0.8125928851284661,-2.8858900563996035,-0.5574902059746938,0.07789272911866758,0.006047728810207745,0.0021385620643266556,0.0092066870903444,-0.00019353543062252307,Single-leg support phase,103.01857265923665,4.609492716701172,97.16876094113344,111.68536126458017,-0.5583307816710279,4.093121416475435,0.15688905650425353,3.821599841832089,4.372123616371512,0.02117399132843936,0.0045871568660769,0.0005132955464563416,0.0053497882161851,-3.7852331407346155e-05,80.52396689186854,1.1508442176380038,78.50254241700515,82.5207093848829,-0.15454488337991387,0.16949230756294384,1.9064540497169418,-3.1329140174671952,3.1784084070855005,-0.2427431701751037,0.012102229018755054,0.0014289649171034548,0.0156932562704797,0.00013603581924950768
109.5987419541108,1.4757103408139456,106.71605517238726,111.45517358814236,0.18227378522135004,-0.6561184973057659,0.9824232099571824,-2.3709103595575804,1.1770714157338242,0.13646083751120786,0.004422694647993896,0.0003437057817103278,0.004894943070514,-2.9541200151919226e-05,Single-leg support phase,96.71956055333175,2.867099397169076,91.96516398354755,101.52999414516542,-0.36787808313914855,4.249013989144489,0.2391896607612127,3.909177507013253,4.569289611025453,0.00895101574317712,0.004307333211018277,7.744933235236488e-05,0.0043773623310474,-6.9313909356692374e-06,78.39242174578966,1.3938349895150322,76.06561821844726,80.58226982612011,-0.17371736952587907,-3.4430960112959657,2.405600173617241,-7.5941626426409155,0.2604990481199485,-0.3021023727215717,0.013972204160588262,0.00195284525045163,0.0184935084651949,0.0002691583366509692
110.01068189750472,1.8025422243056677,104.73976844118503,111.46612911021788,-0.20519996771540477,1.3975069160477895,1.5477200470568346,-0.5331829722047006,4.479483221855132,0.19279485361768586,0.004158156588063462,2.8746258779357334e-05,0.0041890628310698,-1.9252735369153844e-06,Single-leg support phase,92.23031437002457,2.4753359997531668,88.76017665702165,96.8055889991936,-0.30943893623738294,4.215914890904428,0.27766526087726756,3.564093210912301,4.569289611025453,-0.03351115778494637,0.004226606569622562,0.0001239439613822412,0.0043584008597847,-9.01242525761156e-06,75.90682402543058,1.5192515818405292,73.41546038110417,78.31650196026945,-0.18850159919866463,-8.134923806294728,3.182600348134397,-13.961962495286228,-3.407379929277352,-0.40594548330803365,0.01672223737193828,0.001652745713916496,0.0184935084651949,0.00012215111078003082
77.77838655957689,2.6762319263548404,74.23023311783582,80.88213376638856,0.21153187547249258,-0.18331740657725368,0.41531568724871243,-0.8292182429644201,0.4751234799128223,-0.0029875833060363723,0.004845639138476696,0.0017531112636725353,0.0087239036739763,0.00013542683342364999,Swing phase,129.4396089732156,3.4981900835813806,121.2266518540502,133.02067624949757,0.2879134259868732,2.598946387844462,0.9197335257565374,0.1500255415693246,3.385436248799982,-0.10530190371715609,0.010345077919729322,0.0005004350572597343,0.0108257912085535,2.2890300720599968e-05,70.85261333791198,5.703041595086119,59.99798650952109,80.59100349020301,0.7920391146416121,-30.794926879139396,9.918165192657428,-40.6972804021275,-11.014886356022954,1.14163054023479,0.0048881582847117265,0.00011025802682613391,0.005014453536353,-1.102588430044231e-05
79.76548390158798,0.7304732441976656,78.7224716822956,80.88213376638856,0.0709370759847642,-0.5887011875876438,0.9562933354718035,-3.1247354820309035,0.4255801547212853,-0.10007416995398437,0.0071595777188248,0.0023545026255802023,0.0104724788442134,0.00024214720414378462,Swing phase,128.13297797288473,3.908103849505375,122.01880585394451,133.02067624949757,-0.4079273206036913,0.35178932192291806,2.1515106222366307,-3.7553909293533287,3.362046250321057,-0.27374758383363024,0.010223407282321408,0.0003276638403583767,0.0106905167800162,-3.465706287206543e-05,81.7432517142767,7.402789524914877,72.8624156778509,93.7088362625404,0.8017854071034421,-10.533771382200095,14.021883862954628,-33.35833408305265,10.27067934248764,1.6780389779053957,0.004749687383107031,0.0001241370886255185,0.0049146446298334,-1.3887528725173072e-05
90.95730972384132,3.9386775073999867,83.53838603009099,98.19103834424077,0.5635635505442221,-3.01859171375807,0.9539107362384346,-4.02729130224955,-0.3429888945381264,-0.1390635044801778,0.012910543569871492,0.0002845639402517753,0.0132642641469881,8.405396890892339e-06,double-support landing phase,122.6216200359845,2.0952979583334854,118.28356335575025,125.34576518399322,-0.26391633426599215,-2.095610941474556,1.409247093449554,-4.1530244339117495,0.9234762721159624,0.195250027154912,0.011405398840556049,0.00035486504531465795,0.011910929402528,-3.4573123118046156e-05,89.17220344362514,2.800066882850708,84.17692584511195,92.82618331658531,-0.33266374890282163,6.344640525596394,3.2558597473875843,1.7653331255353104,12.965762463234114,-0.4307857437576463,0.008640056836631336,0.0029723398416987997,0.0123398209822308,0.00021790109195115768
107.5034906154498,1.7592310205079502,105.006444234959,110.37848093595228,0.20661679619204912,-2.7230495751663435,0.835710954431449,-3.564493118685823,-1.2194323206500952,0.07644280477064415,0.006604481413658492,0.0023590847443272726,0.0114339168444138,-0.0002752324616079961,Single-leg support phase,101.51869354382104,5.009343248192667,96.06073874573892,111.26973852553044,-0.5849615299919818,2.731806059725569,0.3838031768466122,2.205649237559596,3.473115060727346,0.02157845735927098,0.0047167876839274,0.0011490303048254148,0.00704287040339,-0.00013360702748692693,79.15936990238035,0.9465756874047145,77.54649803407352,80.69094542153618,-0.12094028413317932,-3.5830108296976158,0.9583002036752247,-5.1435163965625215,-1.5900232771266896,-0.13667281228599354,0.020166411706548818,0.0033562500591892805,0.0224474512788775,-0.0002509309981390462
109.8991044704826,1.115527670405289,107.47608202230056,110.91574004963978,0.12942419337379255,-1.464972198232235,0.8250188479715966,-3.1204304308443973,0.0653841284982829,0.1225313292054877,0.004690955503839777,0.0010139648284572891,0.0067481087661722,-9.874361290555386e-05,Single-leg support phase,95.5159412323791,2.3015258867766963,91.2091966446789,99.52993253082892,-0.3200283033134622,3.261339661009182,0.6927216579204651,2.205649237559596,4.036502456458334,0.05243060531779117,0.003730644121576604,0.0005310095703550403,0.0047941652697513,-5.425620511678846e-05,77.3402643057091,1.200596239731043,75.17880795943505,79.11322480539896,-0.15132372484476575,-5.773742860953434,1.7405222973268577,-9.370750686411249,-3.708065550360295,-0.2177955821558059,0.016850035484270182,0.0027768375657144474,0.0224187701329548,-0.0002604374848752808
109.1480035683894,2.5709157503445046,102.31184223355706,110.91574004963978,-0.3149634044190376,0.35165644538545465,1.496497036350905,-1.2647967718281654,3.536275198058336,0.1832658635739515,0.004283628576073324,0.00019063519888025236,0.0047336877785897,1.5939576223953838e-05,Single-leg support phase,91.80031360352343,2.216369657460603,89.47112467232546,95.85499763732916,-0.24553357557706554,3.5888013196500594,0.300155120146269,3.24207458615064,4.036502456458334,-0.010081053159634803,0.0033921808940844305,0.0001189916569817748,0.0035664231551701,-1.4562693005861529e-05,74.98818607478502,1.559151142505536,72.46760068988065,77.38729220687341,-0.1892189044997214,-9.879773565117139,3.15607432377335,-15.626016568449367,-5.366595590908288,-0.39459311452081075,0.015504120727770077,0.00044564767664275417,0.0159925324355556,-3.7236005569161506e-05
76.71594568091413,2.585614245859104,73.156824528636,79.99704021589405,0.16811669402469456,-0.09750286522421756,1.3394483236222778,-1.1752596721417083,2.4936864732986472,0.13937336197180544,0.0050237923059036575,0.00126573778020711,0.0069633457650677,7.539589412239615e-05,Swing phase,130.29264530943794,2.7966297170148144,123.65133609704893,133.26153014827116,0.19158096541061062,3.3150862078036094,1.75282579907476,-1.2440537398738387,5.2395479580467255,-0.17006235407868414,0.010708695562002695,0.0005396173335568051,0.0110237627053858,0.00010660910413308079,71.85425235446066,6.509554048347976,58.34512458450472,82.99894277364457,0.948223776505379,-29.954583061823772,10.344503041349377,-40.77507406002141,-9.44118646757332,1.1778265434267245,0.004569383142691969,0.0003017945307430841,0.0051390889081395,-3.390994005877692e-05
78.85077517286192,1.2596245717135253,77.39117944088909,81.93828421626642,0.14661382475713333,0.06554654614930346,1.9164099630217064,-3.3350618442891005,2.4936864732986472,-0.09433264281129218,0.007658836720151708,0.0023876841031432155,0.0114453409148882,0.0002632332376158154,Swing phase,127.91029245605135,4.255562224376764,121.51707761887369,133.26153014827116,-0.44171366263205303,-0.4230159333450199,3.684847943711354,-6.46016114377466,5.2395479580467255,-0.44998881160851484,0.0108110779706009,0.00023070050287906822,0.0110098591549836,-6.1425127117269534e-06,84.10944134449367,8.32496820381696,73.62616989133147,97.48042423998768,0.917471321102162,-9.091485664097531,13.937225619859634,-31.624341156906933,9.788920109014189,1.5928177409969662,0.004387110575307516,0.00019929012134366558,0.0047939957689467,-9.552993013930777e-06
93.95247691610174,4.171592690416751,86.3657447014279,100.89618289189318,0.5588630073255876,-2.534527279540715,0.29096858857311547,-2.940094508973826,-1.690082438248556,-0.020050595002685537,0.01182249413453532,0.0019762664608146633,0.0138633390356472,-0.00020976197387161924,double-support landing phase,120.45894688526353,3.2768653150725475,114.283300952418,124.46557319223194,-0.3895385516939106,-2.457176920141993,1.0697596672575096,-3.908804864086769,-0.4775742716649842,0.108993381512487,0.010603228062412555,0.0016499175039454699,0.0115563614469744,-0.00018657594001725766,88.98774840515244,2.7444051167865804,84.37640779395787,93.2143418208218,-0.3399205394947667,2.267876509924814,2.656822391659172,-1.0555423808871949,7.4585309211586415,-0.32746435777099375,0.015437703017321456,0.00861423079460055,0.0303338500057908,0.0008956015230203
108.95426606608106,1.905591639804133,105.77558146113763,111.7742469583428,0.23071790373866025,-1.3203248010449913,0.771872804999476,-2.31499284101738,-0.2605765184966767,0.07719117070640924,0.004316285620804722,0.0005575583018545571,0.0048459282911139,-3.844243828652307e-05,Single-leg support phase,96.88534964385066,3.8537129911383032,91.98413451207112,104.82661690612588,-0.4939416305405675,1.0605239523751688,0.42197465377947335,0.6193262091194218,2.08937992337774,0.03477274321505308,0.004400219720051539,0.0009806824819933934,0.0053056567367605,-7.094479363669231e-05,79.97822042887302,1.2836400012124762,77.6535645815745,81.78892413349199,-0.15905229045836494,-6.623370264273886,1.6261929992087492,-9.471906123967653,-4.097232989120783,-0.20671819749411038,0.024781449616862836,0.004933987268977725,0.029295566168154,-0.0003645645621077422
111.43830939382259,1.088378395485739,109.14653432604734,112.61924304588928,0.10533363829695311,-0.13384235320429683,0.7055001395038779,-1.3600542953706054,1.2506917316982005,0.1004133087334156,0.003916179587091511,0.00025151004010302505,0.0048074091142109,-2.912838132501923e-05,Single-leg support phase,91.47730810694907,2.694892355878159,87.04300455866547,95.56064925620664,-0.32760171913619895,1.7221644597322243,0.581685458888869,0.6957694727915611,2.414466638348108,0.04011053204018473,0.0035608862373833414,0.0003775936228217267,0.0052587612130237,-6.22737100428577e-05,77.56681233793952,1.5583466914717878,74.97207386772244,80.08956537796523,-0.19682659654779947,-9.940061781326225,2.2889911442597812,-14.351155707870353,-6.672467404975532,-0.29533416549595465,0.02060748679054824,0.0019041209418777967,0.0290560423183169,-0.0003054321968085924
109.22409563102391,4.202658403881246,99.585773731239,112.61924304588928,-0.47328255059647095,1.6342738666256265,1.4894316025738585,-0.2997969626414168,3.968969547913623,0.16340666845153975,0.004464646977469731,0.0006669855495027285,0.005563345197251,6.288774594228461e-05,Single-leg support phase,87.56666103595828,1.9753075373431503,85.54761102503015,91.61947550499916,-0.22978797996416817,1.90804477126839,0.3117591575567472,1.5721178200513524,2.414466638348108,-0.02478904358490315,0.003651839730966046,8.088707346653808e-05,0.0037263957058811,1.2034131242569223e-05,74.64000516123585,1.856784047525776,71.62545722657957,77.44593227456056,-0.22386442492234584,-14.885945657174837,3.554029888318042,-21.34108415544447,-9.770873485151462,-0.4450081027035772,0.020375903890067524,0.0009727837400156182,0.0211355695853891,-2.6935587100138503e-05
76.71884602584734,1.5860196305801582,73.09981297294867,78.32421294285675,0.18556673399774526,-0.4376939710800562,1.0799002303276901,-1.665333132806663,1.29596752815424,0.02058662493294606,0.0056031084087448295,0.0012386889694898434,0.0071201931915025,9.438715413520002e-05,Swing phase,127.77932914391683,2.4646968757951053,123.31466154329232,131.00740156925497,-0.049827883663134835,2.4587688434531207,2.341419931509989,-1.35931410494782,4.640409280137168,-0.2055525270286848,0.014324167382450388,0.0001664004106564314,0.014596224007691,-1.6866226866026962e-05,76.2443461945296,6.438359228534625,67.02995563510915,88.41238191457968,0.8224010107488667,-21.36567062855056,14.21566525931302,-41.73776280064043,2.5190878639725565,1.7021865640235765,0.005083484383258684,6.37443939061188e-05,0.0051593718531386,-4.960481426938446e-06
88.73771975435008,4.40522767167804,82.12739918194653,94.96735852145667,0.4815021910601756,-2.5179982225473987,1.0832446968157567,-3.579304754302605,-0.4832020713677704,-0.09935267237588387,0.012696387036730955,0.0010945600535285647,0.0138860329533375,0.00011588598370224613,double-support landing phase,120.0532620770845,1.7631915750110656,116.6020692189518,121.79942226385916,-0.14968631385947836,-1.0609029475266185,2.7745115778459652,-5.894939260453613,2.018292602378366,0.30435507164738385,0.010748448032126417,0.0007727379255491771,0.01206986126545,-9.075115179244617e-05,89.93416349308866,2.48668596827928,86.1657374994842,95.29049756108998,-0.3509523100617609,8.395676604924066,3.2648240745635904,3.431508863327781,13.25993177178888,-0.3780162657100423,0.008058895577865068,0.0027415593417334126,0.0128392485435944,0.0002624752955294846
104.28245783067558,1.6752722293531686,101.39753262625392,106.9899574480465,0.21509326237663756,-2.8632353474512446,0.3181232268681393,-3.1404248473513534,-2.006574737356773,0.03753790587024772,0.006138553331571173,0.0026824649194959935,0.0104734899483204,-0.0002541881889430654,Single-leg support phase,101.38630082218616,5.02173266985638,94.77049955074384,109.28330930362146,-0.5581849904952935,2.685558431423211,0.4063826860469791,2.183282942522605,3.317771340236208,-0.007342444455613128,0.004852756067823893,0.0008410696779609033,0.0062139500371272,-8.447445405402306e-05,80.7772904043843,0.8440648202342089,79.48724736277009,82.29534703374323,-0.10800383349896674,-1.5993991976122088,1.6392476279098882,-4.180031422510799,1.1036598530738817,-0.20321889521479544,0.021106668394603574,0.0011962474606374972,0.0222138522416411,-1.0607384552150091e-05
106.99788853445389,1.5450565214160386,104.2396820365226,109.29657955555872,0.19449605842446643,-1.908429488947887,0.8404880281095101,-3.0805176191714527,-0.7063430473906499,0.09131440660695395,0.004220446819813723,0.0004880167850919306,0.0048408702511846,-4.28751331809423e-05,Single-leg support phase,95.25511743652314,2.2859954940020533,91.91622922264084,100.7307183675311,-0.33901881326501,2.774702448075777,0.5492804989069293,2.183282942522605,3.724362877349452,0.036648298957041685,0.004215985543535008,0.00021138297384547635,0.0044643855422663,-5.060249524330759e-06,79.30008347324559,0.9266523174728063,77.62120723824887,80.60899949902182,-0.11491508695280572,-4.3279220456592125,1.6356723250463026,-7.236107055709246,-1.817231736843752,-0.2084182814948267,0.021022426882463165,0.0020385342286224745,0.0266461597400104,0.00017893978085853837
109.13664578501506,1.010525506012859,107.17281305622942,110.3066450964867,0.11406061496719498,-0.4938343787956312,0.8176496821966173,-1.8397572412359104,1.0570040314061442,0.11141389510161748,0.0037760585145550736,8.698376418048392e-05,0.0038792099007903,-5.7056628774961624e-06,Single-leg support phase,91.4128247751126,2.444403962347115,87.6476399896535,94.64203668009172,-0.269015257324547,3.1766053895065265,0.39062827590620175,2.4707286704116904,3.724362877349452,0.011003889817407563,0.0041911736042478725,0.00014048824476311375,0.0043328190546337,1.085313959174999e-05,77.54337895890473,1.1647185528296249,75.50407383604615,79.36904787328587,-0.14865284758614303,-7.627996037023514,2.3108796579672264,-11.892188840929563,-4.3445613595043096,-0.29029336467020206,0.023209320424388693,0.0031798029943450675,0.0266461597400104,0.0002405431070968155
108.17503742021266,2.857899740020012,100.61672326538964,110.3066450964867,-0.3384626647688363,1.376217511303132,1.4999903746800207,-0.618983882705619,4.404562573818366,0.19321332525092247,0.0040787815984371,0.0004173606959393854,0.004621603545208,3.074395618957309e-05,Single-leg support phase,87.97629356373817,1.6029809485764748,86.35722247089545,91.50879068842984,-0.19606932165571977,2.8593709433433623,0.41121766052087627,2.1061501901017863,3.6981852106818818,-0.06123211617615752,0.004151836619525954,0.00016925979554691507,0.0043099403964933,-1.2527134045923091e-05,75.485311862833,1.2555108010495515,73.57194801493068,77.48873419756308,-0.1506456224089382,-12.40249260938214,3.3453771095961464,-18.453982681967886,-7.511602361831388,-0.4208607815437115,0.02524078559191752,0.0005678964512155996,0.0259327615633791,-4.7558874357399947e-05
76.66009159865973,1.547207552083322,74.21983196202606,78.12030766900075,0.14734011726451696,-2.3001579723954864,0.6764214526610148,-3.14838379799344,-1.1773737966630526,0.05436444699852453,0.004897214494664005,0.0010138754564948712,0.0077139494012345,0.00011905400645030385,Swing phase,125.77699331833772,2.45510078496643,119.64174153494444,128.00825388859624,0.21199354042688429,2.88958588571316,1.1665922458840183,0.5743599707033732,4.395277384612254,-0.06104100530605109,0.016175789787169905,0.003154885576410542,0.0209930334563968,-0.0003468748313656654,73.29714069230013,6.309951518523857,61.47956008328159,84.11176600526129,0.8704694585376807,-26.613025570876808,11.11537540661974,-39.633853699132935,-6.295542582707794,1.2822427352471206,0.0048375871427434195,0.000207557972142443,0.0053356858241359,2.4871165486473076e-05
78.58061584822187,1.1310646071695203,77.50756258816301,81.76586298390514,0.1637807844516202,-2.764561372660155,1.2920568800436276,-4.84480848162062,-1.1773737966630526,-0.06583180173118623,0.006305067599359993,0.0013284156040550715,0.0077139494012345,0.00010237946521221153,Swing phase,124.31932986413064,3.1995954301478036,119.36648103967444,128.00825388859624,-0.3295011150009263,0.7897235569710149,2.1047205725823477,-2.3258293606120004,4.347333058699932,-0.25666009305045895,0.01315487538294773,0.0015532429994443667,0.0150972259697656,-0.00011761199752356926,83.99575660589461,6.491976264387938,73.56061665597426,93.96788156253642,0.7848948040985447,-6.797346001326687,12.049870528566034,-27.55486229327069,9.652549376387665,1.4310542949868599,0.00509370999183127,0.00019814770727627227,0.0053356858241359,1.503299304647307e-05
102.28612079021786,2.1157646197235596,98.62907047207852,105.444710295694,0.26213999321597964,-0.9571513525343781,0.3168970293757742,-1.5153836238154554,-0.3895086572151277,0.04330288333078184,0.009202516603614737,0.002823566582332492,0.0146924336145278,-0.0003485584616163615,Single-leg support phase,102.69529555018372,4.239612985870837,96.05608587686014,109.44970524877527,-0.5151392066121206,2.3543786040733687,0.34740742379420014,1.735929256993737,2.811954980302906,-0.02046630557150592,0.005635005228614761,0.0027511937529148814,0.0128670704434801,-0.00035508412870107695,79.80306022282421,0.7546766584987891,78.51304681653646,81.03740038257965,-0.09709052177089188,-3.5260868435317416,2.0353114875048877,-6.888956662163915,-0.5709521073106616,-0.2430001751866636,0.03582683040662642,0.007388688765983504,0.0410256286663689,-0.000499492650447123
105.38721630719286,1.5367099667944228,102.5951414773472,107.582432969669,0.19181890355083853,-0.1156169236562278,0.694039291839728,-0.92762618762625,1.086272323149451,0.07745763502983466,0.006322189605894392,0.0020672351535788638,0.0099804932807613,-0.00020417716415130767,Single-leg support phase,96.32450229518516,3.235878802720615,91.73010725326212,102.407519640243,-0.41066970719157214,2.08700929129238,0.2749318725839263,1.7334416457402146,2.6015373261695585,-0.005364184681772671,0.00391558383701337,0.0008343238422841283,0.005395515181771,-8.285093280113846e-05,78.41659487773595,0.877617983719268,76.90063946788695,79.70567432389521,-0.10788595600031779,-6.795832074294939,1.8203848529776252,-9.654330616486922,-3.6378957844540896,-0.23140133969357046,0.029198242227603755,0.006601551842190823,0.0405574148895095,-0.0004578308314176731
107.24606232899575,0.7386488056585592,105.63750566493316,107.98444335136516,0.06821493897051695,1.243655073034532,0.9513730099570142,-0.3066728462979616,2.7961359084036554,0.11933879825775451,0.00480544543424205,0.0005388091210217649,0.0056299136125024,-5.7542642651449986e-05,Single-leg support phase,91.67242582146667,2.261795365709699,88.43228462475234,95.64468757936356,-0.2774001136388931,2.338094173003438,0.33892443633898905,1.7334416457402146,2.6428840420540536,0.034735364715811394,0.0033317568995600458,0.00018408569099430088,0.0036348830972521,-1.7649408460223066e-05,76.76992948086023,1.0379840124674786,74.99214061949071,78.37892291839609,-0.13026085765020667,-9.964286947800579,1.9552519018533439,-13.6052158948934,-7.100775068402761,-0.2501708010188707,0.026810005162500813,0.0022163896987665334,0.0294612563509126,-2.4805271186188428e-05
105.02634971560244,3.848508767282658,96.02161844127215,107.98444335136516,-0.4477452798817187,3.0795899107925377,1.344780753607813,1.164676071934423,5.571211926281937,0.16948214824413516,0.00432532928419643,0.00024974820399779565,0.0046713327552013,-6.9923557241192335e-06,Single-leg support phase,88.54688763111068,1.4357807524302857,86.8229533561607,91.41715637823124,-0.1724950503633675,2.3762942128722395,0.3697777929603484,1.4831730823599052,2.6428840420540536,-0.03975510787070296,0.0032295210217672538,0.00010861545146989504,0.0035847860260841,1.3175717960965389e-05,74.87777041973737,1.1728039721727188,72.89461696489744,76.74614703822785,-0.14813577205116957,-14.172339651727352,3.049877956094152,-19.90836029057008,-9.894595629210636,-0.38514479466767093,0.024448771440993253,0.004728937795285239,0.028675464610246,-0.0007159991787417347
77.30181250875083,0.9292179789455819,75.33138986221361,78.25704319896631,0.11252512833664241,0.46254447532514475,0.3132093439979661,0.0628766477645485,1.0098757033961672,0.005593284685789397,0.005166480119264011,0.0007082482751361038,0.0065097215165579,6.018111473670384e-05,Swing phase,127.08800159825591,1.9277365561027315,123.74438878200598,129.49054929345957,0.0072844407142735705,0.8502141815825035,1.8493095539042397,-2.8403557506103065,2.6477054628010186,-0.17615738601498107,0.010841227221486914,0.0010695056828060514,0.0116177498086965,-6.938917557026923e-05,72.96581378656336,7.289364371347454,60.00102043558053,85.62937473244114,0.9857059344946387,-26.788777318090336,11.100014333015665,-40.40269183076559,-6.609319007331468,1.2997451085936202,0.005113477287069642,3.520729742062927e-05,0.005147475063525,-3.053650248842308e-06
78.78270819914476,1.2081791072306194,77.84955980940533,82.27215213601056,0.17009970486943177,-0.45160214091726814,1.3414152056802053,-2.4842669159469244,1.0098757033961672,-0.10406400032053738,0.006638969943959868,0.001653860976313121,0.0096614819934957,0.0001706597793811461,Swing phase,124.44808256046326,2.4856538333172535,121.04385944938946,129.0983061320866,-0.3097864108729672,-2.56714363194843,2.7122266637930315,-6.353456118257011,2.4971382971971985,-0.3404074775174696,0.009713984772716122,0.0010151824860125348,0.0115240650554245,-9.54028123046961e-05,85.15695592258255,7.293838268948604,73.18122572825463,95.263166422511,0.8493054113175529,-7.75151705779131,11.301342496331028,-28.14945401331024,7.418065569330127,1.3679815224092449,0.004957958098289284,0.00023741806289109374,0.005134389342511,-2.1674453418850015e-05
102.05132116539063,1.9923835959254006,98.37423215726648,105.09459869560612,0.2584756360899864,-0.16619644615734314,0.10616502974772439,-0.3251410238284526,-0.0219452510846567,0.001953449470463769,0.01364206830624052,0.0026695892756410287,0.0159228589544318,-0.0001804852522587346,Single-leg support phase,106.439641300518,4.641683081730894,99.0298056678178,113.62154913446126,-0.5612209025632102,-0.709546687231329,0.29104765353205264,-1.122117967954927,-0.2496127284603201,0.010350392638189388,0.007618974237295842,0.002537115824751113,0.0098847041641965,-0.00015076264919469613,80.02336289440308,1.1470292452553792,78.42012873154466,82.37658386270064,-0.1521713511983068,-0.9385145593081344,0.777582143157896,-2.194681548687313,0.1436380112695273,-0.08993536769064771,0.02096156308895528,0.0004949070562606013,0.0218212210391872,-5.352942582123852e-05
105.23079970251479,1.7598347510137207,102.37249241966676,108.0770460339168,0.21940590824038636,-0.032182537591545705,0.2248242141141668,-0.3251410238284526,0.3594589859560206,0.024015339595430563,0.008566241967652617,0.003779368750850945,0.0158159850047362,-0.0004396640240488961,Single-leg support phase,99.55123079233184,3.4611295413919128,95.01396561776544,106.24854414812836,-0.4320991742447279,-0.21700766441679115,0.45102797175039466,-0.7170366566324002,0.7731022688578694,0.04115268592228541,0.004767173645964038,0.001524814427223091,0.0097067925740472,-0.00022477638973770382,78.34937530066962,0.8411144838131083,76.98459913904516,79.73068615478557,-0.10561873137463132,-2.3789707945747476,0.8835776642438873,-4.022113883232187,-0.9534455152288042,-0.11802570646166857,0.017949452984633754,0.0033373885563880742,0.0213020826600929,-0.0002728301634728654
108.03373519240986,1.503077598944935,105.34166406175925,109.9189388473845,0.17604903021635573,0.32923165723589926,0.17920973936997797,0.0241455286337993,0.5402216892018546,0.018633162839821003,0.004729798549450581,0.0022513502428906304,0.0108387907197974,-0.00028256282726416536,Single-leg support phase,94.81267838640794,2.204121938978746,91.12505435189416,98.58819725120468,-0.28704395766578894,0.8027608352008155,0.8504219630262105,-0.582507730339088,2.0264991770280223,0.10034641951411963,0.0038068498101836304,0.00041114922392092404,0.0048151173362736,-5.26567990411923e-05,76.82908019283177,0.94664118733139,75.1629736698034,78.29610543642585,-0.12050506794701696,-4.352772999450905,1.4652252231756775,-7.130639031213581,-2.32387171120576,-0.1848756661541469,0.015891514967487887,0.0023618767479426806,0.020429455967835,-0.00012556107205661922
109.40746437925878,0.6391014959901159,107.78129636648644,110.037654996453,-0.020235840067359644,0.9122143807055877,0.5445715243642433,0.4210528624058735,1.912295020734476,0.05735546762802317,0.0036386801416301924,0.0003255571753522631,0.0043816245309497,-3.039746533096922e-05,Single-leg support phase,91.21237316059931,2.047940720116038,88.25469278822966,94.74936548467166,-0.24979510370930752,1.9066277807988177,0.48352419277467734,0.8837207120701721,2.539562225011646,0.06368621203621053,0.0035048872965309234,0.0001524891015132994,0.0038611320243062,-1.7182670751223077e-05,75.03435733581833,1.1772142194122552,73.04805525549072,76.86487817368632,-0.14680088146906145,-7.463188763463427,2.2132002402166946,-11.373614576492631,-4.217340510747436,-0.27524131022096904,0.016607801527495275,0.0011501624932881915,0.0181957104661686,8.432651375686919e-05
105.3111645129116,5.148503306908879,94.72888510020854,110.037654996453,-0.5856220728449852,2.244279674965387,1.127828770889343,0.5669554934206903,4.04584429727993,0.12834440997679442,0.003668343778508508,0.0002284491256462442,0.004174556142034,2.2098144314315365e-05,Single-leg support phase,88.70636296720922,0.9821833576642011,87.65572433262167,90.83673397772934,-0.08460635072433192,2.424418946885547,0.18863208323983183,2.0568622284495053,2.5965437773216395,0.016641598799357647,0.0034438919487510457,3.165271272327224e-05,0.003510413913647,2.4758981709384615e-06,72.84425869091723,1.435276418943421,70.16495549147561,75.01764536665458,-0.18664191827611412,-11.960794176992977,3.1706716000388657,-18.293057866695875,-7.415830588743427,-0.4183548953058634,0.015791088178532683,0.001790431685359292,0.0171762219272153,-0.00017386526886018847
75.71799194191156,1.4907107405921696,72.76016455605485,77.62843043751441,0.1161231178455193,2.500206482601274,1.6171309187245047,0.1253971459942387,4.953925148309442,0.03179964864480591,0.005846488659501438,0.0005975079745466522,0.0066656006427149,3.932156435256153e-05,Swing phase,130.3140340377143,2.5107572582056323,125.27604468379624,132.96965935071736,-0.1763794468167849,1.0328555458022781,3.766673972965312,-6.371226465978469,5.056990436135268,-0.32282664097019964,0.008553528051532571,0.0011379053396410599,0.0102956004488695,7.315333129954617e-05,74.88706281585026,8.468283388415703,61.21986139829649,89.6783160371681,1.0945559476489082,-20.26681497137441,11.874603109025081,-36.82222914524014,0.6062528784489027,1.439557000911117,0.0047674751814240305,5.294587080638572e-05,0.0048601440463465,3.032638512088456e-06
86.17327998321528,4.731461907015862,78.0825069678884,93.58267638550328,0.5961603622159566,1.1189169944799877,0.9204867291873493,0.2304625513455485,3.211779182392156,-0.08602194013217007,0.01177803900686086,0.0014324464543785233,0.0132077239251302,0.00010085224126148078,double-support landing phase,124.53169272166282,1.5606118967278162,121.24978049849712,126.36278843197422,-0.03540825142736882,-6.928133997236731,1.6056088673014033,-10.718888670528214,-4.413677403198324,0.2425081256665342,0.012156804727127168,0.00034879967537746143,0.0125732843869189,-3.943856836492358e-06,90.92432878477881,3.4402076135646955,85.13385107602095,96.8372293039473,-0.4501299318433212,6.016482504464522,3.8014134888048496,1.2589958836246744,12.155220999486929,-0.41908558137931745,0.011602404008160344,0.006361929640491446,0.0241284882052806,0.0006778273181266807
105.142445252949,1.9989987196711378,101.6098186488586,108.20057177204922,0.25349050473810036,1.7576304446082216,0.35823869284147664,1.230698055142782,2.343891956143091,0.014123589458091565,0.006665910385422116,0.0022070277517820445,0.0090203355149301,-0.00016360969484608464,Single-leg support phase,102.88761031809973,5.023623208174314,95.8562844547248,111.68951582611642,-0.6089704373612161,-1.0196342144837933,0.4507354188561834,-1.9180702217092591,-0.1022692442990288,0.0698384991311627,0.005804135612752861,0.002103965501262473,0.0080485225258042,-0.00015536104991136152,79.90329651686092,1.0298721743941528,78.08749696355954,81.52735588281222,-0.13230226612510274,-3.437997321112889,1.0993297654395742,-5.168768860733584,-1.3285695124930397,-0.14769997493232861,0.022508488178735207,0.0030587117120307117,0.0257801170964417,-0.00022445556833229616
108.17794283742174,1.6067630586342718,105.28356426525436,110.46384607250208,0.1992416079710663,2.33587200522981,0.4549414406109288,1.3979688991401853,3.068401402826822,0.06424740398794757,0.004676164041957289,0.0001274691447383635,0.0047835151087992,1.9372578729065376e-05,Single-leg support phase,95.79446611906737,3.3101644757872797,90.60130752602169,101.90058130484144,-0.43458745303152896,-0.13217628967458153,0.6294317577526386,-1.0607542116484363,0.6237022375459088,0.06242639929939797,0.004166173046147742,0.00026542725897706965,0.0045323605217144,4.003460007768076e-05,77.9971244892903,1.2425092370449065,75.90336768023455,79.91217788116546,-0.15418500772811192,-5.540574660997442,1.430265324888381,-8.39024012624417,-3.560050849589296,-0.18577651064057205,0.022461030282463854,0.0027407703053117572,0.0257208520309251,0.00022575578231253461
109.16123504600856,1.4101057868897449,105.02387101389408,110.50973261902026,-0.12965240814944132,3.0368870213788837,0.435141788659261,2.411135342723114,4.187018288039994,0.06830319020449536,0.0046024975803783535,5.3166823619785334e-05,0.0046754894270747,-4.901501078692291e-06,Single-leg support phase,90.71878105313687,2.6478710859893986,87.18176628244495,95.41335441692796,-0.3165995436339617,0.28418298312181106,0.2393978544742444,-0.0211417352088657,0.6237022375459088,-0.0011056415866308384,0.0044119302053676,6.063236824723173e-05,0.0045323605217144,-2.8111857917269212e-06,75.69880213527065,1.4833093020071926,73.0999371079552,77.9414674525048,-0.18621270555959987,-9.119305825309821,2.811196018624526,-14.308226592696904,-5.360832563718494,-0.3441305395760927,0.024857276980136032,0.00038196006724775704,0.0257208520309251,-4.776949705358084e-05
102.9047968957243,6.833753464061314,90.7472098935749,110.50973261902026,-0.7600970279017443,4.0432209147376295,0.8095831319438961,3.1206010786380114,5.252648592286135,0.022750644385702075,0.0045012724332416576,8.627932012637892e-05,0.0046379273706612,-9.109484152973055e-06,Single-leg support phase,87.69426920430298,1.0789799008227525,86.42453496580886,90.18115752027114,-0.07066049951883276,-0.24903124099675175,0.5510148051816182,-1.5681553267071138,0.5017243637897127,-0.07961075732680102,0.00412246308065173,0.00044657323790341704,0.0044657186232002,-3.125633050697691e-05,72.84291641214924,1.9587614493162036,68.95638432975908,75.72431044435852,-0.2603048505615172,-15.049836305499973,4.22661381854938,-23.01335363005741,-8.789683549510833,-0.547064233867176,0.020648188815535387,0.00547970202383761,0.0250089633972954,-0.0004283144272704385
73.2184054677948,1.8839718760645157,70.8989218459983,75.8599329293175,0.08343114065115032,0.16456809135531095,1.090626063286794,-1.147473120619174,2.232950244212845,0.12760877258450284,0.005224859113360989,0.0010343265423283477,0.0090633344178166,0.00018807128145336538,Swing phase,127.62327898139823,4.238212561711494,118.00874185667612,131.32998063821017,0.44261514514354106,3.186421888546887,1.480308228702581,-0.0238869777718489,5.144980060235674,-0.05354072425849155,0.010271966432726817,0.0009107980942076166,0.0116974515280692,0.00010187903710646924,67.89067018273353,5.826343394049672,57.21907150716926,78.37407074012121,0.8136538166519981,-27.07514278921345,10.491998933627638,-37.98520864700291,-6.5728689223498735,1.1910327430099659,0.004583222138054327,0.00011678715521598911,0.0048149532120018,3.805843949265394e-06
