roll_mean1,roll_std1,roll_min1,roll_max1,roll_growth_rate1,pitch_mean1,pitch_std1,pitch_min1,pitch_max1,pitch_growth_rate1,emg_mean1,emg_std1,emg_max1,emg_growth_rate1,label,roll_mean2,roll_std2,roll_min2,roll_max2,roll_growth_rate2,pitch_mean2,pitch_std2,pitch_min2,pitch_max2,pitch_growth_rate2,emg_mean2,emg_std2,emg_max2,emg_growth_rate2,roll_mean3,roll_std3,roll_min3,roll_max3,roll_growth_rate3,pitch_mean3,pitch_std3,pitch_min3,pitch_max3,pitch_growth_rate3,emg_mean3,emg_std3,emg_max3,emg_growth_rate3
111.05967169746998,2.0220411248260675,106.82973506041937,113.48535899258584,0.17988172789639129,16.32441284023452,0.5219521606025785,15.913123645251138,17.64982097825211,-0.03990504096405771,0.007984471807189635,0.0024504152251828295,0.0124849578967036,-0.00019360848965731622,Single-leg support phase,103.81449425518478,5.838377173904988,95.77012812817536,114.45587371185952,-0.5050201509103829,40.34073746593182,1.2707649835547814,38.38771763118928,42.15213697161306,-0.09726319397346751,0.010874826209552437,0.005608508351392056,0.0186946318168918,-0.0003944069157209,91.16548935528867,2.346079018092366,87.36828720508898,95.8119466522041,-0.22820701208419253,21.434030895016996,3.216449356860397,15.573586556165916,25.673306686017163,-0.27296540891489857,0.029953305011253695,0.00891887357437441,0.0433651993453237,-0.0005233303323499514
112.18235522303911,1.725971813292303,106.19427923442984,113.55265294548502,-0.14885252447230474,16.580719213089512,0.8074781543007723,15.913123645251138,18.88368291316631,0.0781591678226717,0.005861540741685631,0.0010568360094573407,0.0086946536745282,-5.5809393322240575e-05,Single-leg support phase,95.45157936585062,4.3013807218172,88.04887728271322,101.95773175131222,-0.3759149856378109,37.975041060894306,1.582879881588315,34.887033735625856,40.19049743585367,-0.14333685676291394,0.005438493559174089,0.0030312784031824576,0.0140417553788194,-0.00024216608858255404,87.11614919629871,2.602025648255419,82.47298335169793,91.46891361927402,-0.24313325047502934,15.105758489766753,4.477460886131044,6.729602889664027,21.99850456259367,-0.4126730181872877,0.023444172853475,0.004336605571682014,0.0345646907111546,-0.0003217741621468136
115.18037484346294,1.8323359472011915,111.53019471111963,117.93099475520089,0.17299459578597975,6.4461621177161845,0.6145409172496007,5.632855577440846,7.698435777726428,-0.024362301106324206,0.021758223774604898,0.013974187958112082,0.0373523121136482,-0.0008725394386123839,Single-leg support phase,113.78655288463119,6.089672700450221,105.68481106612938,123.4265499093624,-0.47950645522251373,20.472882967562825,0.2432525989583789,20.12749172617736,20.973962750079107,0.01603712888955371,0.007491288701243316,0.002968084521248456,0.0142767899060374,-0.0002506814729155919,96.63114363879777,2.1703150365433026,92.6285889195927,99.86715799180674,-0.194096475979321,7.926942060234657,1.6976002004562403,4.462164857898325,10.529057503389655,-0.16397007149976567,0.021168880732733982,0.0063060663218287944,0.0296213468826586,-0.00021333403872750804
117.53016913634235,1.0139652125272063,115.54257516063426,118.53281524238947,0.07320061030224481,6.991706586977008,0.8712172327583276,5.717888523077078,9.049222427492252,0.09003605147068038,0.007495275954496785,0.006411465129990864,0.0332853161982014,-0.000757397881089946,Single-leg support phase,105.20806207679168,3.9366981802486594,98.50513718384398,111.80200313911494,-0.3593747555478638,20.430705339637534,0.4278549299091204,19.43384136713489,20.973962750079107,-0.023351025232598948,0.005123100948596541,0.0008595323503538594,0.0086290485061109,-0.00010202728224278649,92.77486324452617,2.611589397654539,88.58810157589929,97.09884490228468,-0.23002008990230796,4.331405854622397,2.7132387579938024,-0.8757132908839159,8.260250625018445,-0.24691794367303677,0.019160276563940832,0.004665974831068184,0.0254302663060854,-3.0175344645270247e-05
115.39590257660798,4.588679694615581,103.51052082713444,118.53281524238947,-0.38974253859639035,9.22517806050125,1.9936913442721138,6.7970306367924325,13.008640671959704,0.16788135230181814,0.00538427559016,0.00032173631649478875,0.0060290508401783,2.2558662439794615e-05,Single-leg support phase,99.27442040469876,3.2448723160934962,95.4472319915634,105.68481106612938,-0.27509856079082107,19.2762329767105,1.247027168183205,16.99727810309167,20.973962750079107,-0.10747796343209289,0.004830830065438578,0.0001761626657323843,0.0050015754081605,-1.1646204012645939e-05,88.74843110705328,2.2265710502863785,85.24030982615574,92.6285889195927,-0.19968321874153955,-1.375011131710225,4.195392244752948,-9.555463907813516,4.462164857898325,-0.3788548315057254,0.02285989823292072,0.0012529429304594705,0.0244799027711265,2.6729481552113517e-05
86.82286909264116,1.9225911798671693,82.84508453065624,88.80061235243048,0.12306450811237554,5.778845905039029,1.1655786088141158,2.3617597112862687,7.115371199248901,-0.1284759861611522,0.008365460640366144,0.00048470103220268576,0.0095936394393955,2.5365217966743262e-05,Swing phase,136.47392327526282,3.0702521256365713,128.5498496258415,140.33702160174593,0.1263270906917148,11.617590756019775,4.134787303695152,3.954157257447709,16.644081556585576,-0.34297092700372617,0.012756037923015896,0.001124438890036475,0.0150697946152233,6.589816401255678e-05,92.0077660794997,8.738830775140354,78.15367097027391,108.84839791850295,0.8295872148170013,-9.632382378925069,15.195213214238738,-30.835876325605607,13.817896163233677,1.2068587159145752,0.009477038156642126,0.0008562762127873279,0.0114302186751522,4.640841997271078e-05
108.63269368865463,3.2177035464507315,101.9641244379438,112.83522093456811,0.2938134188276843,-0.9132240984279629,0.09404839827725649,-1.095149630717445,-0.7287068668958339,0.0007237930821146616,0.026789829987845508,0.01169999001127992,0.0382960236364769,-0.0008511057263921107,Single-leg support phase,124.16192172291045,6.4043862937529425,113.73541020207412,134.62777672637182,-0.5646585547107487,8.712766891791244,1.419800373610066,4.802609772601543,10.452564348425154,0.15270147502225975,0.015576780619535569,0.0049021760161013376,0.0216048769484939,-0.0004303294930914433,94.84867975602036,2.696544798353213,90.75826852195836,99.94450054007106,-0.2482765410300731,2.3332201592288286,1.3273391573933844,0.3444818051591262,4.598352160014951,-0.1133900907195748,0.020780799629980834,0.0017621987253938231,0.0219371412554333,-6.270962761977291e-05
112.78645498055603,1.8811853962522236,109.2145845873551,115.55382391439528,0.17133079262270745,-0.6866412752431966,0.3084826732464651,-1.095149630717445,-0.2839970199207418,0.015871173509756302,0.01160273353170677,0.006786286323997366,0.0208047327345001,-0.00029577803443608106,Single-leg support phase,114.37248546163542,5.434099802581652,106.0753003948146,124.5367817504801,-0.498958955558527,10.251457148179759,0.6347285694420606,8.816700123051334,11.071132216930394,0.0609305971318665,0.00863538070130121,0.004603581537431485,0.0145753455049311,-0.0002483805371090217,90.84963094717266,2.148152477874689,87.28867116261209,94.40571839828269,-0.19235262799109723,0.20866274230661927,1.2518466949421754,-2.286313560556506,2.122755288365049,-0.1191640229438258,0.01973093644921286,0.0022511560918504515,0.0219371412554333,-3.7733952729402694e-05
114.8854780587563,0.9061664860786608,112.83522093456811,115.8492880608007,0.0377126506855386,0.2902227213283579,0.9629932532797721,-0.7287068668958339,2.6049494590013893,0.09009881961884388,0.006257913588798389,0.0003778531035757749,0.0068532682282562,-2.4960925983475676e-05,Single-leg support phase,106.34894542120762,4.215017725767304,100.28215648967462,113.73541020207412,-0.363601451686473,10.883651132822687,0.20436986847766994,10.452564348425154,11.09769915331808,0.01171097417152102,0.004945363469836352,0.00044549691804589986,0.0056928141745057,-2.652370867674323e-05,87.16514741141295,2.281710762528813,83.30862227876578,90.75826852195836,-0.20134179035655608,-3.0336499653157056,2.6819827586815883,-8.325215405451278,0.3444818051591262,-0.23431614082730823,0.020713277634192756,0.0026156839843732567,0.0244018453870718,0.00018184305697524597
110.79537279150743,6.192758199787388,97.1119025068277,115.8492880608007,-0.49843030831263724,3.035043843401514,2.4985821828454173,-0.3030171084468339,6.900318313950984,0.18823038140567896,0.006337428136230442,0.0004644580779976941,0.0072451156493338,2.3723713145932427e-05,Single-leg support phase,101.163220310975,2.1529231431733953,98.84740592507892,106.0753003948146,-0.14410837171099208,10.659833388966067,0.48199400071102383,9.644149339943633,11.09769915331808,-0.038567104783425975,0.0048035786738820615,0.0001381165357868162,0.0050154126408254,8.12841900068649e-06,83.56054180545384,2.0887902536973764,80.20720077895392,87.28867116261209,-0.19139109145022085,-8.855585247703074,4.518087429369576,-18.41060499130716,-2.286313560556506,-0.43579166029055816,0.022090650779076165,0.0014957841946035776,0.0244018453870718,1.3245587385194574e-05
85.30321030351215,0.44351650463566133,84.17171573192567,86.01963671414562,0.03386303092642875,-2.2895422534794823,1.0685221509343366,-4.714040242499369,-0.5397199979768763,-0.11281946606817547,0.03881121423976118,0.009230044206507452,0.0489332763156379,-0.0005819481148045974,Swing phase,136.685657086214,3.6945517196791036,130.19741028066423,141.4553784989632,-0.20291900542499156,-4.828296226837918,7.243399115912273,-15.701535055191194,4.562173171420853,-0.5476677899084337,0.020514583167412413,0.0027453742776321903,0.0229182211946102,0.00018167455523631883,89.67759855457793,8.604689063504775,75.57086389511343,101.26885947948765,0.694540421199303,-22.249276900392754,12.234699558171366,-41.16199111209555,-5.189490533805271,0.9722297453591967,0.01004949128652907,0.0008816623662786158,0.0110278917665998,4.218423519900541e-05
102.72859797596753,1.4287696421877452,100.2354538084437,104.5964042207144,0.11786352465596515,-2.547354842994606,0.9772952125083397,-4.031791245433573,-1.06819697507244,0.08009714244219279,0.018121638584181577,0.0038550460298251896,0.0243976017757582,-0.00023639055145960536,Single-leg support phase,104.27549399490326,5.058763262207761,96.77493579190678,113.4732239720017,-0.4513050859485114,-14.24249709662387,1.1251142026705994,-16.06803278079293,-12.053893808353427,0.10849024249836492,0.018616538177424757,0.0026799776290154704,0.0219581071888797,-0.00017809411519694327,83.56485360450903,1.0510252395395399,81.66733417231787,85.46997758227816,-0.10277414621514315,-13.594887584678908,0.4541367376962828,-14.691019938773756,-12.977952192717993,-0.04593494412562303,0.044575000882782885,0.0029274600396632464,0.0487826821075909,-2.0136219816554212e-05
104.51020102703872,0.65407519824628,103.19785153681228,105.31856868058624,0.0488711855938022,-0.910213359289938,0.9600180727008825,-2.490319885419482,0.6997824130803258,0.08621898104053535,0.015722452013444292,0.0004216207219018303,0.0161894515359087,-7.337917267777028e-05,Single-leg support phase,97.02819644332853,3.6036528662098193,91.5632160574982,103.47178225415756,-0.3218531404502531,-12.121745136136955,1.4879054415289277,-14.421733338523994,-9.618246791051382,0.12982396074250305,0.013730816647801868,0.00345173856248415,0.0193632776743289,-0.00035122767540288647,81.694535199829,1.2609902117670757,79.58100065992954,83.66052167804088,-0.11025732481381989,-14.86727021046998,1.1875960164761832,-17.521496027741037,-13.42570007866194,-0.11069718781294857,0.040758904193214276,0.0041184567752805355,0.0481062516521995,-0.0004673264163360486
103.07852671570667,3.0304734742592236,94.91807091944357,105.31856868058624,-0.2615765757100227,0.6784729040939476,1.061954242260656,-1.06819697507244,2.8896650487422395,0.10696924388688323,0.014540235667350594,0.001365547978773436,0.0158002963108788,-0.00011245476645143517,Single-leg support phase,91.90210935668105,2.507585910750539,89.0092279865156,96.77493579190678,-0.20452538668339756,-10.023782975260833,1.057041710848439,-12.053893808353427,-8.728949944523066,0.08986334767109085,0.009078506895054484,0.0024032751081754697,0.0153686249265928,-0.00019135552267035945,79.34701934374046,1.5445324186188722,76.6189443312753,81.66733417231787,-0.13644296867682604,-18.051743789046174,2.7349244670527635,-23.764764734918703,-14.691019938773756,-0.24523634584175533,0.033609144536741055,0.005941411973976375,0.0421005165554655,-0.0006372042154796486
100.2653743569182,2.8309828301640922,95.35260772450066,104.98362809933298,0.260297847968441,-3.688928201304196,0.22294919266999091,-4.055767838982528,-3.3495298625115786,-0.0020778742368367893,0.01035321079751364,0.003449404295027176,0.0165547991080592,-0.00028505315750035944,Single-leg support phase,98.53086624887115,5.54764088564156,90.83029252897924,108.28931834809192,-0.47186556267872115,-1.22930994721345,1.0808604683074967,-3.3044142283945166,0.9305029273895764,0.11445722042659709,0.0061545989994047645,0.0016478954126537147,0.0107637559816547,-0.00015219942651026487,72.40025068444469,1.745268551719555,69.67661872258088,75.60640883035664,-0.16026459750745295,-0.5947297353589615,1.2507489722283691,-2.853488952353933,1.5422755245641344,-0.11880444532210993,0.014623295997384853,0.00624968176123708,0.0311699446288025,0.0003777794855001081
104.14241317287772,2.019369425150229,100.02904714034632,106.37152641971484,0.12831309619685777,-3.327220477850834,0.5911748745229112,-4.055767838982528,-2.093178922861488,0.049618938698445865,0.0065572396481896715,0.000991251321961621,0.0079177860446885,-4.399136012161351e-05,Single-leg support phase,91.02380891229473,3.432006671749146,86.13351404797484,97.67911628730212,-0.3120433037656022,0.35392311041325974,1.0424617250092807,-1.6313659253977002,1.322796023126661,0.07984221482498274,0.00528663929473818,0.00015135739263049227,0.0055189003736101,4.983312489908106e-06,69.53985901251522,1.695938687417698,66.65765422468881,72.24556825101538,-0.1510247034142317,-3.4848020461276743,2.372946972800358,-8.579785012636872,-0.5325114471736847,-0.21749388014765372,0.023009419365699668,0.008290456827135771,0.0311699446288025,0.0004470920087398946
99.21835448206484,2.9873301415012725,93.43345050147246,103.61321709108708,0.275128826746341,-8.243872261699487,0.4925312079841828,-8.85266541459982,-7.397642272413066,9.34851263017376e-05,0.03183500450945823,0.013304378785920945,0.0445715148388685,-0.0009267766158277811,Single-leg support phase,105.89659486123499,4.710231497234473,98.083407623011,113.8117687562389,-0.42509084143859205,4.885556159133596,0.6201045596963887,3.255040138732617,5.646744805329608,0.04300600514662402,0.023958598638409614,0.010004376499426058,0.0350899514813513,-0.000773886321103046,72.08667537083161,1.6320678416055958,69.70024488884076,75.40323963850284,-0.15413499323411034,2.7007299291572164,2.7168406091092487,-1.987982294707059,6.746255399603427,-0.23606047822460774,0.011128259308914784,0.002879387956043429,0.0165773715470696,3.5121958185962125e-05
102.93180587492412,1.675410522132444,99.42866176426324,104.68174720662893,0.1297810903415643,-7.096408822023898,1.3307759704596414,-8.82793257489417,-4.402798584644038,0.11959821595270628,0.01551038246518449,0.009797140971555509,0.0296708880925066,-0.0005746866922513757,Single-leg support phase,98.66809236591126,4.169924719188196,92.62726811451073,106.51781056192844,-0.37542006614642476,5.11449256027195,0.2660983425086249,4.806084937549286,5.646744805329608,-0.022527346044027972,0.011434300572899223,0.008533640685327502,0.0236576617013988,-0.000499234497377373,69.69621706750823,1.3027196020455434,67.3626284906116,71.82848874278783,-0.12069892573449263,-2.117291518197459,3.0620907468765117,-7.760248033178975,2.819431382392725,-0.28593728150193787,0.014131094510196514,0.004570224146228214,0.0201478201997699,0.0003138078773709379
76.68365827233808,1.3761206142200315,74.84419889057308,80.72291719402257,0.1588842784716078,-0.29633983916975554,0.815916098471411,-2.895951043565103,0.6421510262127264,-0.0914336731578883,0.00620756063370344,0.0007056221314102817,0.007232331349593,4.698728291591081e-05,Swing phase,127.79978442727082,1.9726352756596106,123.69109664349746,129.98169437697277,-0.03993901189311511,2.3492845038875365,1.8217749737128843,-0.2127824716181438,5.123306876156224,-0.05083224709488648,0.012706205046957093,0.0037842034684081164,0.0198600304399834,0.00018575414657677564,77.97934954613282,5.60310391652496,70.44121676579523,88.17309960164324,0.345863701819519,-10.416353472034137,15.87276450977646,-37.90838699636179,13.05140421600735,1.377291654388355,0.020581038014257903,0.004574984415163261,0.0252521655446534,-0.00029423855278872435
101.05455327019868,3.871578859152544,93.86425134814982,106.55301956599568,0.34293968156340165,-5.843824545787981,0.2543540447905697,-6.204316717801961,-5.226316459369447,0.011028948125525167,0.032784120161947435,0.012325553243391565,0.0454677401871303,-0.0008366178198122135,Single-leg support phase,109.43250817417982,5.495524331867724,100.09072052075626,118.30749181288904,-0.4923451700576426,5.7497184291466805,1.5996131410439391,1.7408053407802806,7.26923258696449,0.14706532904306907,0.02034690286462232,0.006342895190788287,0.0267078674970086,-0.00042131145608548915,75.73913574023035,1.7928931131389243,73.32133739027255,79.31914859500007,-0.1621030055331764,0.5655688959223895,2.8760133616312116,-4.326717019183045,5.13164023083064,-0.25563127702739685,0.028452188995561022,0.003365009557745907,0.0329640809990168,0.00021026711996899447
106.18832731171894,2.329028597398569,101.53700552065116,109.101780297883,0.2044533723576171,-4.985192443980051,0.9626024854543782,-6.041530081224272,-2.9513957354026465,0.08351714448166554,0.016811375483851723,0.010464791618129188,0.0329624142792032,-0.000717415234594535,Single-leg support phase,100.55523101283357,5.187229797365098,92.79578148517776,109.74996575511278,-0.4582211964847305,6.93220173024147,0.29442716220315707,6.3013574930415786,7.26923258696449,0.005587868446948699,0.012141286528537139,0.005511395852134531,0.0206694260321592,-0.00037906741666822707,73.19280725576223,1.3490962688766988,70.56115014248289,75.33411243645074,-0.12899898091805,-4.5000673809561755,3.1800515933852673,-10.00595039421008,0.4168933462038555,-0.2816984794706469,0.034861831188676216,0.005504636186506623,0.0441324519278313,0.00035013848691730547
106.97583141620203,2.707969628233584,98.82798602107506,109.12922436418576,-0.20878469040326,-2.796267411297487,1.7431811993904414,-5.226316459369447,0.8955457995844541,0.16545573672848382,0.007515606508766196,0.0037380712188466022,0.0145128808540784,-0.0002452672145650811,Single-leg support phase,93.30400246678758,3.5458379970498406,88.72636225603625,100.09072052075626,-0.3071448179654057,6.433736742382897,0.6340580357710567,4.809387714912591,7.182762319321102,-0.06413067028273635,0.007097756110974117,0.0020920065092769565,0.0109381130266443,-0.00017482385941715948,70.34489948225072,2.0839134621864606,66.68128742284618,73.32133739027255,-0.17946080993044228,-10.641259491387833,4.317305972108054,-19.376562877897097,-4.326717019183045,-0.40675259077605547,0.03886141118725342,0.004821531398830851,0.0441324519278313,-0.00025028770486461885
76.27780132921475,1.8742563252112092,73.77040077296635,79.23373891500857,0.13747739455877003,-2.0737400664282073,1.1883867631088902,-5.048056660485398,-0.7555438642033893,-0.0455894024230896,0.006869230143801422,0.001992148786843273,0.0100755410666505,0.00010314333560513511,Swing phase,126.42175829706088,3.205707455720199,117.962229936063,129.50892816569828,0.19428683772270236,3.7614760341460958,3.439938723778491,-1.6986304557333378,8.018862603369517,-0.16950942926661988,0.010518562980998151,0.0022497938612443744,0.0139056730783983,0.00014568845680563246,76.12318607242828,7.124903929876368,62.210143096866894,88.38423156530486,0.7074077964442693,-20.189670362740248,17.635820683356066,-41.63727089218492,9.34065084509635,1.3758271612686108,0.02365861299642284,0.0029387862877593702,0.0270359885297846,-0.00010228957286310264
103.98446776048857,2.572944934314453,99.84507314241436,107.96540616871457,0.21946846017027571,-10.29445012245904,0.29734423290621964,-10.648446637262152,-9.716028046279336,0.010610301393981222,0.00856067810261972,0.00448781270888633,0.0169606303715405,-0.0003066410461914811,Single-leg support phase,101.99499024876026,4.80263686651625,95.27279179923282,111.12579883585435,-0.4284596496384198,10.242714049301094,0.6317769173722794,8.799450884490826,11.012672031668474,0.059394946772871084,0.005484201290459398,0.0016255000808743864,0.0085768893230409,-0.0001082816675710811,73.28502270064575,1.8894403497569672,70.12976900666487,76.69582015525151,-0.17746084185369293,1.1160689628728564,1.7464443111167685,-2.26335134383124,3.8843146088052007,-0.16615313385503894,0.026886727746620657,0.002863727635985684,0.0320008051868839,-0.0002063121712371242
107.66990537087216,1.8368405101073855,104.0122168081782,110.21110812781302,0.16753760323337366,-9.433641797011788,0.910905904851542,-10.484528666445865,-7.160068385432853,0.08985027786521654,0.005550973320387545,0.0007158493065055754,0.0070377667221844,-5.9274336847718916e-05,Single-leg support phase,95.25097646101544,3.298631238815444,90.28641499710918,101.08492410814848,-0.291851597595657,10.623430346946083,0.2755883140490525,10.203984619832593,11.012672031668474,-0.005090820085945882,0.004751794392422917,0.00015913523403512136,0.0049737425381026,1.5483300533675718e-06,70.14758182189503,1.9030688267247564,66.97126982962286,73.23518240541455,-0.16929493448085656,-2.4140771727008152,2.5210670545471796,-6.8465111012047615,1.3423985958541744,-0.22132188370429556,0.02270600011240962,0.0028815312126032797,0.0265294295134009,-0.0002613440934484675
107.30007308899293,3.3875580186460894,98.3384183525874,110.26494053204588,-0.2601888598953289,-6.496850750946851,2.8674397598398476,-9.716028046279336,-1.0362275993044137,0.23458920126959246,0.005015227448033755,0.00019861270786928058,0.0056149116624557,-1.1350050986416211e-05,Single-leg support phase,90.65130592678736,2.2553315603250135,88.09739207975792,95.27279179923282,-0.19102096798056553,10.135378935033883,0.4967821400195832,9.246164446038696,10.997063915087056,-0.04732160727157729,0.004895558057823752,0.0001377920126680562,0.0052122061106248,1.531532101252702e-05,66.8925844636375,1.9955587851186312,63.510461331417126,70.12976900666487,-0.1789002074391283,-7.466503842713884,3.6055116584206686,-14.886907344221576,-2.26335134383124,-0.34117718919973883,0.017592812839244798,0.004309609397692076,0.0243672548511103,-0.0004114070042844784
78.83641145574613,2.6147703831010785,74.96321956968869,81.99764970042241,0.18734021757658575,-0.16673483579140466,0.41922475514928664,-1.2931085745138473,0.4346479058055686,-0.028985254883469133,0.0064732547211854286,0.0015158812302604123,0.010802910644993,0.00013642329409092971,Swing phase,125.56506210200358,2.507461778347467,119.63817444628,128.56569235973063,0.05305415870414918,6.6716172429982805,2.775166383439779,2.951216715774946,10.270290130841566,-0.13478917174199492,0.009499637484637358,0.001928316321417938,0.0133089381316297,0.00015253832955366758,72.32016192748033,8.03556451403917,58.02723063649533,86.73991529466669,0.7760185042749015,-18.125368132272737,17.32378359395379,-39.57108747502203,11.902268719006374,1.3880856614439583,0.01766499685250607,0.0033225141539477408,0.02026912133882,4.9726672859067574e-05
107.0130942919828,2.613589477980052,102.5637399313448,110.70568221823112,0.2200524942401708,-4.166976540897662,0.6237024241237962,-4.899530279750739,-3.138261600614608,0.04554330710398495,0.006180014150488281,0.0020525111538714294,0.0139111694906113,-0.00025453137887910003,Single-leg support phase,97.21520948430444,4.103891297047959,90.84146774447676,105.33813239376067,-0.39180174727794365,7.666876498999188,0.16314337503421075,7.453658198787216,7.94672781432521,-0.007362603833508871,0.00474798991214966,0.0007470018771408156,0.0073386301633263,-8.701434236638107e-05,76.4782938935257,1.7233385167982527,73.58078933717351,79.21322190194377,-0.15222790715595283,1.0034339247236768,2.501311390899806,-3.568642803010056,4.7741703558619335,-0.22548143672626997,0.018031280883187183,0.00322422386008459,0.0256960299157469,0.00029131916245281623
109.32416624173466,1.6654940228857118,104.47961245493656,111.09988214253032,-0.07191648016394706,-2.6753323824248882,1.242504899155683,-4.191224311772952,0.5429853406341301,0.12795161222721846,0.004954198334685093,0.0004401415449614333,0.00570061687813,1.0506064174208112e-05,Single-leg support phase,91.17320185631829,3.2351476143075684,86.58088346302847,96.68635338450744,-0.2731208086886208,7.3626189805825595,0.3899925989299501,6.654302623539748,7.84484219091409,-0.021608434463716332,0.004280933264934337,0.00019903030706663568,0.0046992088949396,1.1886555890648655e-05,73.51622958621853,1.8453157287554331,70.3623046703908,76.54139588087409,-0.1670024651481971,-4.063356148019528,3.6065351102949537,-10.848372385736289,1.121453524566072,-0.3235088083865503,0.022003968627213506,0.00310818033064143,0.0256960299157469,8.875535738911347e-05
77.08277387722794,2.2017143704962887,74.2380453032903,80.11886216164135,0.07258451460943341,1.2594606897759553,0.5708825719858397,0.4187719014231106,2.289215904988943,0.019262945981322013,0.005605919515655178,0.0007641969570110896,0.0073073311813464,-1.096728777762702e-05,Swing phase,125.74966944823458,4.451820649315196,114.41286456260924,130.2180311611684,0.2771820693819253,4.026557614234045,2.5136188006460234,-1.378392363695278,6.681270272679448,-0.1471891099667572,0.009802148426008427,0.0003830397770277705,0.0100811695905756,3.074121435468378e-05,71.5801855366137,9.116674172906368,54.988482116419405,86.63487528685796,0.8553079235253664,-26.32469431667115,13.353577757741215,-39.34890712063466,-0.0617535215293174,1.0283859328612444,0.02271383343678214,0.003297129774500817,0.0258397688791215,0.0002239474793885216
106.39449172176049,2.5640602015043927,101.84349554293092,110.39448439367456,0.23110780677685502,-2.6860124262511387,0.4578136941992031,-3.166693599757284,-1.7995406985168498,0.022961228517889575,0.01043247019899062,0.005317602163378505,0.0166294788485781,-0.00027763822767348106,Single-leg support phase,99.713031327254,5.747155823275951,91.75516693303538,109.91550651504475,-0.49081998870295596,4.978956775998826,0.3418114176813851,4.0477709526330905,5.709952553928748,0.044923827062044785,0.00796370111243236,0.002824481582246498,0.0112116053692737,-0.00015717346395325408,78.11713161435345,1.6505616828743663,75.29539293484889,81.12852346543326,-0.15765217650228028,-2.2265244737509624,2.4411302411732967,-5.989934677834764,2.17560224871568,-0.22069018720406608,0.01919312647611763,0.002515035589197304,0.0216514860164459,-5.798350029235137e-05
109.70879788626202,1.56443293964695,106.4243975952528,111.46767497582246,0.09423039735846746,-1.515595031891069,1.1631927835404374,-3.090904111491402,0.7574651827917204,0.10400998092657088,0.005425371938396428,0.0008130944995881736,0.006634870001279,-4.510053544705406e-05,Single-leg support phase,92.00053331476097,3.565997695121012,86.80192886200918,98.86018266365544,-0.32589875139584484,5.382499347563279,0.3599538527587183,4.856190269414862,5.919872098313835,0.011372089579824546,0.005139570609590455,0.0008431786374809501,0.0063672503034686,-3.9776685519416216e-05,75.18765695876739,1.892981835723902,71.80205387851579,78.0995751533295,-0.1702032776976677,-6.5156645401873625,2.7852161209148716,-12.017507341869251,-2.2929725942675003,-0.262825263448696,0.018964346053740543,0.0020344476668480932,0.0215948118390894,0.00014109733089704863
104.92232561291607,3.145771496553448,99.46173784720268,109.94155182478131,0.2832382156102332,-3.7162240676852543,0.3399927470340014,-4.049244106863768,-2.8720154966874545,-0.011785770342377143,0.010671199016055706,0.004814789044876582,0.0167747937881398,-0.00028620243813923246,Single-leg support phase,102.97506773431259,5.6349104226285665,94.4673202910734,112.97884638411752,-0.5003115160282192,5.030104472640234,0.7854367264427714,3.19809587226369,5.974994114594274,0.07505130384677254,0.006840686287001943,0.0010527635562820256,0.0080034020662843,-6.889861558252163e-05,78.42156073082316,2.070641575915152,75.07051330247717,82.18960597962653,-0.19240791019322617,0.9187184320067006,2.2628836741612472,-3.194508176295047,3.99874545494238,-0.19441226030371425,0.01297509140436907,0.001352337387879203,0.0154710612918863,9.058540216613514e-05
109.62057794543968,2.4605612196891427,105.04728573138364,112.72162199010452,0.2062556438514618,-3.207003845018135,0.7736353526944276,-4.049244106863768,-1.6296850599879678,0.0650309371997283,0.006419351059184582,0.0008677216553030187,0.0078286189797459,-5.452824103544054e-05,Single-leg support phase,94.82430771283478,4.15512699643313,88.53687808052753,102.56159810489558,-0.37904648714508243,5.90810759162075,0.40612882990581045,5.348349843974384,6.4151195279464535,0.02609946033225837,0.00601840825554161,0.0005992635297904817,0.0067337236429412,-1.3551081815351341e-05,74.99858295667357,2.065767224469807,71.4270947440421,78.27044452528135,-0.18495539949295284,-3.220559607550321,2.7369535295188667,-8.137993194565977,1.1673257887815134,-0.2514951076580403,0.018373811485891532,0.005836767867256507,0.0274411310542423,0.00034773413021921084
109.41740021670282,4.115199936620412,98.12189238376163,112.72162199010452,-0.3194502551626941,-1.383228701253064,1.5734502428876727,-3.308088999355409,1.6508188560885535,0.13402453663362063,0.005892695034035751,0.00013211137238919025,0.0060866545972401,-6.494782013602687e-06,Single-leg support phase,89.01738037482353,2.8626103811058097,85.47534046532684,94.4673202910734,-0.2418408306051042,6.297692540114677,0.162936581502536,5.919217715430575,6.505063409677114,-0.0015074702476675474,0.006800084812139692,0.002967383755516866,0.0240898183146772,0.0005071472542928243,71.4326017313763,2.2123691234595775,67.57846637680548,75.07051330247717,-0.20248775474788344,-8.814963975360351,4.083364456132637,-17.128276696421295,-3.194508176295047,-0.3765883383817905,0.02375533779660886,0.004302806051957294,0.0274411310542423,-6.229678017083782e-06
72.7899853042025,6.08015371816299,64.49578020083139,80.54044268327812,0.42297675263789053,2.768899657293096,0.7673269334268007,1.287565327427548,4.239397197054274,-0.014438060983948958,0.021837588618957984,0.0021981435581894075,0.0232833533809593,0.0001508301276290729,Swing phase,135.75895724251396,3.983721266385398,128.14795231997712,141.0827068515087,0.03199025690852633,2.797403425214675,2.8803835511645324,-2.4506385795253003,6.222681068365709,-0.23441404453759485,0.020005558803841205,0.0029204401386206916,0.0225160038557989,0.00020103970589577304,72.63838381338653,10.407227900516363,56.14721570412371,93.10552798399084,0.9988733048612738,-20.070202713614357,16.605358651314877,-41.4054439638452,8.98706706099591,1.3399866417060033,0.01177098421059504,0.00037135992529979824,0.0121586412316799,-1.1200734080024306e-05
107.05296291830271,2.0638283194061438,103.48692421450968,109.86489071101636,0.17237747287855873,-2.151983324388926,0.47329718477703786,-2.723049349452778,-1.2034562473307342,0.041070083841136314,0.01958635247939559,0.004065548674540567,0.0268022362905671,-0.0002887424414387189,Single-leg support phase,99.98467327408457,4.407340471831587,93.28407519934228,108.70123262130066,-0.41667993032319944,4.657995642479275,0.5552275881153653,3.910953628375871,5.359294437598119,0.03379937382872064,0.006666055642085497,0.0025968128846321635,0.0115250425031143,-0.0001755465773060081,78.95433112996308,1.9013527019207659,75.70834685722139,82.06725500686038,-0.17186238242267546,-2.0501712601761843,2.7766212700981407,-6.99788578318936,2.199313075977244,-0.24857294213963796,0.02552501995674408,0.004883182677417938,0.0320941291097938,8.892175549448648e-05
107.57765585219803,2.880646806001326,99.0091065591986,109.88502653518636,-0.2230794622677794,-0.9432302816032209,1.1619083341729932,-2.2958161784765334,1.9583790985124088,0.11497825072943087,0.0154811500830013,0.0018819565111464623,0.0194059540117677,-9.369442042300547e-05,Single-leg support phase,93.89244048126282,3.1117737495875257,90.03644975509921,99.83278974154892,-0.26408075931062525,5.270256518473089,0.22509036150395187,4.727387480368368,5.611071441509624,0.007140008150161425,0.008766600433446741,0.009312237526090339,0.0408669201593484,0.0008278603320713865,75.70217663207364,2.0412587444646597,71.97771757306687,78.97978262440922,-0.18924500138763126,-7.764811839252929,4.173898604290602,-16.128648197513293,-1.958171071422073,-0.3829858682727357,0.030207261576715216,0.004203047688192693,0.0337414885895631,0.00021915155185731614
70.97125992297855,7.190656776733039,63.06579555484902,81.08039440565001,0.44923980157216076,1.2403548758761362,1.2698471468346273,-0.9376466908414016,3.1085504018442385,0.07379549063564608,0.03617046810354997,0.00453661884190316,0.0405233045102126,-0.00036489087027124335,Swing phase,139.08037850462617,5.353691467389885,126.0845501862032,145.1943583584815,0.24159792403051983,4.865325096699853,2.593959850985776,-0.9149311437959122,8.230839624631145,-0.13347347912160565,0.03555115615850218,0.007556446053766038,0.0478844337958632,-0.00023434652218723504,67.17012089806998,10.101332215718768,50.62493432057217,87.6369870573168,1.0003257496417468,-26.840274091980408,13.861087366718635,-43.922664618362816,-0.3921741638232536,1.011294011702746,0.01715063554573729,0.0007645521017858584,0.0181974290428389,3.2342188530743246e-05
107.20062495897012,2.2435040250196177,103.15974605657256,110.1233907545576,0.1882066134590553,-1.714210585956301,0.22421517735283952,-2.099318394209192,-1.4082648545386145,0.004413305008451625,0.020936331924836515,0.0007955151007679262,0.0218159293044795,-4.600605703024867e-05,Single-leg support phase,101.40160141883139,5.831894132771796,93.94200078623264,112.66828833835626,-0.5061158797871249,3.6341772279516125,0.46751491474273627,3.104920652307959,4.655884926325418,0.0419179533518232,0.020701070044903673,0.0016530939120567175,0.0226141839238794,0.00010372576731897834,80.20001937991964,1.5362447712683722,77.36572986325145,82.73325472106094,-0.14506823940025673,-4.097126452375036,1.894723426730996,-7.745368475128053,-0.8509473408656443,-0.18633570633141644,0.02469919913195825,0.0024822415596840986,0.0312485504911622,0.00025572953818731086
108.62147181235302,1.9425923336427444,102.26862728534576,110.1972932888752,-0.13848575565226282,-1.0866880969746688,0.6952832143388772,-1.7697340350585775,0.9758326753537904,0.07420450568682076,0.020038477378278262,0.002131427874203659,0.0218159293044795,-0.00012406848279251893,Single-leg support phase,94.01633315156765,3.0446828139224142,89.98216688451222,99.71479834725552,-0.26304409358765674,4.430025490060209,0.6122713552945983,3.2664900249457385,5.131567265736244,0.05040749299433799,0.021703126087786177,0.0008873455948912792,0.0226141839238794,4.472140965405374e-06,77.06938660555947,2.2491072714114817,73.01845059661625,80.2924452345201,-0.19659444967307715,-8.358458126467344,3.294866877045799,-14.77649481173543,-4.022328958120379,-0.29065313117878516,0.028338614550062854,0.0022571701463330557,0.0312485504911622,0.00013769406519225668
72.85806075017823,3.2142842243125345,68.96588216776077,79.47620028091339,0.24845083875597948,0.647622581179083,0.7715500929865134,-0.7293054729019267,2.0396389624831226,-0.01362534043635693,0.018357920267690776,0.0015221339458871088,0.0193980228916507,6.320513224510541e-05,Swing phase,133.12624616995154,3.9204429909469294,122.87754767688304,136.80197195789515,0.2696516062408152,0.7401673320836666,4.180976673960135,-4.693437681363703,6.336567534246907,-0.2510060622068705,0.02821062176297478,0.003303109956733978,0.0309081622910076,-0.00023386232096091075,72.59925201408181,9.1251237794942,54.31648201383454,85.50653835612836,0.8429744957376709,-23.872005085024394,14.377800989892187,-40.443354033103255,2.0556286748377666,1.045943106515465,0.02318118503050947,0.0014428050537855493,0.024726212355584,-9.164045231754323e-05
99.72755983614984,1.5912945731315673,96.80076994620536,102.03138117671288,0.14136787109479784,-10.963908555583437,0.4759881435900061,-11.385056998001316,-9.652917784590755,-0.041723623801656534,0.02113902730790787,0.00868200399884511,0.0415778712424442,-0.0007593917092790243,Single-leg support phase,108.75710151769567,3.9272219749102666,103.09071169935498,115.2749613684192,-0.3293040451098436,11.941103364295028,1.2493290725009287,9.313844424945078,13.597409486240783,0.11577202868366772,0.016203937193631206,0.0015677481956461368,0.0201111513387849,-6.850733207345135e-05,75.26693155618926,1.651688083451337,72.7090779959604,78.20691221972798,-0.14859011415588064,5.638332867316792,1.5718835217536642,2.835605358529257,7.905963729747499,-0.13703671273562815,0.02972650032729475,0.00581182930742233,0.0425500619575392,0.00046459210321471087
101.95474503592457,1.059533957628172,99.94101401445349,103.355525709844,0.08901621077046684,-10.903498040320184,0.5147949371110078,-11.385056998001316,-9.744802930092106,0.03857286073282899,0.013762137091029008,0.0007809265417872494,0.0147077453332954,-2.0060951415913536e-05,Single-leg support phase,103.26762659322112,2.6375343639569073,99.3319496756389,108.27542408869218,-0.24171552467711568,13.227640695155092,0.3871174850321192,12.27509642426126,13.634587923383148,0.027755868858071037,0.01646207693573015,0.0012145025299205468,0.0178653927935384,6.279144442689188e-05,72.79256455751595,1.3467341981734484,70.56675721385882,75.24124613793866,-0.1263375384886443,2.6142488619013164,2.0761446260863816,-1.398632355969135,5.823409029666012,-0.19519030771986884,0.03723928368802206,0.0036862242753800036,0.0425500619575392,8.368452725854067e-05
101.68406138523271,2.0211205652321134,95.98568176689226,103.355525709844,-0.16339728134650347,-9.330797700460444,1.5822878493378627,-11.196691865252047,-5.507759957726541,0.15375491641960828,0.013127576722777475,0.0003933207095812313,0.0135162644321453,-4.4368482119621685e-06,Single-leg support phase,99.63860491929665,1.7642161645652752,97.28943761441612,103.09071169935498,-0.15679119148483425,13.302996963166965,0.22892694595724544,13.019401660803885,13.634587923383148,-0.014912045627163964,0.017401348435391775,9.895773438033791e-05,0.0175763800520672,-7.750465600816222e-06,70.44213892529501,1.5135845773983865,67.71681862049806,72.7090779959604,-0.1349259290665497,-1.4713245977357676,2.858656742498246,-6.666905766683005,2.835605358529257,-0.25682462500573683,0.036539268920814535,0.004564079990493836,0.0415028650463572,-0.00030164039924885413
72.95649526297491,2.9906085690224096,70.34690969606429,80.94079595696455,-0.2333732011252561,3.4198097731140584,1.4442453143821523,0.2246727237265172,6.423127284761884,0.1675257989469018,0.020491708318047183,0.003937580142035581,0.0269144980805809,0.0003840404734189,Dual-thrust phase,118.14906090713882,8.821509993568773,103.04215960102565,130.9357587893233,0.7538810591431799,8.425219762972471,2.4943176582080433,5.164421054418569,12.395283358242446,-0.11950101322591429,0.04296648810554917,0.012584891536784232,0.048844487029126,-0.0008241547988246243,57.158801790459385,3.2952100979667156,52.081523123418165,62.264559578986,-0.19038401382346695,-29.814381459862954,5.360747023892699,-37.27740378801816,-17.937445103638478,-0.397100670335932,0.018357782836340805,0.0012443694312116126,0.0200607455036194,-1.350564742740541e-05
99.58527520106585,2.1915978828782188,95.83916339889969,103.27469090963356,0.20096020299280748,-6.482256317583912,0.36580102739102904,-6.9112442081758445,-5.64859420082636,-0.00922133951101745,0.021407051466331734,0.001083550523468884,0.0226042631143486,-1.7369702402456768e-05,Single-leg support phase,101.91286986358585,3.722579871232274,96.29782151824276,108.7602246365527,-0.33682170590026894,7.064667001145604,0.2545731464183097,6.434811725610993,7.437667160831143,0.01357800660573303,0.011337041615097805,0.004115106065674461,0.0169762955003072,-0.0002721292738148621,73.39772117219273,1.3734975996030516,71.15102758853976,75.60503191128264,-0.1203784952092669,5.371458390944253,1.9020207217663498,1.9571955432323145,7.896437637017239,-0.16052005658878174,0.013575338315447738,0.0031183165959026873,0.0206868303775763,0.00019390417208944326
103.2379242549907,2.17365046774234,99.62286365700456,106.45464775404828,0.18464281343361413,-6.067397199575889,0.6249570648316464,-6.9112442081758445,-5.000244428436798,0.05026641723245857,0.02146467330527715,0.0007531310054755978,0.022002615870964,4.447976152999461e-05,Single-leg support phase,96.24393743074005,3.1276202087659177,91.29293282243168,101.65222032628516,-0.27998074334739137,7.039644874757755,0.13800538584821936,6.831899887845185,7.309092870868989,-0.002595425164844363,0.00768868367683926,0.001370500297193045,0.0099293796149028,-7.973703692622431e-05,71.04771055345536,1.4601589683153284,68.42685711199401,73.44227347784526,-0.13555179367165546,1.8572991881311913,2.3326171845746355,-2.455130325649495,5.634744564154979,-0.2186452672920128,0.018970061177990896,0.005371362054380867,0.0255986465173086,0.0003423134670971379
104.41742996668123,2.3380085655414935,97.30122021051749,106.5634158604373,-0.16144515403016427,-4.654006144821292,1.2026793203149173,-5.989783762734006,-1.3485661675375216,0.12543831338368877,0.019895837395951747,0.002507699327786302,0.021932055039577,-0.00021548768988718112,Single-leg support phase,91.4862472947813,2.6282485927800088,88.11104682451031,96.29782151824276,-0.2202339445662272,6.734275023687453,0.5168219966994212,5.554354822668819,7.240530224714147,-0.03737413911768368,0.009239005262355824,0.004979380957449804,0.0363975109068809,0.000798916309983008,68.50588594762652,1.599033504916742,65.88322933835165,71.15102758853976,-0.14237292568075965,-3.130809595298455,3.720962536072557,-10.377527777519491,1.9571955432323145,-0.3333709005608596,0.025299545643179256,0.0030556729187403518,0.0284526322568834,0.00018072349742098646
69.38383870116465,5.609503239188403,63.39084908357479,78.64921790990337,0.35771823373658695,3.0616096577045613,1.0642847215787186,0.6961282883763321,4.235932507348381,0.09567038429654187,0.033137162667694106,0.0023322429485072953,0.0355873915722652,-7.362714997498917e-05,Swing phase,134.80956207597083,5.883436292883941,120.78291744738424,140.60898707529122,0.34607012966982764,2.5725084748887186,2.254152077934125,-2.239509094766594,5.43943970486411,-0.12619488345920007,0.022212529194642786,0.01739451737233051,0.054947593414169,-0.0011199158349389704,61.89781052934081,9.154881995980222,47.04954117764795,80.97010556376661,0.9167720104356394,-28.851760407755762,11.740470353193562,-43.023900202803205,-4.092134213555625,0.8488961092815738,0.02206316454074101,0.0021995011810897343,0.0254643661200756,0.00015562324701495683
89.9482626476983,5.259196670400288,81.42929809070019,98.49913303097736,0.4613468902777615,1.1374922788056168,0.9191797713955079,-0.2781201517687597,2.654842302761731,-0.0792692555278511,0.02369994934160362,0.0016784487137096525,0.026858919533605,0.00011094490977417569,double-support landing phase,120.48965661433212,3.0254851856675553,113.861472962963,123.35590221160136,-0.2300455703086981,-3.8077060840626147,2.09388671882518,-7.573492852566201,-0.3876285014522977,0.19421255003010549,0.015801591094649483,0.0004491894543585488,0.0164307772208107,6.900681786910805e-06,87.51161606791908,3.721221621059216,81.42996660135321,94.16095357441338,-0.3440807290016262,5.458586007150747,3.034135174503862,1.4093539384109814,11.233103853480753,-0.26550675446134514,0.016078626360014014,0.0004091425062812609,0.0167832918076826,3.1191084990132425e-05
106.07745882150674,1.4512095190381065,102.6618859467722,107.33316684469207,0.08661022517170285,-0.5602887731251222,0.42434809608380686,-1.0651951787945144,0.4406132163495057,0.03660907572935786,0.025802737007861683,0.0020396564243853606,0.0276180371128703,-0.0002313932037217351,Single-leg support phase,95.67382999686372,3.6194088711042105,90.6347005583767,102.38259917086069,-0.3175107733103782,2.1081754443365663,0.9522377997750039,0.8764156598742828,3.605958528869808,0.073342922458468,0.018019007892243383,0.0007887355312517969,0.0187477512695597,-8.582134731768921e-05,75.08186324349225,2.100405538640026,71.49125980263767,78.26752730635712,-0.1831423649653906,-4.958870821379943,2.5971034893982505,-10.33034902237109,-1.3734120069092524,-0.2420793787962659,0.030668860848110036,0.006113758465839172,0.0383321486697946,0.00041325493020714866
102.480370075786,5.954757478118687,89.49639141558268,107.33316684469207,-0.4748200694126731,1.0004820017639975,1.5916965679138697,-0.7819837324053761,3.518233556357441,0.0967903449805989,0.02156829764972883,0.0031371927092322996,0.0275130762254902,-0.00024803897181673517,Single-leg support phase,91.85938508600988,1.5114823837603852,90.3251817991495,95.54269016193498,-0.06325896383496508,3.314347409790313,0.5370589306628215,2.034866842111317,3.780529437208843,0.044261426480198277,0.017049563950298066,0.0013395175445554141,0.0191245162576432,-6.375608288394598e-06,71.21065857093343,2.621226258559595,65.73640598516684,75.1667234791054,-0.25487344578212323,-11.273230265411764,5.1375024092344574,-21.72011963521756,-4.553005909539211,-0.46397604663995534,0.0333335765996363,0.004920693537059185,0.0383321486697946,-5.1234004676921615e-05
76.19044549932158,2.7732709636673354,70.31890740903114,79.22793484211955,0.23465685018099344,2.8591227919407896,1.1045517113399954,0.7395024830403842,4.251601661964905,-0.03072504214425702,0.027635481730530036,0.0017088579655015364,0.030485986630197,-5.021281388555132e-05,Swing phase,131.37215267827366,4.9084871912130215,123.05361578785022,137.20209143728795,-0.2768489364501901,0.3182038812969487,3.6608831543128515,-5.53470438335235,4.811268461798449,-0.23397071443709913,0.019351359211969586,0.0006426270448283291,0.0200855710662704,-4.4812486380075596e-05,77.39067010657998,9.889785942227908,61.71946445047803,93.02778543374296,0.8461708373855388,-12.159519865248472,16.899008479304293,-38.24940978475543,13.185192560505977,1.3901243877097678,0.025464082341860466,0.004293978894682254,0.0299994314734962,-0.0002648807631838595
107.26017658735444,1.2939945639026678,104.496317935058,108.76135562482432,0.03684536162963608,-0.603659041467723,0.8669874085324245,-1.7695355050737014,0.74584056415474,0.062108191800459046,0.012365108615682548,0.003581210045041393,0.0236525451737347,-0.0004099624122683973,Single-leg support phase,95.81169685211334,4.608712370050386,89.69725246512664,105.06856153739726,-0.4154407857370438,3.520306061419017,0.5511640647956578,2.897765005801109,4.334181637991831,0.0374188698736807,0.018119914905840626,0.0006879384794625308,0.0190364887523851,-6.067159473934049e-05,74.02173052218646,1.866865365852535,70.7383834148325,77.01639610452733,-0.16967601864040088,-6.5608760694925845,2.7803216271321496,-12.085852210562882,-2.20322792044178,-0.2670979537870568,0.0231630109080067,0.0024396700998057523,0.0256760792120353,0.00022009350136382164
104.13160208251959,3.0734881957356555,98.55608031884384,108.90943435749531,0.2798203794230128,-2.6828915405094187,0.5695650807128243,-3.436779009371124,-1.610012154243361,0.027571483756239294,0.010323124642411636,0.003530937048674617,0.0228025695372047,-0.00043591733792883245,Single-leg support phase,103.78905636795116,6.347750820305782,94.90500333317873,114.69973791894505,-0.5349928266423329,4.48347024825777,0.6066109184233076,3.16606297275321,5.651912013204065,0.06718510920137445,0.00766978978037882,0.0008068415962069554,0.0109599211284944,-9.930289570111352e-05,76.29955575393824,1.8970604117506031,73.07933461125273,79.7440823789119,-0.1801283180448423,-2.565736594937331,2.5572420057564713,-6.672015054387943,1.2411847170807313,-0.21387026409374796,0.017381458179370857,0.0061285959808062415,0.0339760778042856,0.0004840460629983188
107.93839246279586,1.817609214831703,104.15479792068024,110.05163342819408,0.07788675743059251,-1.3931536959946875,1.3359777694669166,-3.436779009371124,0.9886584635638024,0.11960641818743044,0.007312955070476709,0.001073820042457647,0.0087385323788537,-5.4911307658218905e-05,Single-leg support phase,94.9733405416863,4.083087048428201,88.72897657672225,102.7090269329396,-0.37783919881668504,5.321269221951891,0.66305930048515,4.20570489872365,6.028174363249715,0.0347083487576263,0.007354337706802313,0.00011740878438512467,0.0075133179517125,-5.771995870267556e-06,72.99058336890009,2.0974473046972926,69.49830779454636,76.25081483958955,-0.18250019040657267,-7.152908209094608,3.0801005177594245,-13.270004954993242,-2.4763934863895534,-0.2917192288811808,0.025482250788722776,0.008144759106848722,0.0339760778042856,0.0004411493342707271
74.96502643198174,4.338035022973354,65.93476450866287,80.02281355350969,0.3807580822931575,2.7407656149877075,1.556340216310332,0.6757861631230332,5.288906217178673,0.0366658468903003,0.007870638502805833,0.0029483405252608034,0.0134776976869698,0.00019588758226803514,Swing phase,133.9507765842812,5.065159999973019,124.4483517739799,139.37918184009,-0.2889402574414982,3.365681821563033,5.628245185904739,-4.790165466171313,10.28258199565101,-0.31699913247807376,0.014925629805014811,0.0018130166151946307,0.0171508333712758,0.00013718753925252974,76.8364158530465,10.989222619106194,61.11035880337419,93.02656211190826,0.8626000894198398,-17.371426183743374,18.08542854135958,-46.5268768798158,8.255711462789082,1.480610495746078,0.02122789469241432,0.003968141469330327,0.0254324110091636,0.00019204718180611895
104.03279680818763,2.8101086513131803,99.04782105384147,108.51317347987585,0.2558203358387668,0.033149238829370084,0.18671444118878747,-0.1972790718358411,0.4841639032090496,-0.014225959693125595,0.007794505268841908,0.00251003290749842,0.010631941213316,-0.00014180641001279188,Single-leg support phase,103.99281944503689,5.761847685121447,95.88202497951988,114.48609410521368,-0.5028126790728054,4.931116866012554,0.7690083055629489,3.008575470250092,5.926809340716596,0.07887118568828388,0.005214445705788176,0.00046864908161459276,0.0058182202553686,-1.1343021008540529e-05,77.80490495866721,1.430937397577815,75.34804718572138,80.46089827893277,-0.13818516468138892,-3.840954520542519,2.3683108646746316,-7.6336312141066225,-0.2234114904661827,-0.20027620874703891,0.017897516211346786,0.0037868238703286827,0.0262232045808192,0.00024603244234043515
107.80163388497263,1.7995152764804743,104.05218149555412,109.747755076268,0.1174043607219108,0.1824767214362992,0.42562967788005635,-0.1522261849839011,1.2935907947693626,0.03907613458792605,0.005060441222473798,0.0010770376986365985,0.0066242677125362,-5.8772887010340536e-05,Single-leg support phase,95.92977662867877,3.8926611514384253,89.93403779169618,102.86993864072858,-0.34961894186574033,5.717596403001888,0.28268480577337823,4.997486145778545,6.0363508402441335,0.02567340547638951,0.004853613926849048,3.409093047928634e-05,0.0049398603157019,1.9015368323891933e-06,75.21470204797312,1.737336390440845,71.95898082239188,77.81769174085764,-0.15834353833691245,-8.02387384690674,2.7086838083661227,-13.253226568081812,-3.930762500856428,-0.2519584883033888,0.0239565276101233,0.00505945548798381,0.0311012678274108,0.00035096861869801345
107.53291176465031,1.0669378591579788,104.64155964198837,108.7385963689872,-0.031625710554509225,2.807136366210148,0.7898148567160198,1.670598371953704,4.5796892224375885,0.0687515322780721,0.005366530655467557,0.0014951270480685651,0.0077999509406142,-8.764491333025134e-05,Single-leg support phase,97.05638474231924,4.23938625915317,92.00904781793248,106.980395077172,-0.4046310070064736,1.3609892899676892,1.0868645329246105,-0.091498218624111,2.9817970917331427,0.06724982425685604,0.005868716233842465,0.0012865933453794487,0.0084079349743209,6.203393747622704e-05,77.17746910767943,1.5919256486028683,73.89128282986907,79.381201296447,-0.14837617477237658,-10.482274985196364,2.3008221202142165,-15.58701003527374,-7.385287776400756,-0.22166816915872928,0.0222969064759415,0.004125344796375295,0.0267269677999877,0.00022294647347030814
101.17126960698481,7.9840623552228065,85.49609879215485,108.7385963689872,-0.6257249072641855,4.89134053953938,1.6576922314765898,3.093064776293043,7.48904683390741,0.059318426939523244,0.004861996157902206,0.0004451564274150824,0.0063289945705258,4.91339355587027e-05,Single-leg support phase,93.45299916868612,1.4791479524790674,91.76007346017168,96.7791012731798,0.01875423722327888,2.4592118168414783,0.40450046701026715,1.4043144059438506,2.9817970917331427,0.0263624775091822,0.020288819520693713,0.016675843539902473,0.0440227816813215,0.0010203681666280514,73.25018166081936,3.2263461315644215,66.9000995068124,77.46921389305933,-0.28565174016883615,-16.810525609108666,5.628661796868842,-28.74230206073609,-9.992442918271538,-0.5067529497963392,0.021149234616397852,0.004409279769932983,0.0251155846039735,-0.00036988797140425944
109.70007307911087,1.726030897793695,106.2677215967108,111.69134007596728,0.10070664536684801,0.2583014132917398,0.9085590453032579,-1.1258416554372686,1.8208516801357777,0.07931239478635281,0.005886314716221986,0.0013981885080170784,0.0084090591440472,-9.846106481645132e-05,Single-leg support phase,96.66693657189766,4.5715836599697655,89.91986837824818,106.0766571132858,-0.43666996581182765,0.27229062873832344,0.8653788292664857,-1.0618709856500954,1.276038516062307,0.05556158320040466,0.006005880489977321,0.0008299639377052315,0.0074135273596409,-5.441945443062704e-05,73.80654708396989,1.9650461617129564,70.28450526603523,76.71774126825487,-0.1738712433032336,-7.632160539202269,2.5464879567646923,-13.404777333337442,-4.537754793433533,-0.23964925783524083,0.02891280702736571,0.0010785685691622558,0.0309019360989631,1.8739203032878397e-05
75.47928462776919,4.892406302785023,66.6952519639561,81.69611057358642,0.4036388441325381,1.4890426894083126,1.2589384550130245,-1.0730003269109425,2.9049991083897018,-0.024073988686063405,0.0078055541356735186,0.002310824216082692,0.0144583675537858,0.00023291200639384324,Swing phase,135.71391127588794,4.826282929789406,126.0072763740264,141.43582265925022,-0.2744543199526763,-0.4974724954815515,5.254097534401392,-7.284201704010619,5.819015786946724,-0.30091769855574,0.014519831773927095,0.003910003518055156,0.0232963062099464,-0.00030326917634633245,74.15588899775877,12.617638221524361,55.70262400831668,93.1510137375616,1.0121186413309438,-14.239339459038778,17.776328411403675,-42.907455718381314,13.264838441701997,1.518170112434684,0.008541418815887183,0.0011994628416926517,0.0110681233570278,-5.762951531694055e-05
106.17158599336669,2.4737782955220684,101.87851597361204,109.75471501612436,0.21287024439222502,-2.626026409542761,0.7396204319349625,-3.3265087040494667,-0.6759317276885793,0.06114684357694639,0.006149525098420613,0.0020279051125366683,0.0105336889529109,-0.000161651125515573,Single-leg support phase,100.29554098009582,4.409144934631532,93.8197552012709,108.52595348706572,-0.3974648185349953,2.2403578049575708,0.6079189481655288,1.2932113925911737,3.445785041807764,0.05817766619504298,0.004457579858222118,0.0006759306631281209,0.005953370337737,-5.374775052561621e-05,74.93854307867528,1.7978534731719875,71.8447213071871,78.04722139646863,-0.16763513754814943,-1.4585945403319776,2.600691384979833,-6.211267016209841,2.7174314557893204,-0.2413161749188963,0.023709067845153024,0.006402298644875528,0.0320319698254688,0.0004010516558435108
108.0616986376357,1.8687890225628037,102.331693881678,109.98903622186272,-0.10859701449267103,-0.5655522991348668,1.8169260435703252,-2.9542434692663804,3.1299412831801594,0.16443742574179837,0.00489207548673983,0.000458674980177685,0.006055883296013,-1.1839171950559458e-05,Single-leg support phase,93.89967844139761,3.2652907594473124,89.43102538845355,99.8435288353455,-0.2814190120781607,3.083403822693736,0.48667680379545725,2.232399787290454,3.774236717726199,0.015919857625267354,0.004829865751537811,0.001749035206443306,0.0099595120301682,0.00011835440654184054,72.05425448694831,1.6864666177739205,69.57777437219737,74.9536328367676,-0.1452934720154116,-6.816070536136673,3.9263887241024644,-14.600387799035426,-1.3630108615339922,-0.3577669442567955,0.028421714029671148,0.003552830668883631,0.0320319698254688,7.950089713555128e-05
90.7197321659544,5.073746457090812,82.17596624928379,99.75468974471347,0.4751006350116131,2.0350645211233163,1.0099332100715928,1.2411323567399302,4.412407491693919,-0.07259093891063849,0.01799513683431726,0.0012299634937209985,0.0198231310405625,1.5625645979340556e-05,double-support landing phase,121.70669964404364,3.1730395447805138,115.294136298253,125.43305828175863,-0.22593592270245794,-5.650663538768633,2.383901994103139,-11.18464648833199,-2.446431587036013,0.23616797030529668,0.01753699650429179,0.000817793325790588,0.0183175494838132,4.448405587633513e-05,88.40953462563488,3.8677183036224414,82.17853054299852,94.96457745377752,-0.34556883542645966,5.686249331363055,4.031541345269259,0.3954397250333385,13.75225294045031,-0.36099495176802626,0.02727289093419404,0.010577303084491424,0.040527065681964,0.0007135045517563108
108.30763186120888,1.8285757110813663,104.52923706410672,110.3052698535976,0.14092713794298414,2.094965891733109,0.48964792947878555,1.2888316095542716,2.660711341385136,0.03492149598648276,0.005162360269264729,0.00034951687299644013,0.0056284807894059,-1.6746598861297413e-06,Single-leg support phase,96.94255698898216,3.767447014404838,91.19452395866467,104.44071064555853,-0.3580050455917257,-0.1784242857702096,1.0634655053083246,-1.4771190991304008,1.0861252562586348,0.06043415965747051,0.005188629856592283,0.000830900085160992,0.0062034105366134,-3.686124003947297e-05,77.20314405914323,1.6617756366153502,74.11128951447058,79.55113596489632,-0.14702287703853334,-7.013350698992718,2.5370952214208926,-12.012730176646595,-3.5375904978762023,-0.22905782915595657,0.03169082346107206,0.0027698883515060247,0.0347002773217356,-0.00016281245768033514
106.48045999516546,4.8660265684431385,94.5785268902128,110.3052698535976,-0.3856698054947253,3.446999485686727,1.3437249560685858,2.268643334651116,5.970190658432293,0.09215043568742082,0.004781991384802702,0.0001656047008346228,0.0049919713954355,-1.0268702258954046e-05,Single-leg support phase,92.12416057765478,2.3448195410024266,89.88497786514026,97.18416118840958,-0.17788751282260032,0.9905834369061437,0.330281582606854,-0.0798911806901764,1.3575788434967428,0.032216966205490284,0.004891613455847655,0.0007752075453439756,0.0063739353806594,3.633116989421351e-05,74.08071568438223,2.0708623391246808,70.40136118947899,77.37323988503964,-0.18842915393407156,-12.506546361125578,4.196910928282346,-20.82098221025933,-6.48554173567109,-0.38744433715103355,0.02720991098015563,0.002988985003135827,0.0306473264142249,-0.00018951406363140267
77.18959815677673,1.5171775351634083,73.51381046644032,79.64948086810654,0.16582892977476266,0.855138932566517,0.6844028018539516,-1.0091421829345917,1.781268610834603,-0.04778585974932286,0.007112129918659995,0.0009870263925016254,0.0089671644127732,6.33261603813e-05,Swing phase,130.10453785528722,3.051000475134837,124.70626447474451,134.44674527079755,-0.13810036690526817,-3.900735383516976,3.077941943422774,-9.136108290441692,-0.2102568336340084,-0.23640763528311842,0.011686043942231675,0.002560027520530817,0.0141052280756519,-0.00017473309057904055,77.1384381647925,10.508624249501455,58.32264471289122,93.38797553644172,0.9477116438797432,-16.277351153905276,15.47831597685389,-37.33967025113803,8.239443265871824,1.2289047666561292,0.007442110388147441,0.000987583431457807,0.0083286000379891,-6.377693202404055e-05
90.82292900881743,4.638681821914561,82.17042026486799,99.0101117622611,0.4551267972268411,-0.31094688143415933,0.6109428446707856,-1.2170771183961773,1.619726434836701,-0.05313782880470045,0.02378230552858568,0.0057649002132668685,0.0304296058247319,0.00039815514389268653,double-support landing phase,119.42695965533352,3.0259540986894193,113.3817359457054,124.24292920289338,-0.2935457637077832,-6.734978116143006,1.456572280682365,-9.225547041862995,-4.942171823047054,0.057568682990365536,0.013754604008453072,0.0011620137633885014,0.0144446152156831,-9.713682782141354e-05,87.58153703491651,3.5402474386878517,81.8756353772799,92.22174543085264,-0.2796245960425062,4.73732611119734,3.5190255440334526,0.4964513968664412,12.8444218343496,-0.3337289307427881,0.02180532144596306,0.005622520404956347,0.0277118886780237,0.0005439691524992487
106.05019839980524,1.415690756763429,103.42901602596729,107.85133073386304,0.1195220191323176,0.7735401572023014,0.37296232724863754,0.1001969603303038,1.5308399617936477,0.037941819995146356,0.007747896984554285,0.0021396129222056967,0.0112191524756744,-0.00014143031585084326,Single-leg support phase,96.58592301848296,2.969491684384569,91.79145660371547,102.5287582591998,-0.29019734204011705,-2.4007744392874444,1.3356758566286517,-4.272112100491308,-0.7524325055892614,0.09512647553789315,0.00465764798482354,0.0003529378710900892,0.0051175317088477,-2.365238178305676e-05,78.12889951367069,0.9607812436828206,76.10237079287224,79.2839875046604,-0.08598964085913963,-4.617328908272502,1.7714265037339334,-8.147109683388363,-2.315040138683824,-0.1576235012082308,0.029846858625468115,0.0011807077897918608,0.0316883143978483,-1.4025230907437782e-05
106.97701019905644,1.1447267618785124,103.0337416796688,107.92860398899457,-0.09075957144750492,1.6649755840208047,0.7696737625108768,0.7666952880000966,3.243364824516975,0.06272833234142486,0.005521487814697805,0.00098523479777505,0.0070478541385464,-5.623630325123243e-05,Single-leg support phase,92.5062387026517,2.155604418277196,90.10588095638904,96.81972465060667,-0.18145523497885485,-0.7704560430767856,0.5629779472786025,-2.1654996328762155,0.0494936146801588,0.05986468236638849,0.004400549286722741,0.00018120920749251294,0.0047313588157141,-3.4836847145999827e-06,76.09178009682356,1.4993942041084483,73.60325200584924,78.36632205519095,-0.12873162295518126,-8.449718116937385,2.8979919802384595,-13.777154449701404,-4.128778460478771,-0.26076691862763873,0.027436035552485933,0.0033662657500672993,0.0312399517301384,-0.0005219468069475865
100.37262742525142,7.641786228981517,85.65292612867722,107.92860398899457,-0.5999568812212382,3.3819802693670766,1.2497842912050248,1.5308399617936477,5.417173312339319,0.05043981837262703,0.005237838191721761,0.0012061161346270252,0.0083404404084172,4.6541200764254065e-05,Single-leg support phase,91.26994177444395,1.3773818706512704,90.07447153481392,95.69788931779014,0.1055792625425586,-0.43670995921686206,0.45556734722105463,-1.817823867265755,0.0592559988445612,-0.02879436112639172,0.004994113224714335,0.0013625013918712628,0.0087780826372616,0.00010245529451777839,73.30620845826887,1.9390906583447622,69.07251885038481,76.10237079287224,-0.1899959984456061,-14.938379056184516,5.117594398223112,-25.88470064205074,-8.147109683388363,-0.4793943502341182,0.018715210269127095,0.007857561352877802,0.0287861957722631,-0.0006011988428965514
78.54968225331288,1.7263286593166574,76.96115882638328,83.33908828448432,0.16263612611583914,0.6945938615821594,0.7381363309475788,-1.0571496390298512,1.6061638351339609,-0.06120181892037046,0.008512692490662648,0.000701100114503621,0.0107928593963559,2.7922761152159457e-05,Swing phase,124.56967563097129,3.324118951455341,120.9163254263499,130.48153754989522,-0.2526551117937768,-5.179206646081475,2.203486973252505,-7.556807325010785,-1.1380987583037774,-0.13124409469631532,0.010385478776308816,0.0018777936941698319,0.0135111185752077,-9.25848996209973e-05,82.28711274716888,8.340434725161648,66.50307745473158,93.60281782127936,0.7324254153121021,-7.330196272511393,14.630797442463717,-32.130907614501844,13.057380919839368,1.2213050955227354,0.007786842488768384,0.0005090930274816518,0.0084456107980577,-7.324675503965134e-05
95.43259378397038,3.714581337915579,89.63488600599612,101.74024764451796,0.327171936176266,-1.0109147643618097,0.31318847628301405,-1.4198854868380388,-0.5660285415507362,0.0008426235259438293,0.013473051675396967,0.0012188239276421787,0.0148305881419393,-3.65853568708919e-05,double-support landing phase,112.99296528973409,4.17510197487552,105.51401110039556,118.52466711798772,-0.351639351826815,-3.866313092373179,1.1281913379178128,-5.580950559670315,-1.9499040336855016,0.07602439352103256,0.011888860913258406,0.0013831971262514501,0.0129329378663742,-7.287773031241621e-05,86.03672750577954,3.2332706578415085,80.94845709773722,90.5735869344814,-0.25983380784205945,6.075672688034265,2.076329176730779,2.746871870175593,9.530806879129868,-0.18334959483660204,0.017170170057752527,0.0025455216797309007,0.0210621269585477,0.0001753880864715081
109.51234124147791,1.6572774499804885,106.3175571376346,111.36913225781392,0.12248984851753318,-0.19821122123716517,0.7589345218397743,-1.2765018377805186,1.361398811983979,0.07129461215579723,0.005899116287854722,0.0008586392926813551,0.0085717571641728,-9.635980724132701e-05,Single-leg support phase,91.14912203273134,3.140416740489798,86.40392105734395,97.61732242285514,-0.30306490177057266,0.7235628174899409,0.6107728950603375,-0.0482554656918521,1.5195944399902603,0.03771520518136581,0.005110887158987146,0.00041913164553671067,0.0068128858795915,-5.102377944874863e-05,76.0274855373414,1.3496104070876296,73.50783579202418,78.01407972806744,-0.12179037664981789,-6.053763685400893,2.652425725822774,-11.289212425157997,-2.1686337238360656,-0.24650212706275493,0.029381984230465806,0.0027626735305947246,0.0324158588228463,0.00018779114711125415
107.82964451989851,4.567199417209235,96.28064572855656,111.36913225781392,-0.3705676409005897,1.684482948717154,1.673644362292943,-0.4488554988064239,4.592535866755414,0.13496527395411648,0.005221708963820082,0.00022131938823715606,0.0055068958737839,-6.447112764913523e-06,Single-leg support phase,87.16833451237285,1.8155629770096116,85.39708146429963,90.66294664495692,-0.12634786086132324,1.1775334686782286,0.28049142773639857,0.4169167795217152,1.5195944399902603,-0.006399792523976208,0.005399505513288699,0.0007982587168658153,0.0073077701521514,4.3184555645881084e-05,73.53228876933274,1.6617724079347234,70.5254705376753,76.19264667434645,-0.15316692261273365,-11.64673979340407,4.212415604097036,-20.038780361447124,-5.67321189935471,-0.38825860708357873,0.03040004485752873,0.002656784010881691,0.032337545306039,-0.00014713463478631348
76.31364031188197,1.4328729805951006,73.44667188403365,77.90899971276846,0.11917499620314308,-0.976303797695435,0.3740499950961068,-2.2067140142639907,-0.5315740477140349,-0.03977014987963758,0.0055024380106953015,0.0006967930911798004,0.0067994901559089,5.342979873511621e-05,Swing phase,126.77296516241252,2.3824611062154673,122.68412809659672,130.12653524937485,-0.0019542204227923784,-0.05961996815601906,1.570611352636111,-3.142822395084649,2.1232770082545613,-0.09691935299113867,0.010265542554521584,0.0004984901066320233,0.0106783050193302,-2.9382195459518926e-05,74.45622668346438,9.113381329940054,57.80188291094239,89.40607414237188,0.8541673305791754,-17.66905971713908,16.008592742082477,-38.04769073976895,9.387353484721729,1.2803829755140206,0.007158433229773649,0.000649941785812821,0.0079998795998479,-3.799825712761894e-05
105.18578574258363,2.5346824244529365,100.60111344434092,108.99664065542127,0.22690614084000943,-5.417351762728162,0.3281176400456008,-5.747891152342722,-4.866498679307736,0.01775123537428903,0.006391292064614891,0.0013927142137012563,0.008095534294183,-8.813081758612972e-05,Single-leg support phase,100.14135163676681,5.460739893418402,92.80903168658628,109.84240844874726,-0.460361534112459,4.783751667457272,0.45319006473486123,3.3890511787299107,5.627616654066665,0.06050176960369605,0.006173817194304629,0.002060274792998944,0.0087976926676753,-0.00012113040111712973,74.72050413647709,1.583043955778437,72.1495204701154,77.73494327339168,-0.1509573730615209,-1.1888237290580703,2.3885464794857296,-5.043889945978308,3.008922287208468,-0.21764357386991287,0.02762302950227073,0.005344551030286029,0.0365889766979915,0.0003534211839424432
108.07323584062026,1.3697937243498532,105.14735006685432,109.64135651960372,0.0340386124496444,-4.7065290080490145,0.6448119484815567,-5.654907500933491,-3.067524197669804,0.06992927846658613,0.004950321032718754,0.0005682908746097254,0.0058578894169152,-3.761886446940539e-05,Single-leg support phase,92.90951249123468,3.23559622457598,88.3698338136978,99.31230711964494,-0.2957425217823553,5.351138138295424,0.37600571488384205,4.7395285784351895,5.780291280753231,0.026186593581207125,0.004389310329680221,0.0003383132697707578,0.0049460904008843,-1.9723277759564874e-05,71.8620116357077,1.9062461472257084,68.19417385667548,74.58561428158625,-0.17274163310569646,-5.7128842553790555,3.0741150791081715,-11.63318913141878,-1.3049203072933275,-0.2791424006520392,0.03330820695792021,0.003137610668645616,0.0365889766979915,0.00018289487790590806
103.748649652441,2.426392645040415,98.99067870904564,107.14081032568542,0.2202738274767509,-7.5054746451635435,0.2906130246970188,-7.910567984519195,-6.987682409122538,0.012863672216802945,0.00670574081998474,0.0026380931874613804,0.0104592998059367,-0.00016112860960261081,Single-leg support phase,102.33365882065732,5.60165263683263,94.03358049583971,111.97569062533088,-0.4849218953916532,5.778975357475836,0.5760305738423369,4.125900429503043,6.226444985527557,0.05317733598796141,0.006375528329598987,0.0028051205108051277,0.0104062356689386,-0.00016395540963282432,75.33744347563092,1.8083211801660153,72.49571150934545,78.58831920858688,-0.164665072952471,0.5053892894168521,1.8319196294107538,-2.4730852714788254,3.5804913069347566,-0.16361017779496168,0.034953261231312316,0.0031998439812435642,0.0389726018829885,0.00021283982369814586
106.73221631905761,1.2720391408368434,104.16653327006424,108.1749932883063,0.08690150319920756,-6.858123800108836,0.7338318629267903,-7.910567984519195,-5.582809457950857,0.0629123926099551,0.004759081144681021,0.0003507151215924046,0.0053989389649279,-1.854605616994865e-05,Single-leg support phase,94.91166562136061,3.4085255548762166,90.50789650756396,101.9327958007242,-0.3087810619773037,6.289657773437241,0.22240071563637734,6.09011161213297,6.656468246940244,0.009988733056787914,0.004345540523366389,0.00018442096926548442,0.0046690335235464,-1.3441665569978394e-05,72.3458307656728,1.8388775434209088,68.95040337363555,75.26562773257291,-0.1706817394307394,-2.7644540407372933,2.2376033346264195,-7.457394718081372,0.5779637790511292,-0.21717185127385139,0.03658884022931713,0.001970658371483356,0.0389726018829885,-1.4927239205575745e-05
81.01357140955373,2.355496272152944,76.47010163571088,84.01217569097129,0.17958082652071494,-0.7490521588177921,0.8629025703752662,-2.0735212646391545,0.5474630266389474,-0.042515291324562304,0.006054766972904231,0.0008696070729601417,0.0091576580740793,0.00011475184765118111,Swing phase,125.22985411829885,2.5994964804217227,119.59652098567322,128.58567751005558,-0.09027465386682859,5.239901087895478,2.8340120696918416,1.923691425101619,9.205769727828333,-0.11482185280013234,0.00667568492552636,0.0005811440969815691,0.0091982812864853,8.45896269540081e-05,73.36123883856604,6.180218617323185,64.59561753085924,85.55370969089599,0.5664349232442363,-13.038200037917658,17.49413688665293,-37.70848085070719,14.609894741954308,1.4140101511530134,0.019543627824994286,0.004907540568922952,0.0231810444924799,-0.00043240051146670535
102.76188924955127,2.8670457718815037,97.41670274832762,106.99101652742398,0.25876523727287454,-7.19651693333839,0.2145923260837794,-7.453778092895508,-6.62258548265785,0.005644444976779832,0.010735505704785334,0.002283254659118862,0.0141898519646697,-0.00015476077070867298,Single-leg support phase,105.74861369135436,5.173450874130991,97.09043160142994,114.66354435191003,-0.4749489932562187,7.087885180205315,0.8699578671550334,5.032356479550815,8.018801759423368,0.060892431468385556,0.007333681373292713,0.002566812830446589,0.0099702630869661,-0.00015888689131009998,75.37211555044912,2.377449164325928,72.23761979824357,79.9772757691619,-0.20917989110590093,5.7311436056434495,1.9444043243811773,1.921040656104262,8.712489368217637,-0.18355266789495608,0.01796284871515623,0.006288998917106108,0.0251524667363154,0.00042650401452936753
106.85752733167409,2.1061022657006068,103.12805563941332,110.06559778655148,0.18750113911184216,-6.584245698079533,0.6259197829356236,-7.316424058468582,-5.331271215188577,0.0518699790284341,0.007219669443029846,0.0021629072458304623,0.0105062652856965,-0.00016260573667593514,Single-leg support phase,97.84033376865592,4.545328827960242,91.15343454066836,105.9605639677802,-0.40019268721923906,7.468315777891832,0.30638867603043357,7.089245090726727,8.018801759423368,-0.015708085463884816,0.0046416388389786,0.0017673330550397825,0.0086188075440235,-0.0001321159806622676,72.2553004609113,1.420252981016389,69.86825240576566,74.95889396997772,-0.13758490714086657,1.8591182726566438,2.7962461497385522,-2.881100825207121,6.300951701011477,-0.24816358178969183,0.025513907142777858,0.003861462393571754,0.0294604868824274,0.00022383939896204863
109.42704074636754,1.298128887667913,106.99101652742398,111.1754611213251,0.012765151176888532,-4.982645693976434,1.322517136347995,-6.62258548265785,-1.770719082650391,0.1311315243245259,0.005041546442167674,0.0008652217178812101,0.0084586409718243,-9.497866857417837e-05,Single-leg support phase,91.67124431042097,2.9670593555561,87.48955939056144,97.09043160142994,-0.25948303272617573,7.042976216418504,0.28913696583415033,6.351617532120841,7.371834180263703,-0.025236727344871347,0.003874007145417998,0.00031224155409791175,0.0049329572792103,1.8010615672732423e-05,69.64181558412221,1.7779116709438676,66.31723159659884,72.23761979824357,-0.16001049193634395,-3.612531738224238,3.784145758682204,-10.725797243937162,1.921040656104262,-0.3418064297308493,0.027092417918924704,0.002410442045985899,0.0294604868824274,-9.24733240125621e-05
76.48160932934279,3.184832246673458,72.64183594666035,80.74605783401924,0.10761647840777716,0.9509793510575859,0.5334478729617862,-0.0826729050958043,1.562495894777132,0.02214009870605499,0.006786413965656384,0.0013663135357617421,0.0107520182547042,0.00012277819171405943,Swing phase,124.96127710195728,5.674910705763505,111.6627997584163,130.70607841501004,0.3636226017243963,4.6195594028602835,2.5847453438274326,-1.5285827671025736,6.950406801048177,-0.16519468534843532,0.010274883068901968,0.001761062085928572,0.0125548889071915,0.00011670829265745405,64.55511375238055,9.592325552490518,51.68497250738325,82.64239276192225,0.8366870339064595,-26.58677211718119,12.921182678003703,-38.19745596196487,1.944381138942756,1.0840728396426063,0.009888015742764936,0.0006910767929719794,0.0107214206734812,4.0677178958008125e-05
107.18625713399621,2.8232627370205154,102.20889069792123,111.40017227909703,0.24841301570745408,-3.897525958601669,0.6075276731896738,-4.56461629677723,-2.6051094620767623,0.041163974831097155,0.008038256398592715,0.004293292126523386,0.0173875344317572,-0.0003339222121721405,Single-leg support phase,99.04860688800457,6.101858428042443,90.99192773630207,110.24038657073514,-0.5202286171468397,4.006317021770175,0.3551749916278058,2.9686280167365617,4.59951153816875,0.04407793301168077,0.006051472150965565,0.0029889569485596684,0.0126465513935959,-0.00021114112972415674,76.02126021682139,1.9330934735474639,72.66318648988778,79.33428201297258,-0.18029987900229194,-0.47372686951980025,2.802026026348511,-5.207488730388124,4.173875549187963,-0.2535503859344888,0.017917040085492254,0.003452857549783576,0.0293039693654995,0.00035602162900283515
109.78130736623264,1.9980734097844892,104.3312534694454,112.09721042836874,-0.07657303531386381,-1.7274035742353806,2.098402406539457,-4.380338511911487,2.4370870283385653,0.1842547443310825,0.005347513767907829,0.00031447982593458835,0.0059923141813773,1.8168676181472976e-05,Single-leg support phase,91.11686186290834,3.460108092819953,86.00215297374488,97.58676776426093,-0.3130976970409741,4.285730226207098,0.30415388290885537,3.786840406144455,4.671102944037997,0.008492494563950674,0.004608862102396863,0.0004287620856986407,0.0052410405662768,3.1763827980140546e-05,72.4718974752916,2.376918667319836,68.3532309098668,76.14894255293677,-0.21069490927216158,-5.8835841075531095,3.8110488316454396,-13.46818574105226,-0.4086954652724091,-0.35295919664269865,0.023401727148269613,0.005048069754943122,0.0293039693654995,0.0002578337520074676
76.6204754169505,2.8552551516162956,72.64949076803859,79.85605697544915,0.15749555078608798,1.355001232836691,1.1522578548437195,-0.847724274154672,3.458509607053017,-0.03256040595262982,0.010194964457005408,0.0009234010155466911,0.0124319515883207,5.632363752328108e-05,Swing phase,125.59032173366317,4.7101084938689,113.89341843298432,130.91105466036515,0.2301024674289939,3.2457598267530043,2.826776526798578,-2.5305735750955503,6.408844649595462,-0.15888581155372233,0.011823870897368225,0.001455707554372003,0.0137448686341858,0.00014537600345734326,70.39604714661006,10.473778809865104,54.27331968042947,89.83412566972463,0.9611028645755447,-22.637497078109135,16.51363896453663,-39.66744723584591,8.51816736463986,1.3023139081212372,0.00953959944683197,0.0005056704566306626,0.010145375818906,-2.5076261692640534e-05
107.16834452658381,2.535605610130053,102.8755694923047,110.73096456594207,0.2123079749631721,-2.8098613619033284,0.5414764852538826,-3.5184928734505845,-1.7717745108518694,0.04050029856032883,0.00675018126123617,0.001995601478563209,0.0130705845424586,-0.00022785003777178107,Single-leg support phase,97.24371307205787,4.629402013720401,90.68805307087044,107.05482580183131,-0.4423452089448885,3.3234683205842654,0.49029862811694686,2.681395635644292,4.015995691359317,0.025103875153866854,0.0076098292716026,0.0008134326491217537,0.0109294973511999,-0.0001001580631886784,76.91860422101058,1.7786994049512868,73.722458362363,79.82675074205929,-0.16498087512692675,-1.3824218733393243,2.3868880786308253,-6.050965761972443,2.4685385517210308,-0.23025687334306688,0.01787283084403569,0.001467314843115911,0.021591419132382,0.00012205855665335945
108.60921778685551,2.4472904589985025,101.24905665790548,110.9102567478106,-0.16738108136216528,-1.2677018243937308,1.4186892725085904,-2.715179632968899,2.1174753012627043,0.13061229551977308,0.005386426585109732,0.000624279837119628,0.0062768468915434,1.2102077467581072e-05,Single-leg support phase,91.12998424223449,3.005969509259285,87.05357204200929,96.27517465596397,-0.24923250307985603,3.743384650886206,0.21997853622975203,3.08468921450082,4.015995691359317,0.012021263429579777,0.0071158779573109905,0.0004195794450106643,0.0074710909214754,-2.744920002386216e-05,73.64208730074742,2.1632672110550653,70.00860861007217,77.0654808308566,-0.19072627623741695,-6.56876523228243,3.906286078780492,-14.10044201109617,-1.1849655968967008,-0.34906693011349915,0.019396582225601488,0.0015373626151729204,0.021591419132382,3.9652006335948665e-05
77.19751826019555,1.3636067220851602,75.0797810895083,79.35423145020255,0.10549990251499407,0.07791865818996842,0.9955720088579799,-1.0548709423463525,1.7329874177381803,0.011972027245818704,0.028832215403354004,0.001504975573970733,0.0303631509454217,-8.587717910844867e-05,Swing phase,125.51393328326712,3.407606074613491,117.26377138379542,129.83528749641542,0.1462921544799049,2.4929376900268747,2.977500165446279,-3.972680162822362,5.905614554523753,-0.18639224142867974,0.012758025476516823,9.48013810207735e-05,0.0129542702755248,-2.125911877745954e-06,72.80586432009635,9.133167741111027,55.064397554458814,88.30735820933258,0.8984583960776693,-22.36221931834027,16.67874164796141,-41.186365047496,7.100522019999153,1.2473802570744865,0.018389470158131346,0.0017041824505042052,0.0208209514814593,-2.9351461089459502e-05
106.29998989313454,2.810226141967154,101.42104349897396,110.82504807687997,0.2541622858893516,-4.558545498409354,0.3205322670898175,-4.8544862102711965,-3.799273818020304,0.02824410480076854,0.019626178198312447,0.00028661280928129963,0.0202597667594105,2.438812696153785e-05,Single-leg support phase,99.67355475100017,5.407717300150434,91.75819120679834,109.41502146052596,-0.47721162847912485,3.3915332107477822,0.4903186777705536,2.1761839263875364,4.072963959754533,0.05126432522613505,0.009108572306628399,0.0006317890665534735,0.01014637480722,6.632225650709998e-05,76.57015678476344,1.809057691348272,73.46621571186354,79.85562611640775,-0.172686767690384,-1.7316344875464618,2.6610609380730574,-6.11868119649622,2.645060112678844,-0.23685787322094767,0.026794972843948873,0.000570303114425327,0.0281061564585844,1.0034613789654032e-05
110.31229987126105,2.030192571824439,106.44662981410394,112.7533956079655,0.1344622062077415,-3.5084373054504874,1.0169363134027203,-4.645836585048667,-1.4753978633205405,0.0856875330196791,0.019577746003688667,0.0005750448619528051,0.0202597667594105,-2.268286390788914e-05,Single-leg support phase,92.05946462746985,3.767187809600697,86.4158052432156,98.63612431716912,-0.33027889389063564,3.8984516975882,0.2644234051052805,3.183179741636117,4.176685706155537,0.01646528701247935,0.009916229443404239,0.0004772974767450176,0.0105185792543825,3.0162933717370278e-05,73.31838640030543,2.1326889950273142,69.63399140719551,76.62871911461524,-0.18904669479512776,-6.653337410511738,3.2631028789604763,-12.810621771849728,-1.7038065937821074,-0.30018419400182755,0.027472718697139825,0.0005194811006105548,0.0281061564585844,2.9310953879605385e-05
105.55610006534478,2.3534942565973425,100.76052636580404,108.95567831479518,0.22149059321597672,-1.9965368311275005,0.17807294042792263,-2.245775932978007,-1.6775404201569788,0.007065527853786216,0.016664896599013834,0.001220825940423936,0.0184241256487516,-6.75018577908487e-05,Single-leg support phase,102.3377550557228,5.900777129765261,94.17687370996244,112.31346252602944,-0.49017807610991904,2.4680944512861,0.8777939504254265,0.593168839060768,3.822116659905543,0.08726886002283175,0.019784355808949848,5.426933791819547e-05,0.0198618665171974,3.01941211329191e-06,79.13934187101287,1.6640738260358519,76.46984027983858,82.18177071110588,-0.1543764981423596,-1.6717671522478665,2.1496945816937276,-5.258078293731936,1.610173735829372,-0.1856284332313867,0.02322934318329111,0.0003336736496696755,0.0236371704758043,-1.1061895207397316e-05
108.63598377105025,1.375661705579222,105.7951286034048,110.07454072513796,0.11508983850736003,-1.567669307855841,0.45722827555887113,-2.205778711386346,-0.5472780185686787,0.044824343049126136,0.015155190956474657,0.0009682761333728051,0.0158913464074807,-5.449682036130537e-05,Single-leg support phase,94.37354100202728,3.5725794386372876,89.12556260103848,101.42069494010256,-0.33230087402875896,3.692289543168626,0.6621521370770356,2.6059254152220666,4.430221313351559,0.04529251144514316,0.018902346562742624,0.001278506376861344,0.0198618665171974,-6.94866067865054e-05,76.42331880561407,1.6379034800303316,73.47456484574057,79.11685885675718,-0.15249443273017843,-5.446430661991543,2.468228880952757,-10.192061325579052,-1.529088211164275,-0.23413440849769668,0.024795702601961612,0.002324149732069447,0.0281535626128456,0.00011246984097815412
107.79093879277102,3.238710167482209,99.13715772646007,110.07454072513796,-0.26536542130635415,-0.5095038661321335,0.9218456220959107,-1.6775404201569788,1.442848883700447,0.0843348460502007,0.013300567245874409,0.001440904097649196,0.0158515123892738,-0.00010449921212656483,Single-leg support phase,89.82512354547599,2.068447178805271,87.74990855403068,94.17687370996244,-0.16308156974045343,4.134615223652315,0.2811164303637596,3.4221073998408325,4.430221313351559,-0.010811061082830014,0.016648576578487558,0.0017478115510209968,0.019851350277714,-9.26706368450541e-05,73.50205258871173,1.882813584995212,70.18178903748829,76.46984027983858,-0.16994733087433223,-10.651414568918621,3.888900249559468,-18.17410809703499,-5.258078293731936,-0.34908188657575817,0.02607987825892345,0.00243071056493322,0.0281535626128456,-0.00018780016410769457
80.58005614239039,2.373178588018782,76.92865323115578,83.87252316964427,0.17996661161479408,-1.6856768161134232,1.624304297442295,-4.436267496975715,0.1541205339019979,-0.08469635250054659,0.007852093119452295,0.0006124486613442378,0.0089991967855337,-3.722956217756756e-05,Swing phase,124.26045825973483,1.9395854080508166,118.3032479233424,125.73160519443891,0.1247208582498921,3.766365589360923,2.0367916940670407,0.8021020657917958,6.355390329657485,-0.0473226311132547,0.01799548472505261,0.002625314130066441,0.0216063324705781,-0.00018003093677668112,74.85484553167086,4.685408079932001,62.61151722164022,82.08779394779921,0.5263858574637565,-17.179089466750998,16.952858375833426,-38.97099021844527,9.932465084349104,1.3155200488151848,0.020345822352329103,0.0020838421440471924,0.0228063580798077,-4.205332550573512e-05
98.32084035599148,1.1742466662178241,96.33899978637956,99.92137100475207,0.0968208437397977,-10.452310694262993,0.947525262534968,-11.830706100936563,-8.636153707886537,-0.08633925386621692,0.011066244920931166,0.0013488864057912668,0.0122454240388224,-8.394726439262162e-05,Single-leg support phase,108.46206071387776,3.717991766726691,102.9344770309401,115.06434407031485,-0.3278342443074255,12.006941389713392,1.3076765867827538,9.982711464730228,13.715190851660376,0.09685253805291852,0.014126206636578693,0.002183487526166875,0.0172603143112176,-7.889693268990269e-05,74.04254930672118,1.5999527524464616,71.75602367821723,77.02622933922072,-0.1424379908379321,7.079341733868832,1.360296775807512,5.0134427807203386,9.670949373573748,-0.12587855656360566,0.02261864130723284,0.009159961588450406,0.036508490218934,0.0006268374531243081
100.16043717460884,1.0311918992347247,98.57703747768764,102.20568208075927,0.09807147575869284,-11.274804419743626,0.4595032000136656,-11.836702564355951,-10.327475793895896,-0.006882970820606254,0.009188259751650083,0.0014474251836933364,0.0117393987353455,-9.039811599495133e-05,Single-leg support phase,103.22694591456161,2.556855761080492,99.53126919494784,107.8622344803896,-0.22516122393085847,13.412108947456828,0.47064383151237055,12.393067903201208,13.941864924514253,0.02812368321205166,0.01411097298184053,0.0011329310811667539,0.0150868869943594,4.02098834234757e-05,72.04387213885437,0.8359502845779506,71.04556485787265,73.79656455490849,-0.07435134316313073,4.930155947583623,1.2646797321595036,2.591413111933229,6.900240657236895,-0.1164547985217207,0.035178239080304784,0.008594051913455546,0.0445961035797387,0.0006555400126140378
102.02274128464146,1.2510049732785238,99.92137100475207,103.73593126501925,0.1030962232504641,-10.657044682819691,0.7977901021629789,-11.836702564355951,-9.501060295688264,0.06296340014184593,0.008234318355934135,0.0003639816049219823,0.0091393752562954,-2.3494020798851362e-05,Single-leg support phase,99.43197060110165,2.0235544373820273,95.9760612734287,102.9344770309401,-0.18806529074355144,13.05606861846414,0.8743784418135302,11.33235423354349,13.941864924514253,-0.06440098967883473,0.014140120181403709,0.0009354594047674086,0.0150868869943594,-6.780381119377836e-05,70.78600607239127,0.7098148357578538,69.33776719951294,71.75602367821723,-0.06535828320822415,2.174945965461811,2.0486082409924924,-1.374693614803259,5.0134427807203386,-0.17265233501415128,0.04262548742123062,0.0029084688086420058,0.0446572370220861,0.00017863403202507026
102.4577974226152,1.6362523301984984,97.43807627209378,103.78426801685949,-0.12885421104501332,-8.91129353422575,1.5264596637447232,-10.582145714258328,-4.694883170241326,0.1591152038923514,0.008578724380003766,0.0006277796944571931,0.0101645387711394,3.524390059748649e-05,Single-leg support phase,96.27310872129844,1.830783538973536,93.7540225020256,99.53126919494784,-0.15614180251141171,11.665269971673077,0.9004522294150431,10.827089381284027,13.43364418204712,-0.06921182394388663,0.012445454996256345,0.0012731594280119486,0.0138395231886653,-7.815845003197026e-05,69.12899791500911,1.3553362899144918,66.41449950813353,71.04556485787265,-0.1251639283713275,-1.356957871166781,2.2906432483080525,-5.685816586361527,2.591413111933229,-0.22370891076472316,0.04097397021201683,0.0048151347899784884,0.0446572370220861,-0.0003395213694982594
79.97025508717053,3.1578265231284077,75.70107885790763,83.66389134207702,0.19302720997267814,3.037149011499922,1.0480926485915811,1.193159565987928,4.59741375568395,-0.05313512116916558,0.02612233412620026,0.0037001907880121754,0.0293540801635227,-0.00021734566232495405,Swing phase,122.232990695102,3.1184747089244134,115.17610764431473,125.83910286408351,0.1166332731580981,4.914478697271715,3.7238373401099985,0.6883538667080489,9.95115072479375,-0.23817993420502406,0.011132090427071528,0.00017128318104680384,0.0116212723038721,1.0896591949556762e-05,69.75588572409895,6.698993012093983,57.3350037703989,81.62322573374036,0.656438431441661,-18.650705644130163,12.312392479079605,-33.606028285717535,3.4828618287060173,0.9533577851339627,0.014913634239271495,0.0015328913779550284,0.0165482621713542,-5.4752204188454075e-05
105.25694175434478,2.053908234413568,101.80734700098508,108.24619774373282,0.1740229930472364,-2.3441564549090157,0.3027320084832945,-2.7182616482743187,-1.831143860578118,0.02397615642422164,0.020487150620769955,0.0005344965451452952,0.0211845601827861,1.7456429914324076e-06,Single-leg support phase,98.17035099024461,4.837679513197523,91.80433329108637,107.29349302867394,-0.4186259388537181,5.277540211248823,0.3360206778086637,4.731581183846248,5.7522429231866425,0.01196192632074047,0.004922107782715778,0.0010783332271272876,0.0089397743253543,-9.235527326145678e-05,74.65862338184533,0.9620782168474817,72.73901101809335,76.11037202119087,-0.0911178649485816,-1.8205663989265919,1.3976056455863977,-4.461714659519718,0.6195183821029927,-0.13733062274655974,0.01831792714249668,0.006987961386623628,0.0332570661935637,0.0005122597377042622
107.56084565104021,1.0701040806054125,105.1779321565162,108.8328666239276,0.023391057523668535,-1.4546686647676759,0.7916928853091502,-2.5316598786460336,0.3328712227413896,0.07741975949695738,0.019253174415830264,0.0020377618172380085,0.0210902084968795,-0.0001373499688764648,Single-leg support phase,91.78580331246881,2.8020497569952045,87.78860497671477,96.7617878950962,-0.24251845725355242,5.361287694927939,0.3508966100051889,4.731581183846248,5.756140981346171,0.010285352244145987,0.005438705419764008,0.0008411026350157116,0.006761178855325,5.855664379805947e-05,72.64891046174658,1.4527965699589038,70.10427666799555,74.76682577315756,-0.12601484068005445,-5.097038487028212,2.6078017982354944,-10.437484326645306,-1.812691832214958,-0.23310249984946887,0.027447124014892414,0.006841384002011083,0.0335424419303435,0.00042058113675960283
102.19470273988554,2.9263803082222326,96.40028771481694,106.58182097158296,0.27517657450718963,-0.6539854792880411,0.44456927527724477,-1.123672029272646,0.1875226774483984,-0.02653978629590757,0.022705871813077545,0.0008399416441185213,0.023777642079491,-4.317008588082435e-05,Single-leg support phase,106.15130114740846,6.149229825074543,97.5151907731831,116.76320728836016,-0.5202166625723532,3.6427655759043196,1.0958074588901798,1.25342509423919,4.9062159782121615,0.09872407794521545,0.019991541592252273,0.0008712704865999193,0.0209881201312198,-5.5969795469381085e-05,79.43179768122765,1.7740664803434956,76.52886147260942,82.71109069238827,-0.1670872762102391,-0.1488446591406582,1.4857169978430116,-2.606798072089269,2.1269577053256365,-0.127939345335538,0.030818529006177996,0.0015349592397113918,0.033086141731057,-4.597689131508099e-06
106.3975565323229,2.1721173679971515,102.42876529014502,109.49524869994868,0.1909860381028014,-0.9218784236832768,0.20535670945639017,-1.1327316645099794,-0.2753957212014253,0.022061746297415422,0.021443889875099067,0.0010527049023104228,0.0221828924178303,-5.665791337579732e-05,Single-leg support phase,97.40226828464438,4.3100868304825335,90.69980409315812,105.42413830384486,-0.397954978667209,4.954192516641659,0.5801588812699526,4.089342620453194,5.74432983943291,0.0370978679941363,0.018475496018237458,0.0011461068947426422,0.0197913908930979,-7.692316485688382e-05,76.3149742504251,1.9747547816680384,72.89471560461423,79.30769313064148,-0.17332371691965537,-3.021279107154851,2.051577289730943,-7.376550848424631,-0.2609646175017694,-0.19231314137629357,0.03250153829137087,0.0029940818515262597,0.0377694913990151,9.819373118685935e-05
107.40805599023543,2.4925178617205868,99.75122445341738,109.60168848713484,-0.18461071670717777,-0.01863578121914817,1.1060573414361377,-1.1327316645099794,2.71377872477484,0.09481697676418978,0.019623989021607436,0.0015818401104040834,0.0221734313902097,-0.00011067535455819729,Single-leg support phase,91.43951354190263,3.041518451158159,87.8635648419941,97.5151907731831,-0.26085475489699966,5.4169810023790355,0.20138013966313942,4.9062159782121615,5.74432983943291,0.008658525299137083,0.016739850648254034,0.001254085168894967,0.0188117158288654,-8.808009108528646e-05,72.8506279266481,2.172892881142335,69.23414363558265,76.52886147260942,-0.19715453613585857,-7.810921669523142,3.8204569191260367,-15.196981410496065,-2.606798072089269,-0.34027522536234583,0.036805242729831975,0.004279660471700001,0.0411614794039541,0.00029804951852232967
75.47351590868912,2.1931004746071983,72.16763547398703,78.25025763093349,0.14911319577305757,3.1840215450588096,0.6744604618886608,1.9293259440215584,4.444236577246459,-0.005633104636612077,0.022438021576224872,0.0004812750675369928,0.0228331168364596,-2.5206457124324344e-05,Swing phase,127.3489653328748,3.482427823643018,118.22610372769044,131.19177323135642,0.1729979755238648,2.4934845943557904,3.834259806288762,-4.052151724835475,6.425811309068561,-0.25549440308022453,0.021334101830507452,0.0006817423730105089,0.0223222299845209,3.2236247620351355e-05,72.92337631430489,9.56365340329858,57.25409860099832,89.36490744705435,0.8678596985420549,-20.62289806778279,15.430025552098355,-37.813005013420415,7.650278734461142,1.2067603454080766,0.024682585763171627,0.003788539979890861,0.0280943742154969,-0.00022099778449774594
105.52809186395889,2.3426522729997945,101.20719564539536,108.62284157075958,0.20042286284768154,-2.6054040230874764,0.32625022722305025,-3.100466990568313,-1.9977417987720083,0.011890419005949185,0.011932442190506595,0.0051147218386687135,0.0208142055110169,-0.0003702313236494352,Single-leg support phase,101.2703553355565,6.2179616533709545,92.95423636775456,112.90826290720965,-0.5392980145798671,3.5718679854224433,0.5914952864116777,2.265959195359496,4.631053950941339,0.06392147988059034,0.014618016268983453,0.00024403871464914964,0.0149607298644274,6.704707514459435e-06,76.36194761119239,1.6580384604467264,73.27385463965955,79.12370976595858,-0.15810419260267658,-2.425184959423673,2.1121332933298542,-6.113471994969246,1.3477386173336583,-0.20165434087305148,0.02603309852071135,0.0021377482032026757,0.0292488061350763,0.00013838911182789186
107.06257188586464,1.9429956894859906,100.95030018429048,108.79273522351482,-0.13005772708292296,-1.5680644496943272,1.1890131755997286,-3.0186015028774844,1.6880617487762832,0.1272071149095613,0.007448034693218226,0.0019859983333531564,0.0117178356644203,-0.00011492207461432703,Single-leg support phase,93.37855450063807,3.337596009417545,89.08149829651299,100.009919475013,-0.2953627345540545,4.366250592210557,0.4554152408509795,3.467805454204199,4.80440302612545,0.03581523227338317,0.014256778716689917,0.0005072250427034668,0.0148590343987691,-4.907103908204321e-05,73.0526113622434,2.3518631537510397,68.8607138504153,76.48533103621479,-0.20607073475133766,-6.885406472716508,3.3089218861214826,-13.673243847902343,-2.452107106272564,-0.303273965989994,0.027144698425972776,0.0018145040652870006,0.0292488061350763,-2.5040111453272952e-05
74.53998697284798,2.236905856899721,71.35243024410867,77.41082436267493,0.09757733814430442,1.4026582716256455,0.6138027828546042,0.2521527286723715,2.589090715010559,-0.02235420208824446,0.010051951578717883,0.0002932125768666933,0.0103796883185076,2.3455391258570283e-05,Swing phase,127.52964844437977,4.819429877021923,116.33288953868288,133.2286942087796,0.21632593384570492,2.3327934841524076,2.53248810105514,-1.986636914745648,5.731521164751346,-0.14199286887596324,0.0161281744535683,0.0008257960829807088,0.0168772178889343,-5.9565718087024315e-05,71.91603866437072,8.391396483229068,58.14989787889781,88.13636214861356,0.8104449802625877,-22.27007697857354,15.827874541963876,-39.1399067382668,7.015552052820173,1.2093954721641194,0.013676425443422738,0.0014744214483765313,0.0149835435660737,-0.00013698447096532163
104.99883845799071,2.476870917679575,100.28354189506123,108.13120748139023,0.2120990699007838,-4.253171073590819,0.5636203510813101,-4.868409720128751,-3.023615772632035,0.043661217514253725,0.009757294666822892,0.004173435324975726,0.0187525499523854,-0.00033542303505665946,Single-leg support phase,100.50666776552117,5.040752736308263,93.03780426902986,110.17821434585782,-0.4632543264007557,5.0427284292326915,0.5424427340352537,3.591003036918827,5.51776593294584,0.050540267774511274,0.015104599718081634,0.002408167969492034,0.0175252642332413,-0.0001759168394877622,76.91766932981258,2.0428918807677285,73.60913466633534,80.59623078218422,-0.1888404355634834,0.28748528620086217,3.297190451014193,-5.044304369801507,5.6357173304312,-0.28864923514142454,0.024462020297620526,0.004236684524563695,0.0298524357459563,0.0002965335734536027
106.49059332300502,1.96501412541321,100.43775604842048,108.20108404642208,-0.13632167865639255,-2.6816622740730716,1.3949578024018783,-4.484610076214042,0.6194467422082134,0.13794748157897987,0.006710458415782682,0.0008058465403554062,0.0096368089994231,-0.00010323277174243514,Single-leg support phase,93.82323647573746,3.2343616613978377,89.60076404876254,100.03402984844068,-0.2819801567480578,5.450408106171273,0.1390703651745219,4.972919623241791,5.617023698687149,-0.009487571307573212,0.014301749951522008,0.005726764656588937,0.0311153048547389,0.00022400890680871353,73.43466474100995,2.1544687739718027,69.66616576918355,76.8344483096092,-0.19373736595745,-5.707463131214802,3.935898496889236,-13.428723638909169,0.2299002334176316,-0.369151996549373,0.027994107888607227,0.0026624317664385683,0.0298524357459563,5.741503800670002e-05
105.83708144182405,2.65553408266291,100.76416333695144,109.45091044495288,0.2347769488649038,-1.8317270954173306,0.4952092925274754,-2.338251015067244,-0.7908833821322779,0.03298921747866358,0.007505904837002307,0.004532008915004031,0.0199960104335996,-0.00042299973903123515,Single-leg support phase,101.94125473999203,5.792365179416879,93.28093394375594,112.79038590672911,-0.5272824854857614,3.0553408054179743,0.6628607794876412,1.4608753559457617,3.804521515689363,0.06334178810117841,0.005683577241243217,0.0025926124638182006,0.0129086161875037,-0.00021819624565353786,80.74154651061087,1.9690346036722637,77.28624078823437,83.81435715167609,-0.1764355773903169,-1.8471551495578553,2.8710228632575916,-6.643690575371435,2.3873001266754734,-0.24408082978505158,0.03260351534924555,0.0011403579894089721,0.0339761543163708,6.263977623513457e-06
108.37667887606509,1.3008341301110486,104.93765145440857,109.80490063166002,-0.035743830657212185,-0.41899994114224487,1.2946782168871869,-2.126986712660889,2.268855076848615,0.11880653485160822,0.004699001412253418,0.00044201088712396967,0.0052078666392301,-2.538540825953513e-05,Single-leg support phase,94.09703937343329,3.7822707654607743,88.88639963065646,101.17054622098986,-0.33200396190090287,3.8125191479933007,0.30887644794777663,3.09481350767834,4.276722896856437,0.01853777783344966,0.0059229220731530025,0.0035994248253727297,0.0170496937860942,0.00023632517092047028,77.28277666818846,2.2277742877497073,73.53788060597915,80.98672747217594,-0.20132018557288617,-7.212824450082947,3.6812199162723784,-14.632229379252236,-1.4881904717734495,-0.3552442947967239,0.03114183522518367,0.0017232716717170708,0.0329141889783694,-0.00011888320098593247
105.74694252344473,3.0310730994030943,100.19463023269,109.91614873940674,0.2627437434247766,0.8307193541227627,0.4064458591012238,0.5125709187436766,1.908764632022725,0.028336652241347522,0.015031992980553301,0.006437039428482505,0.0238136938467927,-0.000499101591124127,Single-leg support phase,104.2357164368241,6.270638730636756,94.89083992220256,114.95039278407168,-0.5421500773478141,-1.4618679602897706,0.7234535367557389,-2.3398488494769745,0.1982056789497896,0.06853933183829108,0.0054989756533638775,0.0020661148447889298,0.0134545085661248,-0.00024711039029271084,82.55904007981685,2.2619040900651934,79.06342948625463,86.7997564796822,-0.20908991874128563,-4.472918152506771,2.51814322193837,-8.846572469808883,-0.3461819549153632,-0.22974028418631137,0.017072520264464607,0.0023861289806714073,0.0235059045874358,0.00019664126461842166
109.04563823923233,1.3426582602273938,106.01598961266546,110.55769759806174,0.028288783437146376,1.797718864103812,0.9621505634291884,0.5125709187436766,3.245837328206596,0.07289235953633055,0.007466735086202778,0.003209590112898084,0.0116204957286913,-0.00018180617198277837,Single-leg support phase,95.53291577409827,4.034125393012012,90.35115743008416,103.42134971574568,-0.35324844015301404,-0.06680336113037506,1.2804889499512722,-2.047884064979724,1.6316759352526808,0.09675864097572393,0.004333541270658473,0.0002171796611135049,0.0045758645967269,-1.3941632662459467e-05,79.06590838441973,1.9431842330776412,75.79915993251966,82.35954031262084,-0.1773075778405724,-8.950777463228443,3.0033193417278095,-14.755169451886596,-4.233810482676567,-0.28436105322189265,0.01962181543745349,0.0029583250521486525,0.0235059045874358,0.00012038371027112973
107.35649648502626,2.3766206322088874,102.96525196926832,110.62980639125638,0.20715011951319076,-2.934110003201566,0.7400853806517086,-3.7954843604970936,-1.7325303328021555,0.030781892530401533,0.007302477457151732,0.00258739055866188,0.0107572370000274,-0.0001283049505095162,Single-leg support phase,101.35847252492177,5.5540203053879145,94.19117774852388,111.80158545711556,-0.4759569650970724,1.7617254820338992,0.5637108842671729,0.1526777872201964,2.8372983114084165,0.0725573114645465,0.004574748994280926,0.0006374607168346931,0.0054998823783007,-7.094523235624334e-06,77.87579036341039,1.7243351840485266,74.688618679298,80.81479027832424,-0.16557220537908746,-4.983351863248797,2.508250592589105,-9.0646223317954,-0.5707408351805267,-0.22956436477337497,0.02521569168495861,0.002143410637626785,0.0280649041140958,-0.00012251568625387836
109.28224048913998,1.6872797704321223,104.092899241543,110.84635506437876,-0.08839511908369035,-1.5125713876866278,1.29229276138752,-3.5018237986643204,1.7596393757157844,0.1422017074156785,0.005107876615074114,0.00044479679381731257,0.0057495581302928,-2.2947506700910802e-05,Single-leg support phase,94.21871428968281,3.0726896662569,89.85983868950352,99.9164257535289,-0.2717996503790643,2.3441131097838293,0.4522476832082623,1.6660333962866984,2.9861669500932555,0.014444924936747209,0.004195692241731397,0.00010987921055406615,0.0043259399171195,5.54564995145136e-06,74.62065389839795,2.2445499191782985,70.54026618063664,78.02229504490398,-0.20221699633154996,-9.857851434116048,3.371190212637177,-16.482463881261097,-5.140611905920073,-0.30653653987408175,0.022933566453158173,0.0010595925920260038,0.0237224257112534,-6.197619999555944e-05
76.11802218192538,1.6797018008998292,73.89117796656564,78.43037041887555,0.061208366592258645,0.16600805299478294,0.7032265893444386,-0.6909512159080622,1.4138335284868675,0.029185008471192257,0.005832346668471171,0.0019527354726854727,0.0097522472594752,0.00011681832303521082,Swing phase,128.40655736173946,4.496107191595633,117.16355662966345,133.1518971381273,0.25039095473929984,1.7266338575058051,2.4117253720098306,-3.3219072382695183,4.348142646160127,-0.1513572715226891,0.010497888301432372,0.001109315494943825,0.011723110995028,5.697804369083515e-05,72.82582644919815,9.121052549541588,57.773815699584894,88.90002358627807,0.8412488618025182,-25.09953224987755,15.40510041329146,-40.71986709770661,4.542239061094849,1.1919407309263061,0.016875878384917494,0.0015264815512975225,0.019056905177812,-4.0931128575070314e-05
105.88414264851626,2.4781035467294257,101.4501143548024,109.8402025908129,0.22675914151379725,-3.7015673963039823,0.49328777339101065,-4.072279058623906,-2.6539637363848985,0.03737412919648143,0.009339379160251121,0.005043055301659682,0.0165420014689486,-0.00031252046448829456,Single-leg support phase,102.65364289656294,5.748384877234679,95.04380838146628,113.00310284828709,-0.4853863369411029,1.7924600556910282,0.4701771884079804,0.6463428382128316,2.6528427628212725,0.05422972769212003,0.006943327386043792,0.0016934831662310927,0.0084942557194486,-0.00011267898967480002,79.0249519537205,1.465051023296201,76.67765241226805,81.6300229091195,-0.13384785126625562,-2.762054607768939,2.31023563627978,-6.601383755828106,0.6038001333508953,-0.1947346997075406,0.02185277948554758,0.0005722629145501879,0.0226714717792365,-4.2729541509372984e-05
109.22056923373081,1.6019003302090682,105.94492580430152,110.87105146590962,0.1186101545360541,-2.5071433471951985,1.1522362335637797,-4.051308395307715,0.1099661554788649,0.11246687975098864,0.005341948436191448,0.0008529410758577128,0.0067338730730051,-5.185013434329729e-05,Single-leg support phase,95.18932776651604,3.1973289140429024,90.18408007494898,101.66126942689075,-0.31019430680923715,2.533056477579228,0.5114459298446273,1.834814443755946,3.086125563344813,0.03175841215329104,0.005012054089432787,0.0014894551439296954,0.0074431155061081,-9.092924767968108e-05,76.54961855519339,1.5365708850638717,73.71464716678562,78.92942111457357,-0.14093983642670127,-6.863075295490352,2.6716107046122435,-12.124573716752089,-2.713479449298774,-0.2543538991203599,0.021059683817937644,0.0005131273952632983,0.0217888273085592,-3.4963690172289156e-05
79.0428530210997,1.5193768706436024,75.50619766222802,81.90905297207765,0.17225151442880546,-1.1030434807995133,0.736601907163147,-2.5305139567647577,0.0305214332743254,-0.011046834269934214,0.0061508654623239544,0.0013815456811923903,0.0081819779111162,8.195703154595946e-05,Swing phase,128.40483973015753,4.757707666417769,121.09194835591524,134.27058488047422,-0.25779589754622323,-2.6432044176377754,3.783728423340316,-8.9158915099782,2.175880929405293,-0.29793991511604256,0.012010294049317876,0.0006566940250799407,0.0130004490918675,-4.317782149310811e-05,80.92065098117851,9.570022190382263,66.53680294956503,95.56370504252632,0.7845108673773322,-16.363403173972085,17.49919643399415,-42.68135045628747,9.686612619429813,1.4153503533977645,0.005946776889552503,0.00012400192062283377,0.006176187542498,-8.238269751810824e-06
105.80807060040793,0.9174220121236073,103.6667792235796,106.70381133619745,0.0582497610548725,1.840322342289895,1.1295665477084957,0.1901196686937902,3.848490845231809,0.09797434514161618,0.006030230780381446,0.00275900657960818,0.012234024994902,-0.0002231368686695919,Single-leg support phase,97.06595694344396,4.125988299932194,91.86566327998152,105.68708448533424,-0.37355192446899244,-2.6816423257521746,1.1061617807051387,-4.103093418892953,-1.0184887219598449,0.08336769451170561,0.004872240606633754,0.0015504267467873801,0.0083565271479674,-0.00011764751487906215,80.57926952989023,1.1150314946002087,78.61474403628642,82.41155631815768,-0.10261654815868256,-6.9038684923206475,1.7370852235226086,-10.659283273292196,-4.464478109998792,-0.16742716657549742,0.02266417246551532,0.0015826412584034,0.0262083338000751,-0.00013995084136520273
102.75082920487539,5.315804436887527,89.69339411355222,106.70381133619745,-0.4506513469660347,3.9791022888499024,1.4671140607772046,1.9702533870024377,6.524767945085536,0.11978515503295825,0.004445530629978576,0.00038466836434706376,0.005185550775728,-1.886388231577027e-05,Single-leg support phase,92.40499281902298,1.69463161070709,90.34420070056434,95.85950934174376,-0.09602640570166328,-1.6749536266217566,0.5637937873837813,-2.9128263777006054,-1.0131527799005222,0.015078169645668766,0.00420151381489503,0.00015203390557305755,0.0044661295829092,5.958616253832428e-06,78.43619986057432,1.4664006434502528,75.56305289056709,80.61574539018733,-0.13655925674649286,-11.477513883042006,3.931343353984699,-19.70102067764288,-6.537609367721259,-0.3557678732411249,0.020652666893718682,0.003235816991027717,0.0221638643486619,-0.00029090311913985945
76.9131515463971,1.4190405317670474,72.99250653303464,79.29612391447398,0.17036803733619832,0.9340566072029817,0.8751829048163282,-1.109330907138763,2.1913484148119444,-0.050463383625854535,0.006864446555744587,0.00040536146131839236,0.0087835743150325,6.072030962832704e-05,Swing phase,128.78521830263443,4.818168390910735,121.59981420423514,134.7900994848324,-0.24912196668647177,-5.970069846499062,3.262906421140286,-11.708739844894083,-1.6789326437509422,-0.271075870301166,0.012287446812672298,0.0011275752512461433,0.013177407510251,-0.0001172669202420243,81.64007011659692,9.16160104965977,65.80863551389442,97.03521673821471,0.8439616547113594,-14.496970683294817,15.46182893554841,-37.03416809824951,7.804561418871748,1.2118575545167907,0.006542191434534298,0.001494104896781041,0.0085837599125513,-0.00010043457146226216
103.94713750594072,2.4108547794642528,100.2651520591051,107.66227303735786,0.19992218860142588,0.10059254641757405,0.23417407946155847,-0.2449969725120621,0.4253872673392974,0.016140002166925276,0.008960740533617385,0.004169806740686617,0.0192696585013139,-0.00037249769462173785,Single-leg support phase,97.18460893390247,4.792123692984044,91.41057423629594,106.64993856430186,-0.41187471156772754,-4.607305978250394,1.0369497297189865,-5.707522211400927,-2.284514547126401,0.09251372065606828,0.0071146372217172306,0.002699761145555838,0.0108105485408583,-0.00017436136761016488,80.16281000158521,1.3251860007373226,77.62520777527348,82.25845016946633,-0.12522276741061752,-3.9991579182892156,1.837305536546955,-7.600030591365819,-1.2091457785605637,-0.17272661656230417,0.03110348840262452,0.002880646191464422,0.0343900939327377,-0.00014004107619166757
106.89333087108503,1.3081735789562294,103.87245960074372,108.24988308123676,0.06717102936388866,0.6668688044942047,0.5580999869237732,0.0787130428547393,1.9383872457439624,0.05026146494295197,0.005716336662915981,0.001085999986386855,0.0100628841673546,-0.0001364303687839216,Single-leg support phase,90.8891994037946,2.7970435387990102,86.77884741250695,95.37873585609456,-0.2324294173942599,-3.0280884709178637,1.2351968300039997,-5.396902907205306,-1.4463839017017572,0.10677078393252835,0.0046148581653848,0.0011167989736723758,0.0091564989546577,-0.00012531650323586755,77.51591287965371,1.8800625566825153,74.22782481132622,80.30205850881168,-0.16416847831041806,-7.947652619492346,2.9002498471051537,-13.116308448646029,-3.7589028005359935,-0.2529028553543253,0.027161119019193176,0.0026359784570676764,0.0337993870530829,-0.00029449184042932436
73.61735946272017,1.5526781242724461,70.24422263025275,76.58870169438363,0.17147240713867243,2.260604860895618,1.6045252075741285,-0.8993121270959618,4.278420472202637,-0.039518918333206685,0.006029988885874886,0.000984697716564609,0.0082665559002506,6.0757644034878394e-05,Swing phase,126.46260655979667,5.068197077027744,118.15232013675886,132.48074546287162,-0.3114893496194386,-4.3556963418605505,2.4112878250554295,-9.216491131163862,-1.3543772517286825,-0.16535965010689127,0.010014702839911637,0.0005938218247005875,0.0110467481486567,5.907197908483786e-05,80.50287101203959,10.756181100440076,62.02850000237448,97.15247910442092,0.9492967324877416,-11.735175161224225,17.303034914306213,-36.91195875840316,13.04535237783116,1.3501975982766032,0.0066865620360544555,0.00019219047072155317,0.0071123351007671,1.2357448728402716e-05
105.4280070071474,1.6420163698976318,102.18713348182506,107.08291148960534,0.11982200941792169,0.12151127804592968,0.751420975880169,-0.9077259076069164,1.514114168284577,0.05610192646262835,0.006580297136038785,0.001818997490962697,0.0089141935413844,-5.025616908216217e-05,Single-leg support phase,93.49444719128905,4.857596155000099,87.2531090038989,104.32236054361938,-0.4613311226951482,-0.27914869504977746,1.102945722559534,-1.4985837017535757,1.2919478310543502,0.06117182099047259,0.00531022008810572,0.001600787495563644,0.0072215927350291,-7.417142692785947e-05,76.75217310822401,1.679555078702807,73.51301019140386,79.11046456116341,-0.1512825505340418,-5.549009899896214,2.014453685837251,-10.323652665597718,-3.0806969036828784,-0.19575556113283352,0.025684787768080128,0.0018323940767029764,0.0280934389758713,7.70563577394351e-05
75.03716492325395,1.6209803515574672,71.94791426426877,79.12354414167623,0.19393594263263403,0.31791988834145124,1.2890355420925175,-2.358800555792472,1.6257108666576097,-0.05906664608000689,0.007341764001201606,0.0016856881505520841,0.0096345071757195,0.0001157818973583,Swing phase,126.1893636694157,2.69977269863425,121.77899755424636,129.65307405303872,-0.04255472141814056,0.7355192428733225,3.0336297678024295,-3.4622055939181364,4.655683384668655,-0.16809699400698097,0.011803228309957182,0.0010594549219072442,0.0132253787253326,-3.929930378911085e-05,78.63796052173116,7.169289753252586,67.59399176080177,91.67491164351682,0.6508356725058122,-8.611847331296334,19.483625881588292,-38.25289174241938,19.44928132226061,1.559518190937297,0.016762363751025945,0.005619868721911863,0.0211094690915028,-0.00036510834339821086
103.40009704801028,1.5018713247182485,100.07246400110428,104.80311188494792,0.11553713835705728,-6.977183641441183,0.3253370164298513,-7.318434067579806,-5.937767024872599,0.02646801629636639,0.006476967630368982,0.00035905910444528093,0.0069844452444642,-1.6471438591794595e-05,Single-leg support phase,98.44199370803348,4.298645653393601,92.4101706597868,106.8692073064914,-0.3907847742352596,7.489984550669871,0.4251377797019981,6.591731121163668,8.16107968398307,0.04241482602214601,0.004969646787581074,0.0013153142813778858,0.0068618374699205,-7.481792926122703e-05,72.83648515938991,2.136495511240668,69.13464393408573,76.10699118430358,-0.18844181757345543,0.5245588200653716,3.090924001697832,-4.833075081212655,5.242098369782777,-0.27230198516203874,0.033116963521143794,0.004205690130779094,0.0379513584817765,-0.000152846144417254
77.25900522313475,1.8273242760750177,73.67441231152905,80.64521395911915,0.188400044529462,-0.9069872870620801,0.793159265809351,-3.26109601249436,0.2074234801538955,-0.06029133755458738,0.00710605189029932,0.0013764389283251479,0.0088056502141127,9.639964309408917e-05,Swing phase,126.4638994909733,2.1854559815741377,122.36386534800984,129.07887251707126,-0.017971325586778355,4.78092103114792,4.188513774047387,0.1358935035449616,10.510971620949189,-0.20373333748939143,0.009973157366411517,0.0012664750459913901,0.0119728732406511,6.72584283964027e-05,76.63131640450577,6.7208910651982885,68.1026765775567,89.46271501474169,0.47827443189522584,-7.917238841300237,18.3119239729288,-38.30401845972064,17.803442587800564,1.5164178661492216,0.027766551872644405,0.007357313845732404,0.0338932800809766,-0.0004500194743065081
100.74199202615861,2.96884332283243,94.79536441245524,105.39214224574393,0.2863994008996942,-8.186329369502634,0.5396586259087606,-8.78888754800007,-7.127168685456226,-0.023028451612476738,0.014960032099125175,0.005024810669727528,0.0207931951995029,-0.0003518783250168973,Single-leg support phase,107.83112525049394,6.239072820979384,98.38852279860544,118.59029401725664,-0.5459938167203028,8.209298687219308,1.1326624922425013,5.4893059648946165,9.118420132778535,0.09730789110123768,0.00551677288476327,0.001123519655222193,0.0068121393248645,-7.712641294429999e-05,75.27448257791268,1.9733826163670685,72.35174156337455,79.29296152943283,-0.18760053962319687,4.893752881379815,2.028568133712262,0.989848208238261,7.854841830672679,-0.18554036817390318,0.016570332256832784,0.00713229357409617,0.0284583964139058,0.0004961640220592595
105.03382832827778,2.3118831892508953,101.0018692151256,107.95270753087318,0.1878604950202051,-7.8844732100983,0.7984959377252373,-8.78888754800007,-6.177929723428496,0.06380569817641174,0.009113466964461345,0.0036649468721762315,0.015029446662634,-0.00023638416836137293,Single-leg support phase,99.05051814602322,4.563599618386045,91.98364941231372,107.95189355365622,-0.4315741659822296,9.266041641119234,0.2553201006253291,8.800431285436778,9.69718664083364,0.015850695955756187,0.004282029946983304,0.0007755519460208547,0.0055458661556948,-4.74929831724e-05,72.27294602725519,1.6385655538036534,69.4620697996478,75.03427923534899,-0.15060025501895127,0.86693782258135,2.779913609019334,-4.028159278432884,5.223768660116572,-0.2500521064472826,0.025725782052299546,0.005912445130637704,0.0315397094001581,0.00039719472560557304
106.09197720818925,2.3513210120786985,99.23196114689738,108.0922791524626,-0.16649138104990677,-5.708773231226521,1.9330469525464848,-7.979221395117865,-1.2571408589786897,0.18167785232808584,0.007579701097361227,0.0012336651055960526,0.0092347854183679,3.884744643920812e-05,Single-leg support phase,92.8412230482971,3.1215316115085683,89.26209856579206,98.38852279860544,-0.24545547963752268,9.275382062614977,0.3025146056973822,8.525744934597611,9.69718664083364,-0.015241973001156739,0.0038335760832627864,5.1355545270571905e-05,0.0040326807744561,3.862267046364873e-06,69.33471710506906,1.9439480927005592,65.71247178172057,72.35174156337455,-0.17943972382848594,-4.604135149967325,3.8504588615890287,-12.311044895435774,0.989848208238261,-0.3594835973965955,0.027473917755089214,0.004345115632426089,0.0315397094001581,-0.0004598521587769541
78.20089388626681,1.8744346956651181,75.37124928502541,80.92787382082497,0.14161149335973625,0.7061467259985494,0.6361106627008991,-0.759702285588513,1.3662806087939876,0.004945693363934905,0.00770369518712829,0.0013148122261649648,0.0097434999005124,7.17006566341946e-05,Swing phase,125.16169832600399,3.463352575407812,115.8072986707419,128.5460197851232,0.21786483029108497,5.201566648098018,3.917445106324612,-1.0202792124004043,10.13146580701934,-0.18178747510953272,0.009048920816816082,0.0011797685697777318,0.0099699874706454,8.218737050056755e-05,74.22591453889655,7.603821557597077,56.69555899913137,86.86781810297117,0.8154664622659406,-20.93003100973036,16.726912115379882,-40.75302028183867,7.372908771402522,1.2519189395067094,0.01928320220329168,0.002657157517662689,0.0224301516469454,-7.542940071774865e-05
106.82991033628596,2.422529413503771,102.68199998229368,110.3260728910028,0.2065965651002465,-3.126745104166339,0.7330875892962874,-3.975126366036545,-1.8871799877197752,0.05641565953071517,0.008876859817976899,0.004078301131059681,0.0163549025967595,-0.0002784944348757487,Single-leg support phase,100.59705543445914,5.997965866267348,92.77352453310849,111.75514932906556,-0.5130168863772182,6.123554284178388,0.4559695518826729,5.358580291654019,6.987243973472616,0.0439729638378637,0.004571208579449252,0.0006120465992966416,0.0057280905473471,-3.879980775888108e-05,75.54205177506428,1.5567418122266394,72.78347465870776,78.22381110648938,-0.147036120210314,-4.290662652389945,2.61478286499597,-8.99622196393385,0.3583689078616474,-0.25282678031879724,0.027345677602021053,0.005700923713345595,0.0347313518730137,0.00031900394585227296
76.8280908822475,1.4706601312503789,74.75962497868137,78.66227977659788,0.05714997272026778,1.0885837449200422,0.5896171387324735,-0.5994072795192964,2.121651438008113,-0.025588872371723092,0.009504156929759594,0.00043200893327084087,0.0117438710656432,5.570334427713786e-05,Swing phase,125.54751390608358,4.5468973966196025,114.3044021654298,129.69147074726345,0.29298638830730367,4.4712216105271665,2.903760820190381,-0.2940153747915123,8.380915766249599,-0.11768188413443872,0.012147473968518578,0.0015811420667889119,0.0146599854307865,0.0001561177242194973,73.79204401203907,8.866474999063604,55.76227493978914,87.71367288433721,0.8635512957985967,-24.370650982118406,16.53864586589786,-41.86385484669439,5.861734018970648,1.2608671581392434,0.023132700346926396,0.003186111943474427,0.0252599253191848,-0.00038729686845328116
106.50296770209333,2.4865989503832395,102.24495883940322,110.04252469449564,0.2107450231106058,-2.9780744969382753,0.5234849390080047,-3.6911643914662817,-1.8660164510425057,0.04044944219990311,0.008649810725485272,0.0032320719740793285,0.0170025603080299,-0.0003154796811865135,Single-leg support phase,99.8768379295176,5.094886027065596,92.67750324515262,110.4872160508626,-0.4813435893435129,5.852674110019796,0.2975299017265446,5.217763511892823,6.279947230017527,0.021498656136849908,0.006614505440565406,0.0006619151206173647,0.0083021035100209,-7.487296664539731e-05,76.55036503318432,1.6139015067701175,73.62449887547696,78.99527033158117,-0.14515598530011373,-2.759053722914927,2.562596065818598,-7.351834132681557,1.1509898057814458,-0.22980605239089197,0.019812920011257253,0.003739716219791849,0.0256502915581924,6.219399547321623e-05
108.68597611188447,1.6024088231374252,104.0026421116188,110.48950311129812,-0.0748479808454507,-1.514055519113745,1.2698892251888452,-2.963397798071344,1.579277318366485,0.12277500314696836,0.006129818146437108,0.0009316751616768912,0.0091685473121462,-8.026557279704866e-05,Single-leg support phase,93.16990391117085,3.239052186064929,88.72908584597027,98.69645781454516,-0.2693884315831049,5.931859654959166,0.23399698294890514,5.374212810619818,6.279947230017527,-0.009821793706681924,0.005920762762256329,0.0005183847095810118,0.0065571176968902,-3.3449873221556774e-05,73.49862226888017,2.040843748896261,70.05643325874452,76.72921665277796,-0.18034549713603906,-7.91881617293985,3.652587734792186,-14.93096454086396,-2.6279049771553216,-0.3325151233434767,0.020982841617332534,0.004606551962548462,0.0256502915581924,5.968844749873788e-05
76.85347071071531,2.148016302088917,74.0948696549877,79.57028321474387,0.11356432355714603,0.9442331042724588,0.7160047674034155,-0.1385560120941986,1.963951705547424,0.03493621074616141,0.02358103630883702,0.0023084868058687027,0.0253326122741392,9.750872303354051e-05,Swing phase,127.35196052330237,4.355899755717911,116.49113117514663,131.90095077303891,0.2596097671759644,4.016610368805002,2.5661448756262706,-1.9100159530322685,6.75755081079208,-0.1594751881487802,0.010965232341768934,0.000883961924717084,0.0120048508557204,7.676015395761082e-05,71.46311028101198,9.166188593512496,54.547588324268816,85.46041115345695,0.8354816980861657,-28.0919859174566,14.360674347326313,-42.42236816125041,-0.5604539290959738,1.080428817533201,0.031060565325484315,0.005438594435198542,0.0348956966801903,-0.00015138432947880807
108.94046632993867,2.0990778704808912,105.34012205364168,112.0907031147941,0.18244813678790317,-3.844762370317511,0.5973768511260821,-4.45482554375385,-2.39106027586115,0.05577743967277569,0.017977187203611276,0.0003724656110632249,0.0192627943630516,-3.015778976207834e-05,Single-leg support phase,95.4170709081689,3.3909326904078987,90.2097545943633,101.46508108655269,-0.30419801330241575,5.566087756538736,0.32261582711149034,4.991581446570624,6.008145433467417,0.02215200121705865,0.007212617239976729,0.0005828058731114499,0.008367041550043,-1.1375529580756904e-06,74.35154711519176,1.7249174940405043,71.15726618355978,77.11759164572325,-0.1610898773557694,-5.392288613911485,2.7880000882654254,-10.485303800224523,-0.6113604732153131,-0.26686333316241106,0.02442137839840139,0.00206604016074748,0.0273607092274898,-5.8513938255235137e-05
109.5105609829391,2.9244119990916375,100.9687384788228,112.10446379349212,-0.2210117591996281,-2.217106305195163,1.4886658923162952,-3.9427036646250815,0.9482838467676634,0.1321888516592634,0.01900894529300202,0.0016541574388634825,0.021950990869822,9.964316442024858e-05,Single-leg support phase,90.55153680665983,2.457731393555521,87.14015578431584,94.99015330566463,-0.2121620951715891,5.595062222210868,0.3605509211209207,4.665588838413185,6.008145433467417,-0.022070877602603,0.008371634188112594,0.0014370894723785895,0.0108287208911819,9.389644209694596e-05,71.30642368061207,1.9401520539582109,68.17296456085592,74.52269541956326,-0.17161434753263097,-10.839937973304062,3.877674285533605,-18.22580374351312,-5.376435697862419,-0.3472802174500189,0.022943955204799103,0.0001259858975387465,0.0231153870758679,-1.2415984973270405e-06
76.73931366470107,2.8345274414692314,73.17372822069602,80.41441604416279,0.18934925734093763,0.06085756425460283,1.5909605771437128,-2.319471177291972,2.215816957572596,0.061666159310162866,0.03296359951792878,0.006757405708379799,0.0405199551777859,-0.0004007788533694811,Swing phase,129.26790746786057,3.36824149611848,121.53853769441794,133.84046282400772,0.10757454729558485,5.205600924932565,3.2877166798843818,-1.521845355705349,8.372603015389895,-0.20693753798427225,0.018406136525608765,0.003028383429815631,0.0238083254824682,0.0002075538437759406,70.29945924067813,9.905317546866053,56.32911227799472,88.9443467579213,0.8814928237817994,-24.218552581939196,15.706381135465934,-44.14787673879589,3.1816541138003087,1.247512483145916,0.01839748495150077,0.0021197312476957217,0.0203964889764707,-0.00014601643530053515
108.34178079270407,2.198430297423575,104.29408686280186,111.63685506800618,0.19845319473525197,0.8451549197828808,0.400817421255829,0.2386635690008808,1.6833245653557531,0.03803179584103902,0.02211144029299337,0.000392915150795965,0.0225123138729391,-2.448350256148377e-05,Single-leg support phase,98.39945705637042,4.471142010744976,91.62449977722927,107.37793312953168,-0.4257684689811462,3.7183698719467633,0.2125875338876831,3.263196968482345,4.0580478664591775,-0.009990072197560767,0.017067038987806118,0.0003692293371255008,0.0174723111971721,2.359411628125133e-05,78.70108589412384,0.9200971811120517,77.080318721679,80.09060421581184,-0.08135906740899541,-4.580169193764699,2.2563082007528,-8.679305819976445,-1.3920912722237957,-0.1969517445338554,0.020520278943409683,0.002193432363926675,0.0226743595697001,-3.315787387942703e-05
111.21217059719109,1.3355781266809301,108.690962534248,112.87628033314472,0.0691162676225501,1.9264324378110451,0.8938259036490003,0.9190161802893247,3.4152767843339613,0.0674665028120172,0.02095021307726371,0.0011714834571761317,0.0222161472815756,-7.512882093395402e-05,Single-leg support phase,92.40746584075227,3.0615710750709466,88.12121056172747,97.90416852493384,-0.26440426927584787,3.626490860605546,0.2993140151174474,3.156975082880067,4.0580478664591775,-0.0007398678454091607,0.016990800963060017,0.0005116386612755896,0.0174723111971721,-2.3242100484902763e-05,76.8333917208609,1.3291262623957443,74.3297781257299,78.75950394612585,-0.11972231947016065,-8.90523703795063,2.9956892874011887,-14.526925498497947,-4.128789858248379,-0.28103069297971806,0.021935445813134443,0.002567459615234252,0.0248531292464021,0.0001841523838179567
107.3877524964072,6.523591919909391,93.24098018939532,112.87628033314472,-0.49718580753002345,4.119613075072686,1.7427749379652373,1.6833245653557531,6.870182619139043,0.11962371310560102,0.019015294463556456,0.0014238191027573807,0.0215951863578782,-0.00016114870985127304,Single-leg support phase,88.65439666507268,1.5630889022161767,86.59967786689721,91.62449977722927,-0.062339434873816366,3.029665845985692,0.6376830574366489,1.58139045005989,3.7893268061342313,-0.045454230227633924,0.01646317729069784,0.0004348928293670488,0.0174260566980327,-2.2507884221672952e-05,74.1739031270848,1.9609262337182864,70.12286384470576,77.080318721679,-0.18803932099927687,-15.375826719515013,4.9716182319501225,-25.82591172054776,-8.679305819976445,-0.46342178109652205,0.022818884530167616,0.0022330323814809456,0.0248531292464021,-0.0002446296018284189
78.73116694996656,1.5819477154152202,75.52961707151918,82.6131261663676,0.1914461917526601,2.506954795697028,0.8648927239147671,0.5494303364441089,3.687142326023378,-0.02902747783496365,0.020305069364051385,0.0009424558171086083,0.0216528660248338,2.2727403455599985e-05,Swing phase,129.60532991188148,3.0747172283944955,123.88323067966508,133.6152483177529,-0.16134436806667024,-1.7469482565582015,3.7639983788009217,-8.504973180395671,2.702807851818935,-0.28136701378059387,0.01690809163661572,0.0031537272396596336,0.0211427161766005,-0.0002076791500276595,82.00523833602655,7.779249414049592,68.28365786928188,94.86402689906052,0.7183883521561794,-15.787956387635365,16.73576506308798,-41.547269943508105,8.242896963267894,1.3456801866696217,0.016050117253255926,0.005802102172776755,0.0215430646564399,-0.0003280188627226351
106.61453697827912,1.8402200653415368,102.63837052085782,108.66397369011216,0.16101952440300699,-0.350476500929352,0.2739996359669688,-0.7619930228096589,0.0569072856154109,0.0036481826871469954,0.008829159528691476,0.001520583674170861,0.0122225930438487,-0.00011530411868815405,Single-leg support phase,101.49169722888064,5.631689657435447,94.26101297508578,112.45445096734367,-0.4917145403312945,-1.9342147390436246,0.9927199003927495,-2.836255562848405,0.5331285424198158,0.09106443527751948,0.007773952938690466,0.0010305708123029339,0.0101059425584206,-7.594286961831621e-05,77.08452846554393,1.275342630789086,74.70760602749088,79.15224262635283,-0.12012531348275535,-8.853192218065702,1.2658396671989964,-11.065277237572218,-6.4849709541030665,-0.12379206171538247,0.035256046660538345,0.0006342198265337132,0.0359461604718753,1.4874375676202727e-05
107.7603679445298,1.0372009870379426,104.2102569424548,108.66397369011216,-0.07671023389724842,0.19020640526373983,0.5432125834497838,-0.5566181962841246,1.6214491316356103,0.05886668453837121,0.00765560390622397,0.0004776726303443654,0.0084640264184918,-4.24076395123189e-05,Single-leg support phase,94.50337829591075,2.8753173157905865,90.81935713384354,99.7370973925573,-0.24000132197426605,-0.2501605426291104,1.376772705301845,-2.746463389417752,1.0409317162796086,0.10236202988371246,0.007013091007142195,0.0003442865427447222,0.0073988586256267,-1.6127724316837834e-05,74.62506545033278,1.737685931261543,71.54012429746894,77.22824884892044,-0.1537330959851759,-11.809249857984229,2.3535346379952147,-16.79647030298222,-8.928688811203118,-0.21264274302105685,0.031592392589340414,0.003986249240209307,0.0359401272553623,-0.00036613510464008654
106.68135994817699,2.2924730988420046,102.13326763988547,109.40559722582486,0.19654944826863213,1.7063530057915737,0.4908078060960196,1.1752477608229823,2.85636751650832,0.035230561155522894,0.02455789469420349,0.0015061317347286798,0.0282089660074018,-0.0001283204484309865,Single-leg support phase,96.31704556530553,3.3223672636437844,90.66056487753268,100.70822331004206,-0.271558336013767,-3.271774402782934,1.241801439692561,-6.45440054933639,-1.3219830788652978,0.1387139856884079,0.005671884025528252,0.00128999486576016,0.0085424485995034,-3.732333355715944e-05,79.21584978120528,0.7684924268995624,78.407521776802,81.04962267930956,-0.07140813250020446,-11.282903076810385,0.3470267563214466,-11.801391804275974,-10.740164429952864,0.006032425854589257,0.04294487737278674,0.0037319141019208847,0.0496018868682725,0.0003292383281769947
109.1283665131529,0.7457242168765851,107.14875386868256,109.81525804333936,0.06742752724277029,3.064433702812754,1.2560673253485612,1.3402693401923884,5.513608508197625,0.11279295048662802,0.02341895374771392,0.00040492512518175,0.024998400139026,-4.994016911898647e-05,Single-leg support phase,90.78173306350986,3.219126695737163,86.24479068383226,96.71686060090263,-0.28302891667757757,-1.3217069781293858,1.3198786805645826,-3.073554022042396,0.6658189785472094,0.10106413515107042,0.009156759799996353,0.005921115918564835,0.0225868066946986,0.00042533727245150273,78.50353779952371,0.1857641268481413,78.33561325096167,79.04018369853438,-0.01587502734209682,-11.097287606574,0.4669918448294836,-11.801391804275974,-10.411282409593564,0.013034786606538413,0.04573815520710324,0.00401611782541839,0.0496018868682725,-2.2919013412743137e-05
107.44013250936203,3.5695034931253056,97.47692150438908,109.81525804333936,-0.322396641119886,5.080559865655627,1.2017266480559985,2.85636751650832,6.396736009014331,0.08528524708274521,0.023178395342812522,0.00023541950455918857,0.0234723390832987,-1.593345064397838e-05,Single-leg support phase,86.79112850314304,1.7066482176599334,84.93101775070298,90.66056487753268,-0.15353102052220083,-0.09700006988513632,0.6914427021752384,-1.4388654901233895,0.7368799514329072,-0.0031589840880565335,0.02318395815750124,0.01590634090817979,0.052306421400822,0.0010930333756043137,78.5437459174862,0.1935360160984036,78.33561325096167,78.97367072903762,0.01530132303339519,-12.28543969727669,2.1178957221743344,-17.473139124931294,-10.411282409593564,-0.1747072614035988,0.04027405085364329,0.007529726327115821,0.0496018868682725,-0.0005261363045448379
96.34662970928699,10.529325611667824,78.18246209151154,109.64357237666506,-0.8503002779771223,4.837340767712843,1.6039555312341462,1.6508265224670582,6.396736009014331,-0.10439951312785314,0.022474775231004954,0.0007053721223183203,0.0231508789047684,-4.233815499851896e-05,Single-leg support phase,87.59695528207466,3.7175454940519885,84.93101775070298,98.40762038800932,0.32872512713992047,-1.5283509427043775,1.8082363030287099,-4.112062036117242,0.7368799514329072,-0.12669960697154362,0.04151351041266917,0.013019948136454221,0.052306421400822,0.0008068426897502593,78.3423946908293,0.6945990430174162,76.83000179008155,78.97367072903762,-0.04190906223063994,-18.861413591428587,6.1746976987752875,-31.326265849273376,-11.212142189562988,-0.5436249637759564,0.0249727535574324,0.012852681591122128,0.0395036097960633,-0.0008166788935856217
101.12337879585937,2.8400347133436896,96.14661498953632,105.47191756948172,0.2520352048633892,-8.214448104370053,0.13344028757493503,-8.383720054398092,-7.950152912052231,0.00011447292174137902,0.014862149675771758,0.0011823829849729706,0.0163122783434562,-7.330800192174055e-05,Single-leg support phase,103.93992206333559,4.996584022880838,96.16209076811558,112.39938145548408,-0.4388456942532027,8.048500732876674,0.48124478236392576,6.7368853741534105,8.580566464248218,0.04980973154500503,0.010427304404285815,0.0006621218179921295,0.0112419421729024,-4.122428232740539e-05,75.46158577355477,1.9625446678881717,72.50007980588681,79.03690082369532,-0.17667083831914882,5.445635672711657,2.5182237759264137,1.050891340378265,9.198664249272072,-0.22021007861875158,0.017768170215631474,0.0065782686714769755,0.0291300414226892,0.0004516398687688325
104.95338618728394,1.8046026713188459,101.37310997099186,106.94477812849298,0.13994862825974624,-7.652741344313064,0.7467071075396782,-8.383720054398092,-6.036161873755778,0.06177791292721635,0.013197239715368807,0.0010297139977735069,0.014404266647202,-6.85900135691081e-05,Single-leg support phase,96.63909941277838,3.7680136799186226,91.14791924913128,103.80690171384308,-0.34213466120842695,8.605179181364147,0.3431385809932277,8.200559042005795,9.256998457432132,0.0274897591089728,0.009443884317916125,0.000651371188263596,0.0101825110755929,-4.309321528028919e-05,72.40618056668124,1.7591379017299122,69.27477203313676,75.31018415705022,-0.16311924659225568,1.0494665706069564,2.851089818346441,-4.318999815543908,5.690741567379976,-0.2705335508898347,0.026130108173474033,0.005040442596036322,0.0312204107281113,0.0003232635160374514
75.96172311132246,2.744209494110141,70.5576617271094,79.75543227675368,0.24858839323362905,0.6501895288893155,0.796824699597693,-1.1536686756035217,1.7158048868665834,-0.025290725380073795,0.027648038471936247,0.0035029073697677234,0.0317555501571983,-0.00022588678193193244,Swing phase,128.6050747789851,3.389555383575398,121.97604723668832,132.81735312648283,-0.054803023005045415,3.442542775717078,4.194536632926309,-2.625648044212276,8.567053526468833,-0.2442826137460039,0.011057449634341758,0.0009568523289784351,0.012468089645581,3.299488290743515e-05,77.95284931849318,8.741701204351749,64.07969527330866,95.27553380977358,0.8431307712558086,-12.939068312501833,18.325939024279332,-38.57581264106361,14.332523100206297,1.4299550200343216,0.025725575353756445,0.0051123519291651825,0.0295620074517256,-0.00027369528204555945
101.4313460708252,2.9190919735560037,95.57141947673948,106.10337282686086,0.2846473878411185,-3.3799514602188574,0.5536138558731134,-4.095913689581622,-2.3285428438398035,-0.03578671128430823,0.022630749786815063,0.0012422878649278565,0.0247870715928631,6.769205137697298e-05,Single-leg support phase,106.40035864320812,6.463508609022311,96.92343745219311,117.3646827067206,-0.5524660879602024,3.5312391161257985,0.9968773422075092,1.465724431355491,4.711678616348183,0.08772849148628899,0.017693654904602764,0.0005087435884205128,0.0182193787348413,3.243677519827568e-05,80.33978278821078,2.1298344428321903,76.99968248237711,84.53382350376508,-0.20362543301048558,2.3728507408084933,1.670177679509655,-0.72461992954554,4.8702255612802725,-0.15121204029258953,0.014985458391022154,0.0026511311824939016,0.0195620002810076,0.0001674006956925702
105.94496198416056,2.5245094558746612,101.65405445242816,109.6113016688752,0.21506073557964983,-3.6119236933236385,0.30481939500972827,-4.095913689581622,-2.896195647979884,0.01461267570581201,0.023478881329828,0.0010637588306064193,0.0247870715928631,4.1910545795959396e-05,Single-leg support phase,97.547248688443,4.284967919269436,91.29457388210524,106.31700195349428,-0.4060115694970012,4.995976391956875,0.7713641558724184,4.102829948161546,6.43858637544326,0.063128552088695,0.017688785080147117,0.0005649141603911476,0.0182193787348413,-2.4379297078627044e-05,76.89393890158588,2.0293175858626955,73.27148787233303,80.11255478170047,-0.1848937002531741,-0.8163004611265379,2.1487203583779055,-4.788398826101767,2.5703790302710834,-0.19888588801007706,0.020365611849653464,0.004718763340547473,0.0270348537399403,0.00032604824859027023
107.69438856970007,2.1901071660060025,101.11439012488243,109.88101421505922,-0.13483737032374132,-2.5298873492799987,1.1789525347166288,-3.652651161359208,0.7343032083195208,0.11856633431564131,0.021407850118471905,0.00261573016263807,0.0244319910232738,-0.0002155067752212811,Single-leg support phase,91.48771452252024,3.115361176804992,87.3361218618177,96.92343745219311,-0.2591166375777138,5.920491875957826,0.5301323776205057,4.711678616348183,6.551365046007915,0.03397819943860434,0.016471825778161597,0.001047955904052224,0.0181912533501569,-8.851914466340266e-05,73.25254907025958,2.337612736791877,69.31699777411839,76.99968248237711,-0.20764012725023565,-5.619995212725632,3.67039330752353,-12.86564662616862,-0.72461992954554,-0.32813585666548867,0.025820588113292253,0.0035132952476382064,0.0291677466067142,0.00015830967288590274
75.2190409611923,2.543750129153182,71.92152311707133,78.15437248598015,0.1523656804919244,1.717951833263931,0.9382046818684048,-0.015108529526489,2.921583434617512,0.03497561932949131,0.0200319614855059,0.00035906093572136554,0.0206158609138622,1.6759453885862184e-05,Swing phase,127.77534792392278,3.7556839034306737,117.63293828390994,131.5437845211387,0.2049638793836527,3.366169021174893,3.1532439427552954,-2.8863270034790305,6.469692930422646,-0.20190039432702273,0.018659624681607125,0.0005546230780629643,0.0191497950726813,3.544461136157032e-05,73.2410708807954,9.42859508770111,54.8642132326875,87.6939525188855,0.8872902509783243,-23.397078714338015,15.37598762851934,-39.32727932626751,5.464012485886565,1.1845517755888049,0.02855035358318206,0.0026564746758573803,0.0316135744183751,-8.65180123404189e-05
105.10276612707929,2.7380715358188734,100.08964280370743,108.94210397047355,0.2392557072098951,-4.1612134818299396,0.24585648813507607,-4.486027154615843,-3.816069915633468,0.0034175687400733045,0.009876956075814375,0.0038378076925687887,0.0173163614849615,-0.0003158656796700649,Single-leg support phase,99.92618509597126,5.337539848030349,92.64832312506516,110.32007256352784,-0.47761484968818063,4.643115742074627,0.6134514483609453,3.525505242796664,5.884762740562128,0.06376371615582337,0.014996515501253138,0.000400347089485608,0.0154831273548487,-3.193519280151084e-05,77.03713815624627,2.0269493202900217,73.53012291665907,80.51440121889016,-0.1887642784386781,-0.42203608642573487,2.4498179917243683,-4.403479455842426,3.6753018721223536,-0.2183454412963454,0.017357161453532388,0.0028646456671141607,0.0206790008373898,0.000225121136796773
108.02975873320977,1.3966687267732663,105.33922433894423,109.8079282515797,-0.00234747500222723,-3.3792037782383657,0.8271115052319077,-4.368691563301531,-1.1823529599374447,0.0861172595503807,0.006583968618881134,0.0014607650545018383,0.0106261299822458,-0.00011097730950998378,Single-leg support phase,92.91330475490099,3.2434665006900363,88.15050447617821,98.69959106998148,-0.2851104484811694,5.601367014030714,0.6872382490207494,4.207435036462119,6.27795288034327,0.053629820827880856,0.0140896805376922,0.000988781604101278,0.0153184913735145,-7.83531360118703e-05,73.36417300025293,2.411709460420533,69.11920918816986,77.0825627914518,-0.21522577306167417,-5.050867831564361,3.166124522228789,-11.472173686207224,-0.4668261804845489,-0.2974418244789912,0.019308862992575226,0.0017559933941375143,0.0206790008373898,-8.7599874351162e-06
104.86182883083539,2.8039674117957754,100.22174336934836,108.83667118136644,0.2328358868112995,-4.207959259415833,0.24614179375522582,-4.617294666477964,-3.8978685305667433,0.00043115319729730256,0.0086181834413031,0.00292138196729341,0.0143560474031912,-0.00022865886305229997,Single-leg support phase,101.21769213073917,5.7755457273624025,93.1194815756554,112.55547228690465,-0.5252970462499796,4.800846616547596,0.572151931795875,3.478369329055047,5.569894780206218,0.056527714895977604,0.0077080662283436335,0.0022433150076270354,0.0126482491145345,-0.00016932905756478109,76.7607280010998,1.8505143955516632,73.45611206728721,79.7887221288269,-0.17115162328485667,-1.1276137982995151,2.3764080293282794,-5.437783074543894,2.3663271362989184,-0.2109218975903463,0.016833051618256812,0.004514244382317144,0.0285200767943199,0.00043640441083374055
107.57082504193706,1.5499968814253167,103.58749803984212,109.30040573701802,-0.03916285409161946,-3.419028776400259,0.8794347636229702,-4.383822808568029,-0.8767305074670337,0.094786278408135,0.0060330445187525015,0.0003469827753440495,0.006432568618416,-1.8905710707867574e-05,Single-leg support phase,93.45255366473604,3.636025650024106,88.53656039766318,99.78650773479984,-0.30405263073342326,5.461328770233249,0.30333236919095663,4.751409450129449,5.853874452382188,0.02979635141223619,0.006283531546555272,0.00015420089508402196,0.0064174172936817,-5.3954948430837685e-06,73.30796287691321,2.328332855746992,69.20645195379487,76.81414222044168,-0.20561325044991385,-5.984221752202851,3.5147020324272775,-12.590640874471523,-0.9069521323457076,-0.3157753714088058,0.023521004704528375,0.004135486052284838,0.0285200767943199,0.00017756704207496756
74.44877404760905,3.0082694336147613,70.65680989980959,78.10929942640936,0.14154064013653178,0.713511759920617,1.2147094046195182,-1.2229147327436194,2.389281698230218,0.04674786809693863,0.007085329561971107,0.0023180501998621627,0.0126811261823525,0.00015858062503062162,Swing phase,127.10504676241133,5.360027894813414,114.7012986244187,132.59196641042365,0.3226815088203254,4.5939980475401665,3.0897409373330675,-3.007805935576121,7.979053395348997,-0.21234763463744127,0.009626759027972682,0.0019167173110735374,0.0118826023610538,0.00012416643260548924,70.10727757322533,10.654791081182948,52.49164068753877,87.9725679986856,0.9589439813823469,-26.61389970115573,14.540574195390754,-39.50605589010519,2.4428169453744024,1.1337533198778267,0.021501031314137956,0.0051050851604258485,0.0258598294391599,9.439075357935135e-05
106.36779354640889,2.492940789251273,101.65157369861912,109.75320599252754,0.21896303497049793,-3.266896252218963,0.27074062810701993,-3.5492648545835284,-2.746547367546192,0.007317188827995264,0.007227330064605314,0.0038887492553162364,0.0198910958043598,-0.00041756794970631346,Single-leg support phase,99.61848083116938,5.698520182391445,91.81887480941803,110.3012778362379,-0.49952440613026666,4.130990795724251,0.38966052863699735,2.992766774352748,4.786679418268665,0.048484125511241004,0.005362671901479693,0.002161330679596782,0.0139034528129907,-0.0002541787037738405,77.5200939168448,2.0773054305117546,73.80446986534201,80.79380461111838,-0.18890093907503677,-3.4160923646879207,2.8988879393359324,-8.24469420892576,1.2286983967282623,-0.2560376379906492,0.029350564926975378,0.0027135809932554164,0.0325344823266568,-5.5769902138213505e-05
108.31435766803666,1.6778671394251308,103.3201314210104,109.93863834689608,-0.08803240514930276,-2.238783347020383,1.2164722044168172,-3.4780880695163057,1.195893111509496,0.1262019736177156,0.0051126950883834685,0.0010361343455405365,0.0073201131752489,5.939312406745675e-05,Single-leg support phase,92.24646361402847,3.3020430507187553,87.7450041965519,98.69608315140452,-0.2959751068879086,4.715771353502597,0.3867254233001735,4.136051461554091,5.25165078792923,0.018415820523785875,0.0044068271200661925,8.898961646157398e-05,0.0045153387560794,-2.044916367632427e-06,73.61634531670742,2.631393988076149,68.78104366215324,77.70342473740574,-0.24114543446628386,-8.876911168358227,3.764231583102827,-16.254925636993146,-3.2663456025802984,-0.3510427036327797,0.02521023340538006,0.0032568697326503617,0.0289458958653606,-0.00021365242684921352
76.46763566095073,1.6075288232816893,74.22313137202177,78.44119224798605,0.09390532879906013,-0.0006672813500557959,0.7028096086862354,-0.9748561495264704,1.314893850796656,0.020195325572416586,0.005564658383250927,0.0008637517522381991,0.0075629885102853,6.568343320628378e-05,Swing phase,126.39481183255207,4.287235155763914,115.60096935206526,130.99661368894888,0.2356648208463268,3.089784410874003,2.8020631164738106,-2.29954587479811,6.175175513910731,-0.1679018714847337,0.011496268443886851,0.0005590696235946585,0.0121659172068436,6.096981657318928e-06,72.56114207732502,9.687255030867139,54.61530046990459,88.93262153791522,0.9274951640002874,-25.382701152017145,15.440727814285411,-41.57538230296842,3.786533047927013,1.1789741230176325,0.017014928748426212,0.002133836808049074,0.0189753808118349,-0.0001581918539331027
105.8893067680016,2.776712545669319,101.17694699550636,109.99853271700064,0.23842123571606183,-2.532222824094656,0.24000472653389446,-2.810783991431111,-2.161959844979746,0.0004897061966939371,0.0063016221176126,0.0018568055636732743,0.0087339444725548,-0.00010020797940673515,Single-leg support phase,99.8690508490929,5.1305130241221,92.73558395493272,109.7405197695498,-0.4595928598545158,2.2982239018785746,0.6807145900556895,1.0649631463283222,3.725723429844754,0.0719124400950387,0.004861611138423656,0.0005690776655691992,0.0056639678809922,-2.0173324201845943e-05,79.25931356163193,1.7769151650328316,76.21930577344745,82.33441958458121,-0.16527334624685858,-2.065105949616166,2.660862330919852,-6.455944830193313,1.904205754983152,-0.22595001581558014,0.015970888843562535,0.00477484508545055,0.0264074134875046,0.000327943912004546
109.03313868864944,1.4303092408836373,106.14859980744626,110.71548826238694,0.023196040688158386,-1.9260581526352774,0.6019002537335779,-2.728059459772409,-0.6157698557050191,0.05708890821803757,0.00463747936608611,0.0004386023454624482,0.0052680084424609,-2.2945730450894593e-05,Single-leg support phase,93.05772371512631,3.200719708690974,88.15062672883283,98.59094115713036,-0.28217066022425746,3.5469878521988507,0.8850993129531982,2.02060727888606,4.571264016747961,0.06679461479358381,0.004283188442332881,0.00022158484542476845,0.0045770814227787,-1.4758236147689185e-05,76.0874386439299,2.071602707260678,72.28179999705094,79.28503481606381,-0.18927661673007767,-6.670007385873712,2.955040213340866,-12.396338382169608,-1.7622497853643868,-0.2874077999136546,0.021438560544897036,0.004713972891167792,0.0264074134875046,0.00024920263287369455
103.81751685628207,7.384592260887015,88.91978231593689,110.71548826238694,-0.569695956785507,-0.19695439228690761,1.4295749556361845,-2.198749834094312,1.884962844581128,0.08039141331499024,0.004743556770156181,0.0004606747905301065,0.0054082845547812,2.613828382702433e-05,Single-leg support phase,89.36836486063298,1.646735864450789,87.36848685676598,92.73558395493272,-0.04054462487324538,4.232503750523482,0.28896713097078414,3.346968364376268,4.571264016747961,-0.010236623391040154,0.004005848237775795,0.00014680492999185146,0.0042450958943293,-9.27012188652702e-06,72.15723193866991,2.6871028949999465,67.19421476333477,76.21930577344745,-0.24392137865169392,-13.495865698391157,5.5590966674945905,-25.64905991472156,-6.455944830193313,-0.518732840122385,0.022546481459830056,0.002182633481409379,0.0249674675847014,-0.00013686321095696222
104.65509190699845,2.442436335535043,99.55072310310048,108.3909055901878,0.23892385100235997,1.3972498513893212,0.23086954183074135,1.131412928220469,1.9577348007958413,0.014258069426501565,0.017683981419720367,0.008599372380503028,0.027103360195353,-0.0005998997769684082,Single-leg support phase,103.73832631284061,6.650097708674919,94.84994389662803,114.041306093581,-0.5186854647825125,-4.681917789066438,0.8969724670072485,-6.346947979602087,-2.598431886604767,0.1013112457566843,0.006342691005615105,0.0021424901270545443,0.0094111365926729,-0.0001307638485117865,80.36908554533713,1.5372617417975663,77.94511760542765,83.58275740180312,-0.1523686431452829,-5.633049422568341,0.8337645715263962,-6.780101793426928,-4.193149136156976,-0.06991763938567437,0.012510923513812649,0.004386218421241893,0.021141174194414,0.00018542318781183788
107.709828758026,1.4361711961470536,104.76534406590206,109.22766818969832,0.088618696237159,1.8902367078903808,0.5955602274346575,1.131412928220469,3.1521814454154806,0.053219500983016074,0.008209675364735868,0.0062901049162571885,0.0185021125640501,-0.0003828167607248594,Single-leg support phase,95.03011793127591,3.733740588792152,89.33579748167902,103.02594162357607,-0.3700038957269473,-2.6156271544443923,1.6794008116283219,-4.658945561310162,-0.6386915786730171,0.09602422558597037,0.00445496445062509,0.0005343713865884619,0.005236772919718,-3.6259798999478396e-05,77.8512962873056,1.4876558971480782,75.38836498835936,80.08903994903446,-0.12704526920743517,-7.510069175654114,1.6508574795341142,-11.50419786291716,-5.655774916163968,-0.15806548504738355,0.017936467070532633,0.005881214513302474,0.023616426691073,0.00038980501327854597
77.44244312203222,2.82563626297448,72.9296857587624,84.2020150558775,0.30465754857067817,-0.3959756289977033,1.6348513316797741,-4.150059043458368,0.8778074106305872,-0.1232080082703196,0.007237700969384487,0.0026640674612747315,0.0111114845189615,0.0001456090970614081,Swing phase,126.75858832225308,3.454396676483275,120.40061748134296,130.52550406741491,-0.16565590130233168,-0.45167797916829616,2.427570115630243,-3.564985214711851,2.6146103408889925,-0.12271172776349623,0.011446642794062517,0.000781971094896069,0.0119770231159131,5.016848828162705e-05,78.71956057083614,6.20590934891031,67.14232616793406,89.7789820060703,0.6118015091388171,-11.541476820417774,19.066569608331662,-40.0556449973177,17.209108177671187,1.5476960317564563,0.02114601065840378,0.008853074836595877,0.0289997672014762,-0.00048819356588822435
102.05068012000241,3.329181188260417,95.8694652370459,106.86365993193964,0.29714039715929014,-5.746396131524374,0.2976188760952633,-6.131687685718624,-5.149527022430164,-0.0034842052898043756,0.014165592020580422,0.004078952775954123,0.018944434148914,-0.00026327015101264864,Single-leg support phase,104.48014546870276,4.879375059866201,96.28663386240484,112.19157937004228,-0.4298633920983091,3.620478623302704,1.0920384344041445,1.5471507226453367,4.756101228177522,0.08672839204141042,0.0062216803221892105,0.002414522656986722,0.0101299818652859,-0.00015231207479374866,76.72887456000383,2.543585562070503,73.01875026214987,81.51960990178749,-0.22975296323344932,4.314916594709681,3.030507968532083,-0.8933143343749599,9.141758837632445,-0.27121819383803797,0.011896619434997454,0.0012164241889179982,0.0141442497561308,6.184055928984327e-05
106.57903834932164,2.1253290928396633,102.40207607401796,109.12428490214592,0.18116511028358173,-4.8814505532469274,0.9763369832784197,-6.051395900745726,-2.7877937984247128,0.08820546222489226,0.00848095888351718,0.003694278902755293,0.0156493397804391,-0.00028494136742653785,Single-leg support phase,96.60242700484811,4.645560079325511,89.94749779397749,104.99584132838346,-0.40671198741637765,4.869439909310923,0.42917094176563814,4.117142074403786,5.435800318502411,0.035231377086623286,0.0042916742600037265,0.0005291209116162267,0.0051965795000005,-4.471325408852703e-05,73.17946465510066,1.7349630520659889,70.44973938648113,76.48633919709178,-0.16315134623272035,-0.7311628647212128,2.988393478351582,-5.6139685198805145,4.400396031702681,-0.27065850139414044,0.017077573726491935,0.005320504587576231,0.0244863065654615,0.00029342643923825135
73.73357015736572,2.8128571644812372,70.26765312200702,78.37827844444172,0.2050685222349375,1.2745555496480947,1.133060458753762,-1.111694272136512,2.8412041318231034,0.04020419131545897,0.0057082715054557,0.0015638570032738477,0.0113300597571445,0.00018743203526722161,Swing phase,129.17549185511652,3.4932264640424675,120.53945572240276,132.86340524850922,0.1456669580766497,2.34753810017247,3.8776004790490926,-4.672640657305458,6.900254192130322,-0.19811334782702206,0.010966387311143615,0.0020320537142775007,0.0128909531081593,0.00017063867465574322,75.87612074473091,8.348749273574384,57.24621965500173,90.99584730501924,0.9121520986491218,-18.53778467980235,18.22017807574405,-40.88738532727695,10.94237952970024,1.3569177531449659,0.021774646530489425,0.0038939354353134154,0.026499047831757,-0.00036302153477935675
104.24446865700722,2.0597426799785876,100.59566650681488,107.27805712060794,0.18060515172413677,-0.7113725231939978,0.2710623028956507,-1.0201787246315646,-0.1714879994390217,0.01818675334046136,0.0090643306620289,0.0036630580763475705,0.017358292610785,-0.0003280689006269216,Single-leg support phase,101.13734004703397,4.532063498668073,94.3339753053406,109.75024694349028,-0.4166559902202616,0.324646389789082,0.8831531862377007,-0.7600712459728293,2.100149394874785,0.07730326056344902,0.0040893492789400515,0.0002796066164712423,0.0048862777595167,-2.2961025740627016e-05,79.36603776662288,1.6176225589907418,76.5870367007586,82.26660079950238,-0.15350173239848058,-0.26858919275428833,2.075707099498279,-4.290251671854415,2.99463933444453,-0.1968889461161877,0.014308185136823012,0.007072231279609343,0.0255034513388292,0.000434898600850327
106.19180000187663,1.4072160926006074,102.15891935330878,107.77825306567098,-0.05879685158778114,0.39544649016412575,1.1435683735685418,-0.8620219101465386,3.093591958577393,0.10690848293848464,0.005942684054523713,0.0011896975800913586,0.0105044021815786,-0.00011559868060232974,Single-leg support phase,94.66778240771725,3.32324305997876,90.0627275967064,99.86563166417088,-0.26494335317471573,1.8080989768270648,1.0789038144692278,-0.3791741825579768,3.019624032628427,0.08782121517361917,0.003998525136574579,3.645612576218468e-05,0.0040391144510758,-1.932795788167559e-06,76.6499705637962,1.6635971969197938,74.03491356346848,79.40052269314516,-0.1450164629642347,-4.698705287965893,3.328651906429924,-11.20021718035714,0.0140325628740167,-0.30308783089813934,0.02219965038023379,0.003965348112150529,0.0255034513388292,0.00039237833155134327
100.10858209036974,7.449762155977459,86.15444475520073,107.77825306567098,-0.5709084423083031,2.409094118441637,1.448961052971683,-0.1714879994390217,4.400486187991556,0.0774825852181689,0.005918389607828033,0.000539900971720623,0.006506684999849,3.4173732224224314e-05,Single-leg support phase,92.12595925171385,1.9201929072526611,89.98758339028718,97.23904320101131,0.07851534853164086,2.5022904494211464,0.3695453635252779,1.5093793017503148,3.019624032628427,-0.015966759273634328,0.004143496491375649,0.00026512849459978566,0.0047158128590867,1.4333738407089188e-05,73.50998965936583,2.189605703292121,69.18450048701591,76.5870367007586,-0.20006854631737006,-12.674390014521265,6.556206739500861,-26.84633218243765,-4.290251671854415,-0.6096237975833307,0.019882533478547574,0.006872783042661401,0.0251032416683347,-0.00044344332339015403
103.78472797239297,1.8418598294618629,100.05422063588362,105.65127385609696,0.15127170865441458,6.292106086526615,0.29005186435461483,5.952026557513317,6.841232093824736,0.021407451660584033,0.008523382882152746,0.001321249246574156,0.0124547067689152,-0.00014403677306248108,Single-leg support phase,102.2365211724028,4.54520619902589,95.82112316992638,110.39216532117236,-0.39381195003367503,-3.4448236530561327,1.0708717453542675,-5.062262211427016,-1.4846264110731509,0.09669285946902337,0.0041307308333743565,0.0004965604993494155,0.0060528583310921,-4.8703990836299995e-05,84.92271925382654,0.6863452330298522,83.90547657356329,86.19386440955925,-0.061848319891782765,-5.740874925541007,0.9632853236544879,-7.74600133352654,-4.245835235701098,-0.09459908372501195,0.0262049747726615,0.0034227926681190714,0.0306523210568092,0.00036826677223293777
105.05451842691713,0.742297084504242,102.75731640207935,105.70089973807524,-0.04720406191218351,6.7660680471628165,0.3628620519006066,6.284696757322823,7.787724390661336,0.04062236846860845,0.0076432516300842055,0.0005416882236259031,0.0086284694999749,2.8853120513156766e-05,Single-leg support phase,96.38280894797708,2.510903282710568,93.19857755413764,101.33840181731284,-0.21999525035608647,-1.75446499858819,0.9873364162603856,-3.651003975176608,-0.6929591412708781,0.07295310963313306,0.004114693370381344,0.00021991931626666057,0.0043166398084044,1.398295511297026e-05,83.74938306258991,0.7781999110513411,82.01469647379848,84.87382530915183,-0.07727375230684719,-8.220363974128658,2.1463976393108735,-12.596508650216126,-5.654545118161847,-0.187620636001467,0.02819650859502438,0.0024603727229343714,0.0306523210568092,-0.00012558927789565403
100.4731728539403,5.410054487062056,89.2106609709941,105.70089973807524,-0.4443408887865639,7.618506796509669,0.7506806454913829,6.804623394349874,8.796546265948011,0.00803010878807546,0.007895877662176306,0.0005750699153486302,0.0086284694999749,1.6542532984729734e-05,Single-leg support phase,94.51620800199048,1.1902558604876186,93.19487531221442,97.87363421981163,0.05547327161852038,-0.981740165078201,0.3299809615010732,-2.0233925903143497,-0.6709244587778901,-0.01456124808759997,0.004324345410179962,5.815673330009514e-05,0.004408351285815,4.048542140427026e-06,81.97236486182489,1.4191652196621343,79.11703648514509,83.90547657356329,-0.12941729968697835,-13.253665865062327,4.148038820952438,-22.28064292478041,-7.74600133352654,-0.39282815111496944,0.022771720584091253,0.006585972555497664,0.0304606036474946,-0.00044483887510351886
77.88673867481148,0.6745030763786308,77.03371743724817,79.83273193841937,0.06358567167823723,3.4000359496840464,1.6089554622973634,1.1656110168317837,5.782955137232955,2.782541751972084e-05,0.006568703964958926,0.0009654034960011384,0.0079529659311869,6.663707850394054e-05,Swing phase,125.178312134613,1.7377644746286391,121.86145484783631,127.46930593758644,-0.09881184292971908,-3.5253259826252044,4.092874416699203,-10.10838276424096,1.3413218270591352,-0.291679375417176,0.00896650619067656,0.0006653868271492787,0.0102220115625386,4.069126163604328e-05,83.07664396531874,8.804721074850683,67.79133878958817,96.30430347226614,0.7706206670994047,-12.574733387446503,14.127272674202777,-33.83476039053268,8.91877283433705,1.155500897969452,0.005416911512556343,0.00019769281782635337,0.0056696994851454,-1.353888526736757e-05
107.45371961266262,2.183225955297686,103.05217231047529,110.00856075268892,0.18438464404526272,-0.1756868985977141,0.6021482001977572,-0.8495731560747739,0.7048110687665216,0.03892693537373386,0.005278017656342347,0.0005332577340921276,0.0060442838828832,-3.209896255107837e-05,Single-leg support phase,97.23838668733141,5.199027602855129,90.2982217859736,106.9492155549366,-0.45002685862062175,0.9370818499059833,0.7036458498359388,-0.0643877349565437,2.2615876621290534,0.06286419992123235,0.004128624348537049,0.00026388854987044263,0.0045158932125401,-1.4253943957862175e-05,77.62976082897052,1.9463060577343512,74.35944605463057,80.90968056375137,-0.17703336511137294,-5.171004418573238,2.9919491875683817,-10.497670774398486,-0.5551783699391784,-0.2687160109313327,0.02200907854181747,0.005421131400341509,0.0276145302367582,0.0003444517870056838
106.68068636277879,4.298965955483082,95.29667294248289,110.00856075268892,-0.3375669207739113,1.1885238062177572,1.2137158404506883,-0.3919740924333718,3.592905059210784,0.1059382630014809,0.004941175187668142,8.787807300823429e-05,0.005037038983776,1.966036143486588e-07,Single-leg support phase,90.74061818417806,2.6466389179978034,87.7490526244763,96.32374161278938,-0.22223674374284913,1.8564900399255906,0.5011039846878965,0.860438767154026,2.464989081894556,0.02617002024538044,0.0040552949398076805,0.0001277549412598107,0.0042537545564366,7.441584608518917e-06,74.17793499730301,2.231279560239744,69.90903810475787,77.58787907516547,-0.20753624244344882,-11.258558135658424,4.357973264135189,-19.85214263563137,-5.226396557274162,-0.3952904345501948,0.02516940041088291,0.0019119450096913898,0.0276145302367582,-1.931488229145949e-05
76.38217878802497,1.9872973507124907,72.62501861249174,79.88949814976158,0.19633728479107662,0.14872041970677047,1.0003672574193383,-2.539439019200369,1.088961668125444,-0.0615619472974634,0.007003134718453778,0.0016552455302905418,0.0093738260556786,0.00011539962879239186,Swing phase,128.89121799474367,2.770488235488993,123.58596777960388,132.32395648383337,-0.021427606855579567,1.1905485692649456,3.261427278782075,-3.36566321089877,5.1684180147792205,-0.1758517083650237,0.010293646087905822,0.000531028207293453,0.0109815646924105,2.3699595501664833e-05,78.83866767155791,7.420950531552258,63.91266382145631,91.92531959506589,0.7570988046921506,-14.357959608324787,18.843454224008244,-39.81607091545358,15.257163717431572,1.4884658008887879,0.01815457571320932,0.006274441151395037,0.0222566515075529,-0.0003537208672805946
105.4781081812242,1.9663314953024322,101.75869570295367,107.71805635595324,0.15746116474882937,-5.291357768335797,0.7932069968078738,-6.185087064557941,-3.71658486228545,0.06098412396504527,0.007832076672627877,0.0021472887485512395,0.0111110927234832,-9.59123951350054e-05,Single-leg support phase,99.6145914383343,5.271357485199171,92.4881556695069,110.56296230018644,-0.4885082873156634,5.668884805396747,0.6329012225159779,4.870546817528608,6.536893027155973,0.027129034514510354,0.004224158580895728,0.0005993426590093843,0.0051820736974916,-3.078492474948648e-05,73.51537325386448,1.8496102999138067,70.21400650424931,76.53454615706222,-0.17082539602197058,-2.2337642571073433,2.3055136662566706,-6.767377126244355,1.2752174604065745,-0.21736742126083594,0.026773807060550818,0.005779187791637994,0.0315614640311225,0.00037094442590987026
77.32068375606306,2.1673978094412263,74.34350381762229,80.9869422761662,0.17877080859985067,-1.1128726710814925,0.8403564392293092,-2.8472091905758456,-0.0632742226390646,-0.03373790994016338,0.005741044155845836,0.0014511291751080231,0.0080867873230337,8.299981052841893e-05,Swing phase,126.93734518586206,1.8499536764462283,122.1597673511304,128.93148001424396,0.0454348905118142,4.538143792310795,3.4575336400549213,0.1353603274773381,9.032756254046422,-0.1446551160784436,0.008662847362256398,0.0013976228539557105,0.0109007092178844,8.48804745259081e-05,74.61152344483703,6.333625236562536,62.26425667526496,85.97247032149201,0.6407625309791095,-13.611330418187608,18.538676980513024,-39.19458872791618,16.51565701521351,1.489288450137222,0.02295278691331508,0.004379747200312967,0.0261761726434815,-0.0002442094317262459
106.1165864817233,2.53770558259282,101.67382376441104,109.64855168656142,0.21553318708514538,-7.2429125649307835,0.9266757160547539,-8.433214604031193,-5.533425838152138,0.07104058951866035,0.005645964087703352,0.0018415095753378842,0.0086014125789507,-0.00012032862701767565,Single-leg support phase,97.87249320696311,4.304402224968258,91.65228393684544,106.24828771668176,-0.3944865886442249,8.869538270870502,0.15363097917590549,8.617701120383972,9.156283236969983,-0.011244301198330729,0.003965640969428871,0.0003354380465629014,0.0046002472664376,-1.847577779317839e-05,72.08330445645701,1.6781917220202691,69.1164243012435,74.85004739481472,-0.1549627863127358,2.388798453323651,2.8091175007587608,-2.489228348892655,6.819720826774099,-0.2515932209639663,0.024729177965131244,0.0017807245019806723,0.0275262434486614,0.00011201629869070812
107.97102179543779,1.9692069680078363,102.0358688989088,109.98841666193522,-0.11705068716586588,-5.065903076207129,1.7498902299736359,-7.1794389392069125,-0.7331585533197321,0.17422379421316705,0.004271418491213084,0.0007047639777069672,0.0060271240061955,-2.7891615557497286e-05,Single-leg support phase,91.8278458540146,3.0538098455978746,87.60944328751906,97.29260468724848,-0.26170706485755213,8.35271329132074,0.5752181638265723,7.049957902382391,8.895482633184058,-0.049628941353886576,0.0038424545372816865,8.849106429251359e-05,0.0040175448061062,4.55791103784054e-06,69.0320422397033,1.9766582851827594,65.71523453091886,72.14438829824874,-0.17376091263053728,-3.2684258579570975,4.033951756344578,-11.22072907013428,2.488640559191963,-0.3705235034953039,0.026806951394485513,0.0014883608675785901,0.0282759902776528,3.9421237248135153e-05
74.87340346544353,2.9496028675480055,71.56878594951802,78.91032176254733,0.15616087462596834,0.03860487284022431,0.6790677720097109,-1.0702269443728487,1.155700339123042,0.03247315515145478,0.005373789943807987,0.0009510476418563731,0.0098529806537769,0.00012432332728925946,Swing phase,127.1253000207774,4.5345108866799695,115.76926347112048,131.02313600597307,0.3136108535631871,5.019938000863551,3.0937014933838336,-0.4569136191741376,8.75295661850427,-0.1339896436726845,0.010362970309295854,0.0021114618567523685,0.0140503736301543,0.0002044717352127,69.1311252586446,7.605078589795629,52.99621152581389,80.52849332607697,0.7441157243314346,-23.473538485599793,16.264264451757914,-41.52755269813933,5.295541949397844,1.1778304404099493,0.026064031995090955,0.0042039752907378205,0.0298130602542192,-0.0004687668463827622
105.50296251551683,2.631017286584743,100.68837318834076,109.32822742237424,0.23350957389279672,-3.782517769816305,0.8421909330858144,-4.679516813476178,-2.08433038231502,0.0695896117941428,0.009078253782549534,0.0034147586007684536,0.0150479050843391,-0.00027488413151492436,Single-leg support phase,99.46696470863692,5.211932408794981,91.8248079625038,108.05293158649798,-0.43859793578362644,5.757024857147214,0.21967120052456784,5.118157394025685,6.1066655393039015,0.016189013533091504,0.004541628875403781,0.0009820686446349518,0.0067238004913654,-6.656386109121891e-05,74.9634093747135,1.754516168002426,72.28962144523004,78.39328435310242,-0.16496386237492908,0.9110027400943611,3.5476578586391057,-4.5493536546159,7.1103431714406415,-0.3151269412447714,0.020316614777740837,0.00786387291488199,0.0324567769360783,0.0006159919451167405
108.11434085837362,1.5561224152446167,104.24229266972488,109.99894354848372,-0.039542042692872696,-1.8878394525326452,1.5377204501074826,-4.235447871548873,1.2683719754108265,0.14875188775566753,0.005720892582823733,0.001285108232611362,0.0104849615954481,-0.00013739249761856754,Single-leg support phase,92.2089933526534,3.474845116035624,87.16099808284613,98.9996234270197,-0.3199628471398261,5.624332051811473,0.18097940093658524,4.963651092264096,5.818584990101784,-0.023106321563180748,0.004225854988702992,0.00014222746963811318,0.0043654557519924,1.2845744128864825e-06,72.15229051380689,1.6605235844699189,69.18771510965664,74.73526490441563,-0.14993377823672954,-5.041510311172169,3.700576309956545,-12.321257169082584,0.7206875132592677,-0.3524849914146446,0.028414078894969153,0.004182853604564371,0.0324567769360783,0.0002815151078123378
76.0489408135924,2.08460650538358,73.38772295387183,78.88080744584776,0.07032060425479748,0.5385541969281672,1.143937058870312,-1.079356882468189,2.478254619980412,0.06407226898957255,0.008046006359474734,0.0014286427698690333,0.0129823316774966,0.0001234902745704919,Swing phase,123.88084777996197,4.950621825817392,112.35180943352722,128.3379670658733,0.33150630365177464,4.804854843325606,2.535674849994605,-0.6438469319370487,8.098143564031169,-0.11042938333697881,0.008262495323159449,0.001432520157107321,0.0110525172116024,0.0001241221235935108,70.21433512102863,8.09788435061942,55.87996191647212,83.63226110402046,0.7500621402040092,-25.824382640413983,15.081212484823379,-40.21076200119585,2.8849996366301696,1.1382772107472587,0.02110472734746619,0.003560275594069288,0.0238893764744509,-0.00011173753686068643
105.83695461670722,2.794795901475145,100.99386120479116,109.94467488951948,0.2419138833710356,-4.2733055049486985,0.44527232659772326,-4.791876989151412,-3.250037319474339,0.028425507322261023,0.006339323871235673,0.0023103619130475737,0.0151155580306389,-0.0002858181207981622,Single-leg support phase,98.83044007435497,5.011172021111365,91.85195561503885,108.1604826885886,-0.4407710019878312,5.4145374472608,0.31991418359163,4.611722211360496,6.0555936496043365,0.03902355238496867,0.004718586657843501,0.0010248586614127276,0.0088363016249318,-0.00012430426269591623,75.91689720147309,1.6809557253100296,73.05403612074902,79.06946261615067,-0.16257909447031502,-0.27862516052387454,3.025978196845193,-5.084883346681373,4.942309116409664,-0.2710052017051632,0.023097036255778268,0.002951332972753327,0.0275742131266958,0.0003744336720768594
109.0340078425798,1.465921501055985,105.99698337249812,110.82653052608136,0.02919763041050272,-2.8165938724117527,1.2837339059483637,-4.44272529685047,-0.4332180726295562,0.10836506011407876,0.004870823875506867,0.00035242517559710236,0.0053325059860146,-8.283789102616209e-06,Single-leg support phase,92.02648902781354,3.218860818818837,87.24770389635125,97.71206920640662,-0.28282068405555055,5.717493105877858,0.31665275375790447,5.15818534252339,6.095551687656117,0.01374335798377265,0.004273590496070149,4.244807988557166e-05,0.0043581661717152,7.760494581918872e-07,72.92295279462532,1.9393764728867176,69.64751293402942,75.90025195438801,-0.1689929464961781,-5.629536703652889,3.4080932914979942,-12.133567031620046,-0.4324872656848288,-0.3162453990793302,0.02521689485272616,0.0021954453029464607,0.0275742131266958,-7.174993717080538e-05
108.51747983563021,1.7630191813321365,104.88538137509178,110.4908625791514,0.13787234910434434,-2.0303183505614357,1.0592372686548928,-3.713790156870421,-0.1306749652815685,0.09684095112402305,0.01281306145731638,0.0008526041488642752,0.0140309223497184,-3.6702343660475676e-05,Single-leg support phase,94.40465376991453,3.3051454136010054,89.24764527960214,100.87567125032366,-0.3142709721816628,4.221163432866135,0.5752229105899004,3.378514923632988,4.988040353425324,0.02412451643181282,0.00409190521690466,0.0002851396614385334,0.0045392241559291,6.427446658251357e-06,74.08387558553771,1.7045807031737448,71.00331552686322,76.66358914198011,-0.15298036797613224,-5.540035504293265,2.7410200993336398,-11.08660415855798,-1.4294072822341966,-0.2610053209817239,0.02330843389476069,0.003715032750594333,0.0266175388320234,0.00022351717201482977
78.22273235565818,2.243555422596312,74.74194680826652,83.12654086709419,0.22661065023858576,-1.2808705688903328,1.0750873292700278,-3.6463892618298654,0.157335540999463,-0.0595921719345152,0.03687883154875783,0.007773162916500311,0.0462655718349094,-0.0005176473851182621,Swing phase,127.92973595362184,2.7958124963434194,123.53173390343774,132.0071145674011,-0.05299937496754203,2.3667588137889606,3.5138735394299423,-4.207370187498083,6.310312646593829,-0.2317792252461554,0.019107863059982105,0.0034390191360665155,0.0234815236691997,0.00022744613086236214,76.44451185062321,10.567756395286336,64.14554117872586,94.23790271414,0.7257985599379697,-14.130905205560634,17.105676472236755,-42.417661807866914,10.309977348414478,1.4250713285481458,0.00779010502161025,0.0006454791500671893,0.0086128190175471,4.199295650807567e-05
107.61656463680957,2.039568194472724,103.48922723801633,110.11515714704232,0.17907918673043238,-3.5200271839908353,0.8531660590904175,-4.554567150598899,-1.59587678324808,0.0799646045229951,0.021246025734778566,0.0011592670926650337,0.0226631600722411,-7.557381176857302e-05,Single-leg support phase,99.30386679348129,4.936958824715273,91.83662508009532,108.19368116949778,-0.4420825970108774,7.0870772500942945,0.18270959482611357,6.589652765967557,7.319236750157358,0.006534930921174691,0.01735636074598172,0.0007820054889294076,0.0182255387150265,-4.9446820770951395e-05,75.43928752248948,1.486812075295977,72.80023267115921,77.81629951262204,-0.13556937409359002,-2.7304309576814987,2.8570239782033613,-7.4229174438415635,2.1362344112110305,-0.258355455541962,0.03019184737910966,0.0009727300568845601,0.0309613741557581,5.963941340181619e-05
108.2729425839858,2.5035102299411403,100.59178840132832,110.1552370109738,-0.19703507361239145,-1.1897471911911721,1.933631365295898,-3.681162956125454,2.9738820699363435,0.179866081785454,0.02006008337873442,0.0007275037134851545,0.0215996578907958,-1.2754513340705391e-05,Single-leg support phase,92.51476371656616,3.231444118655226,88.61974780157706,98.93274069800177,-0.2784749245752797,6.6793902615387335,0.5149961782783053,5.437643851925777,7.192989767197382,-0.04744178149382717,0.016102592978022415,0.0008981860773910496,0.0176934555901428,-8.722870103688649e-05,72.53374979210972,1.9806617078397535,69.0912197226796,75.42423859654699,-0.17116267226668616,-8.197967695746048,3.75584142619838,-15.562828532614626,-3.2203538146550463,-0.33358039778269133,0.028890853922876526,0.00262641473461318,0.0309613741557581,-0.00030942909977101627
77.15125022088382,3.4069023683395665,72.84704338639654,81.24992824535627,0.21064159704514784,1.8868543290105169,1.2012743553541527,0.3686561789401784,4.20242197343847,0.054844459957824714,0.0234936493584255,0.0012111550243001548,0.0256213434515034,-5.8096672629399974e-05,Swing phase,128.24611655102638,4.097409793585732,118.06036117355534,132.5433396456841,0.19055267408836007,4.130839812303395,2.8466237481539807,-0.8587491627992849,7.728960392092016,-0.14116757705420566,0.016983274841137142,0.0003943522188672125,0.0175036652629396,1.116012156774594e-05,74.65625995270732,8.456937874205389,58.30610774784249,89.57650755832019,0.8451459408237216,-23.489807264862243,16.10001099946758,-40.51901311359971,5.957089121767634,1.2279011830779978,0.02646849871265154,0.0027241614951737793,0.0292282853261139,-9.728256935912165e-05
106.455693264313,2.5515845502179983,101.30166263126884,109.75523820098618,0.22847501539776607,1.200016663103883,0.3493845908603846,0.6628193043586739,1.663377384799259,-0.002477771882801102,0.017868070326165206,0.004568035532800511,0.0257987228722363,-0.00032426572107764867,Single-leg support phase,103.31195284405872,5.73695446005599,95.22197430756056,112.9296085280645,-0.4785847086622689,-0.7041533520419723,0.6249935113833313,-1.4311507689411345,0.9576025812467234,0.06289704053496298,0.013035405617949641,0.0009527879931415936,0.0148413716328614,-6.242162498505673e-05,81.34798521728986,1.2892896965795808,79.25521496001828,83.67424886473412,-0.11943334877610394,-5.23084484198245,1.6849850586800084,-7.856249062788724,-2.0696352460885,-0.15639496801892494,0.03468137508158189,0.0033651872212963605,0.039729029754721,0.00018543046990376224
109.06671453988925,0.8795799456706624,106.87924783675798,109.97523475410586,0.03790879032903347,1.5135617778144221,0.34816182545260627,0.7299690427654818,2.17877630907618,0.039156953143532375,0.012699183715405193,0.002489305320785239,0.0179893266109046,-0.00023640061057988383,Single-leg support phase,95.57139025853843,3.4367989087859177,90.45659040621904,101.91124718180323,-0.30958531825903235,0.6567107568394537,1.354601020382574,-1.4311507689411345,2.121492946392612,0.09567983429180307,0.012432835229865803,0.00016231538608450313,0.012604236645211,-1.6721468056143246e-05,79.04685614159645,1.5063512544143793,76.09976565806276,81.30106590118118,-0.14057568224644354,-8.308458106535372,2.171785586607202,-12.979627014164056,-5.2160896033925335,-0.20982533542625736,0.03719767901034097,0.003909554871293277,0.039729029754721,-0.00012346933420798103
105.22544814002045,5.762289410994019,92.22884658522892,109.97523475410586,-0.4736862598853314,2.6277448151625187,1.12111406179571,1.3814333580406604,4.413570620662728,0.06687544354051486,0.00984316647943726,0.0014032613588879491,0.0138008911923633,-0.0001614403749926676,Single-leg support phase,91.74607477302399,1.5745177693701398,89.9612466230015,95.22197430756056,-0.05696385575829497,2.150499305603227,0.42891065980640736,0.9576025812467234,2.7503697205733006,0.04825357907949938,0.012522390308939473,0.0008757263308637408,0.0148265293676825,5.3131032271772945e-05,76.10059731220595,2.07196878506066,72.32913498918056,79.25521496001828,-0.1871913505631816,-13.44056598573251,4.1649108299713795,-21.854896638040145,-7.856249062788724,-0.3783418263581465,0.031550258465663936,0.007195910165865448,0.0392966658954794,-0.00048316679849024863
82.88437470621592,3.1079981728512194,76.64920946587154,89.21472932612328,0.33960864487166864,1.0402231125589758,0.44753307662757263,0.0305697589779374,1.58565568664518,0.040152750937599194,0.009303550553770254,0.0021509486603925134,0.0142031636183766,0.0002236382619528351,Swing phase,128.1687669895375,4.421833627703064,120.0090326096598,133.4987501848758,-0.31892367010424194,-4.5319314338450765,3.789472604885657,-11.65533160703078,0.2162153436311469,-0.3071750924232526,0.017246523867826137,0.0035110767855993357,0.021561346308989,-0.0002882306650952162,78.48545656995208,9.045991008102153,61.4553648408146,91.66798401864796,0.8165572750765772,-18.84954720527403,12.187215127108413,-37.4278732909464,-2.450812419658732,0.9453259694942613,0.010681127416872948,0.00396805763848704,0.0243233175640252,0.0003117344510618918
103.88893394250103,1.5961654922330037,100.89647332022972,106.4117359982243,0.1490611534593131,2.337240654123588,0.8833810460353199,1.03104351329108,3.710304350928448,0.0724124550712802,0.014306513092999634,0.0015356687352385881,0.0168512885540028,-0.0001063555834411027,Single-leg support phase,100.64557359954776,3.7409973029774024,95.06805753144916,107.53606387511904,-0.3369731444235104,-7.562531110538702,1.5272236606758829,-9.499175843743927,-5.325092771898904,0.1088467581783345,0.005921907249187489,0.001389411931042483,0.0086308344737366,-0.000115306688475073,83.36834733712739,1.364281725887214,81.695693506348,86.10096825110921,-0.11906147958814094,-6.42715221908891,0.3786291708021976,-7.085351237044381,-6.005785522310383,0.007017741482208159,0.02252493879769456,0.005947014891041682,0.0372798721021921,0.00026441083453669997
105.89456911635116,1.056197697290634,103.54523644654748,106.86862983080428,0.08785640263230073,3.7039877945094872,0.8174862273293378,2.1205460717131426,5.254149251142813,0.08469197782242353,0.012776582361101308,0.0007453119735385308,0.0150508683439126,-9.602182377807025e-05,Single-leg support phase,95.32278131784092,2.706971486345574,91.2564307638836,100.45456938869091,-0.2485983412110085,-5.11302752526812,1.364056397942356,-7.357581923718272,-2.6739485781734413,0.12658468501472514,0.004806351749893128,0.00048521238893733476,0.0062500190707781,-2.6549902066956752e-05,81.99414663124654,0.41923150564343714,81.59064578172978,83.03069629832365,-0.02779131544759836,-6.969840476420043,0.9085432406497546,-8.759282203677287,-6.005785522310383,-0.07359075709309741,0.031852445446671075,0.007852452832551765,0.0460214552122524,0.0007794504806229675
105.6012009089997,1.9139000313156693,99.56258643560054,106.86862983080428,-0.18511215034118284,5.192702537744938,1.0237170664374438,3.710304350928448,6.576398144797487,0.07746199442889296,0.012008064662801514,0.000713718362222107,0.0129158595997596,-4.0012821321605395e-05,Single-leg support phase,91.58602826393182,1.8436752928820623,89.28488547528735,95.06805753144916,-0.15275593435905235,-3.264310687469976,0.998471051022327,-5.325092771898904,-2.4174778030577104,0.07503284254978068,0.006603736802398191,0.003081793308191934,0.0126486426223987,0.00019688704566982702,81.88012278754135,0.19984132287760523,81.59064578172978,82.13628206687797,0.009771137920736037,-9.367495536090685,1.9753666095158118,-13.434276622511858,-6.825694802202679,-0.17861031946781564,0.04009957067273644,0.0040075102740046,0.0460214552122524,5.551972953166211e-05
87.96349921621037,4.4085841630168465,80.92142102391047,94.95432390134732,0.36039332742006647,-4.242707413516493,1.3413660361543402,-6.022800483211017,-1.6238782067665083,-0.10354417433651658,0.02137162410625329,0.0011698970193604696,0.0226715626385631,-8.904897407007027e-05,double-support landing phase,118.1052035732024,3.439457102100486,111.33677926764013,122.03057784640389,-0.2682648152256214,0.8874527763297284,1.2503949289769756,-2.0207377009949825,2.939992370412728,0.13407378571372192,0.012469075827796518,0.000718051737784119,0.0133699396191331,-7.1736729564703025e-06,85.52086035939747,2.79066666165999,80.16584713228941,91.11587522907352,-0.29594670531848943,10.214622587292626,2.95272501317772,5.833645108349676,14.77838728567106,-0.2369933920725598,0.008186522610509315,0.003720211904932062,0.0294113310408623,0.0006243521767001946
105.04443805490682,1.6708471330640642,101.7551759051602,106.89738019147924,0.12066439266439988,-5.88806000101814,0.532992507473171,-6.559116640743102,-4.775220849743733,0.04610891907300849,0.013831514951490955,0.000508994301851893,0.0142317426546467,-2.863476071231355e-05,Single-leg support phase,95.3104064891516,4.1062173168328036,89.56879013268933,103.25448294171215,-0.36988358943304933,6.045333931394359,0.39931042617961565,5.5693916174865326,6.744701832944756,0.02625386829025058,0.009060461036466277,0.000765725625161958,0.0099311750393216,-4.941667539803784e-05,73.81202953632405,1.7475290635152307,70.44459720764915,76.56628654225837,-0.16545106309754634,-3.0882115204554124,2.7451990613899238,-8.4777513433028,1.766074039836471,-0.27686014549025056,0.027681087889422973,0.00391844108584173,0.0310144925639733,-0.0002408514177177351
102.94772358883311,3.169122635642761,98.13305326237116,108.02572425309975,0.26736948623590784,-2.5935375283255353,0.342700991644109,-3.063868575964756,-2.053270302548886,-0.004413503882538685,0.021165099525087,0.00032065199704578516,0.021685182906337,2.467674187844863e-05,Single-leg support phase,102.09373459133586,5.14842876757622,94.60074191320574,111.63400289956893,-0.46035840503684294,2.223518537857653,0.9774256180320593,0.528980606179052,3.718442701311487,0.08620167824682257,0.01895702521858674,0.0007487441291557712,0.0196066595021146,4.500088704864324e-05,80.0371050603597,1.869122187449606,76.71477607812889,83.22312729173997,-0.17590138415165077,-0.533009366088908,2.1495660370305196,-4.7748571506034185,1.995436276581944,-0.18298090343744222,0.017233591160809435,0.004893361140471592,0.0260787214185185,0.0003372809569685486
107.0604791792035,1.8913357344847674,102.8498291994593,109.0022950159126,0.12099337280496174,-1.9551218800194639,0.9550729057187863,-3.063868575964756,-0.1499165223793786,0.07833188318665396,0.020683699742469152,0.0010448469627513687,0.021685182906337,-4.483889637407841e-05,Single-leg support phase,94.52984338065774,3.796394432625925,88.86052532748762,101.22273958714308,-0.334113898909607,3.507975767561383,0.6642433208417142,2.3542733494129946,4.518387794531687,0.0584895795978025,0.018659491166544754,0.0011591466168230586,0.0196066595021146,-5.852867991994324e-05,76.82339136077572,2.040560200254521,73.49903896814592,80.13841444345034,-0.17944258041363295,-4.500433285326369,2.7377162536073656,-9.24466485661702,0.0083170804083143,-0.2500805928925766,0.025433455869278143,0.00637741560007854,0.0335215749927205,0.0004290243664586946
89.0466024179011,6.135322183141464,78.23740773240874,97.16506411147463,0.5115582805152944,-2.2488751155756037,1.4997691823209465,-3.7201101496294697,0.8773068625752299,-0.11013243596240573,0.02620897708893496,0.002298748451794386,0.0287090382593211,0.00014548620650539184,double-support landing phase,122.19880567777801,3.400657100978128,114.07094629800169,125.41373555754676,-0.20275731458643137,-0.8654376603952745,2.638379435898212,-5.896548305762306,2.7727979522603485,0.2343066556222339,0.014199176797967068,0.0009616106775270806,0.0169813524950365,-0.0001067321863255946,86.02043757286928,3.841251786966656,79.716424181094,92.99075889318104,-0.35876580302937944,8.099001660940877,3.9799241350649885,3.4673853724148462,15.066966925486298,-0.31350220413706625,0.007529008947322648,0.0007999863848314973,0.009666290745933,-7.117977920725947e-05
106.95321694879722,1.623915899008793,103.44511442470252,108.76984701723228,0.05676612404116368,-3.583448759318544,1.1450615474362464,-5.05050387157968,-1.3825415594617296,0.09527733666090989,0.006791943687942898,0.0016518540307025613,0.0098921977032749,-0.00011326333284544056,Single-leg support phase,94.97705539617803,4.119751527192025,88.8388537395157,102.58141007625788,-0.3714204415335725,4.748650339480294,0.5104536004256538,4.080249801678462,5.549592294667443,0.03626993642625414,0.0119373529114317,0.0005035816858616046,0.0124800105428087,-3.0371214380151385e-05,72.84763568795039,2.128831105712789,69.1957863831796,76.39588826463377,-0.1945973481474101,-5.072822277132587,3.1858341753294446,-11.07375973718831,0.4859284317226583,-0.3124240045651613,0.01699348265438353,0.0027468018025477684,0.0199257051345615,0.00019147318305222437
106.2200828782215,2.7977347356559177,101.13681698743926,110.32236672966836,0.24825810114132701,-4.146164191124296,0.716394005716215,-4.940517975988917,-2.923530694985593,0.04270865179821982,0.0063640588704628786,0.0018713849363355673,0.0097938671993728,-0.00013266985269938652,Single-leg support phase,99.79127513389972,6.424124959175422,91.59213700586966,111.1626659968811,-0.5289332159732822,4.291134287477289,0.49503685117935087,3.4547655396082044,5.345536021672898,0.0511019049206674,0.0057916283146765175,0.001029963872641242,0.0074678714235255,-6.802096583004054e-05,76.05201940325428,1.8232474500340772,73.00595963006957,79.07572871739568,-0.1640478131709759,-2.8942379356294494,2.367674678064049,-6.740813335051975,1.1415295272040509,-0.2130362935744872,0.020970808242829403,0.004102536317381638,0.0271209603993712,0.0002639497714337622
108.75146303491097,1.8020650910403362,103.8930207969638,110.80173263657888,-0.06492809852887194,-2.616990719030888,1.3923722457473513,-4.793718871356831,0.8594837416042439,0.1527892598097588,0.0051635049089203975,0.00044711057279379825,0.0059655039257904,-4.365183731532433e-06,Single-leg support phase,91.53531724924419,3.378616912537075,86.48071993856938,98.1194836281086,-0.3145611807983572,4.704561058163873,0.5427685850512087,3.7470388324689696,5.39241632745749,0.02239395035619584,0.004995906602612896,0.00020362930316549326,0.005440478072208,-1.1970064449440541e-05,72.81702372468253,2.0973191127290085,69.04721125946361,76.1027411306287,-0.19068999651797547,-7.6326673321252505,3.444998851413252,-14.71100021515386,-2.841782555428689,-0.32078966647905865,0.0242387954648925,0.002457331911516075,0.0271209603993712,6.531641858759462e-05
75.54121645382831,1.7885727752218064,73.03760592786799,77.68952872159397,0.07719350558203114,0.12723806584770422,0.9387163898628508,-1.388080271932838,1.638813671320568,0.036546914295136956,0.005774943331548459,0.0013551563588166894,0.0100113809352928,0.00013178536583954866,Swing phase,126.3915723459687,5.036197026543951,114.25275768763984,131.57564632212333,0.29397633769219444,3.527810745091023,2.9390707631238575,-2.031812753693365,7.120422515453518,-0.13531505760973475,0.010462165634438341,0.0007470273307509736,0.0115734356546507,2.106559038600267e-05,70.88867154982354,9.109664527984181,54.0482342884009,86.16699214696833,0.8680745367180386,-25.991732543333608,15.587877056836128,-41.109709616041386,4.254032271383526,1.2206748519693944,0.015171854221869754,0.003578167110610844,0.0180386921149183,-3.213404302887838e-05
107.56943129058305,2.5927813546521805,102.77201546789505,111.44576042337503,0.234425539337297,-2.431975320726724,0.6494071901830201,-3.1720451467334496,-1.2436585918983392,0.049437533997512884,0.006989027786099835,0.0023353397041232953,0.0121643802875433,-0.00017787697776981083,Single-leg support phase,98.79691874225574,5.382675660972133,91.66229726087666,109.10515559671929,-0.4714286036714224,2.8003107817111403,0.3366416340662595,2.3079372166924914,3.745401420297342,0.03885038388121218,0.004678289169372656,0.0006578696326659043,0.0058378091892064,-4.789702531382432e-05,77.77607652515654,1.6746867011732915,74.90854905096062,80.57180492162202,-0.1530609694773352,-2.1528272692691957,2.6704871100925023,-6.60152124043675,2.352068682545883,-0.24198891683736848,0.01848225277916059,0.006114129893431219,0.0265841587815207,0.00036631069950649733
110.21598515348872,1.616037792505554,106.34577799242678,112.1859273719894,-0.03137022740317456,-0.5954906554816756,1.548187456349263,-2.616420766165137,2.700463287805881,0.14369956902624373,0.005320624127908605,0.0004867134735533864,0.0066232486801855,-3.8527668975478385e-05,Single-leg support phase,91.59287921246863,3.444361194427347,86.61652418215324,98.16736737929068,-0.3121849512739848,3.241823048629809,0.4385167886073854,2.6019817794355404,3.930807093127798,0.011432646822896434,0.003889479358419424,0.00037145423741987923,0.0049264057877891,-4.4296967225427013e-05,74.78226299384384,1.919335339818035,71.48511575653525,77.82207593815883,-0.17126919409793465,-7.44339191249582,3.658574062487117,-14.52487384624754,-2.335413081940956,-0.32944488552179957,0.02671564375136367,0.004164331460046008,0.0317465880083345,0.0003884245674124946
76.29096601628201,2.4065487938889443,72.98355614900814,79.44305614485549,0.08451918351280206,0.1932572289882033,0.8146196755991358,-0.696464007330798,1.779576100968648,0.006158927005786444,0.00573258176000722,0.0013459753518472698,0.008714767150143,8.220767705571891e-05,Swing phase,125.76973524178636,5.141369000596957,113.3218233757166,131.02632007082494,0.3144173102586198,2.4016336201352684,2.0716602788663008,-1.7017924164136349,5.124234820421407,-0.08302176390012639,0.01142199984054377,0.0011070876168408927,0.0122880456912294,5.050373631469463e-05,70.31516262043397,9.184149375605417,56.09546695618213,87.48853676620685,0.8484613462168843,-27.87657567722448,14.684839036367036,-41.92035447719477,1.3551917633156283,1.1680311547530107,0.005088476357777502,0.00046554245918675654,0.0059061714614276,-2.1995695559924336e-05
106.07535175835723,2.28559719757406,101.42067413155512,109.202764307586,0.21032676151434804,-0.5595433066882854,0.6683054527031589,-1.2622439066652098,0.621725489003072,0.043770988429674584,0.00665894770243932,0.002520580769657255,0.0123751318213754,-0.00021884065027398105,Single-leg support phase,100.69034496811385,6.03069926825744,93.07229818822915,111.28222475091496,-0.4921601773698867,0.6374714888363306,0.38213582188964457,0.0879012587919855,1.4527631103519103,0.026664319852616195,0.005533069425653773,0.0024372303322364795,0.010646986466443,-0.00019546201847162699,78.77916264890207,1.28356867005556,76.54649408103427,81.07136659792512,-0.12229385180786087,-4.385378259503053,2.4135200462412216,-7.834931242164383,0.1109353424233598,-0.21475315093480385,0.016729187620197445,0.003499655744516256,0.0202970054920169,-0.00016074162860621891
108.47589862815363,1.0411755086514336,106.29160060457168,109.60520923722544,0.01785562788096421,0.7562145891013852,1.0425943933153812,-1.1110750932551925,2.602259083951303,0.10036038316774312,0.00449982953884096,0.00019048145041266923,0.0047266852167506,1.997344332840527e-06,Single-leg support phase,93.21168210597524,3.007792887295728,88.81258202298486,99.44013340602156,-0.28723111846045146,1.099614648165184,0.703547617762778,0.0879012587919855,2.032511466830652,0.021767069092863144,0.0034744015687648297,0.00015057354797220392,0.0036739497209929,1.7974504175029736e-05,76.31986995886899,1.676458841233335,73.17860796352058,78.74622678333714,-0.15047618431936646,-8.612645217808854,2.7698480141787556,-14.400780356007534,-4.678443135294752,-0.2627658708300752,0.013532872348395238,0.00074078973089727,0.0147929343733677,2.440641786457566e-05
105.73419457581555,2.8687376997576957,100.68245700338451,109.9587685311923,0.25071112237318355,-4.408441982007642,0.49244646052262864,-5.030662898049261,-3.476606653846768,0.026540522423702282,0.007160080423918543,0.0031389665907525254,0.0132237716120544,-0.00023464757881730002,Single-leg support phase,100.00032451843687,5.513416581086456,92.074614857393,109.97802900307155,-0.4838760579913123,1.657682742359663,0.5942564255983038,0.4801259000002454,2.721552158236935,0.06057908806045107,0.006155186079517379,0.002304362421264987,0.0119840521467066,-0.00022032727237233517,77.93239185878647,1.7931963555419106,74.91009724000752,80.8266570667303,-0.15990702234385917,-2.4156378404846337,2.531464873744066,-6.421855758308602,1.4165737012588275,-0.21184944485317375,0.025439438897239597,0.00155114000515566,0.0278890959837886,2.0534002740062192e-05
109.16861136632996,1.477344617881394,105.94249170993795,110.85123047228775,0.06795506538920437,-3.1891050445833855,1.0955948833663538,-4.58116914734291,-1.0345260470893851,0.09585521892577095,0.004558954367663186,0.0001714106379757926,0.0047719088939017,-8.56702146932161e-06,Single-leg support phase,92.56590323783162,3.559751444148582,87.61940725618065,99.4023061219658,-0.31845672610230114,2.6034050404575626,0.5324090935315817,1.642899168006034,3.207009053850525,0.03763257439094071,0.004308371700104422,0.0005486200115390279,0.0050191819534822,-2.643579749808648e-05,74.80085045221927,1.9927810444612613,71.23263193536422,77.95417307207072,-0.1816632739650403,-6.964669136289457,2.9939591253175744,-12.864937811953512,-2.2369670522208884,-0.2872424529657466,0.024624477919388574,0.00038324079097997485,0.0250895845576026,6.9125778899189726e-06
74.62991396532274,5.418706060754142,63.93757457130132,79.39961109034759,0.41346629489981845,-0.9006579594349168,1.0887020114611201,-2.6955841647149184,0.6246334482084763,0.037127531833673524,0.007670314409807636,0.002347327560289469,0.0104990828192295,0.00015525806101577297,Swing phase,133.94503690537738,5.875237245665123,122.16569350048344,140.37443946598904,-0.3288055013559213,-1.0268162183213227,2.776931252116579,-7.266688420837432,1.7291636518680875,-0.24313113710014916,0.01288754086669745,0.0008035378352884846,0.014481247169545,5.747324668038922e-05,76.78301229091015,12.745400868455413,60.41010113935751,96.86101962854772,0.9851599591673031,-13.204576770844573,15.780713497180216,-37.09783074044121,9.979677242159523,1.2723650806108306,0.005283812950830711,0.00028151506684790994,0.0056781198198899,-1.806675295005945e-05
107.07801437866215,1.9798289189332756,103.14916945971748,109.537757743399,0.1623016354269409,-2.2160477185695067,0.9046586867246106,-3.429643492044124,-0.421251792936039,0.08130788375967798,0.004493770202645077,0.0005291700988759557,0.0052330229721588,-3.374033600428109e-05,Single-leg support phase,93.89175017282874,3.4482635584313064,88.89191992715497,100.48966980036236,-0.31345269927587543,2.1949105317570647,0.6356392085782361,1.0354527033060392,2.971889039326986,0.052336117189755324,0.0037967015322193714,6.249994322530148e-05,0.0038569225235324,3.806378192159461e-06,75.91042797282765,1.8919877931708315,72.45920422128015,78.84403770866996,-0.1725630672267517,-5.61275531230554,2.7853415970638373,-11.266168718769272,-1.6592241376481296,-0.25964715084111195,0.02075801326685315,0.0034197320630658216,0.0255121374398333,-0.0001604219888580622
75.6167686568018,1.7636797258563757,72.2729884346523,79.04515831073788,0.183031618272583,1.1798673890156166,1.835080280436407,-1.658666990918195,4.183059340817631,-0.01831046456094731,0.006993597491697283,0.002462230301575708,0.0104539333659824,0.00015886762089122164,Swing phase,124.32127296523396,3.9497114691906074,117.51021015477188,129.2461542005817,-0.15219115756187998,-0.7568272350263813,3.6360407189579393,-8.17239113803014,3.2904454338077573,-0.2774341079461012,0.01132844379403108,0.0014277724988217663,0.0123894574321726,-7.621767030992702e-05,80.14744968368873,9.962975470587688,65.37090953463202,97.19876243481868,0.8602122405455853,-13.31950248405468,18.029187093973984,-40.03693242789002,12.121030403965092,1.4096746711312194,0.005232921235578333,0.00010390982972313862,0.005360199214435,-2.4911984101648634e-06
104.21685491671212,1.8906264361608667,100.90056942465488,106.23794307863824,0.1384283273316035,1.2150470712133532,0.48738664976804685,0.5704904006282945,2.193245083100885,0.04099844428512888,0.004419476907962267,0.0008120029793417564,0.0059500109426008,-4.827830137436486e-05,Single-leg support phase,96.39911539280078,3.7668437764855875,90.97959748720795,104.4405607479293,-0.3638098178573336,1.6764951784932516,0.6735854730786303,1.0106075119456992,2.8497729015464217,0.04732770849381523,0.004541507697395984,0.0007744276767262497,0.0055138150172063,-5.1754609052835136e-05,80.15529002205963,1.0883654510510643,78.19997293602646,81.6707445185279,-0.09380463736490383,-4.81532636171269,1.5917530601806624,-8.176721934280046,-2.855783495554863,-0.1438091469925725,0.02840689428091169,0.004003767844575257,0.0353469041083094,-0.00029171244278472974
104.52567574097854,2.3593002924419846,97.10796825753226,106.23794307863824,-0.20814842657207724,2.639116781936832,1.2252219107958309,1.2657201543660317,5.52460903000905,0.1151051047471086,0.0041163644957110624,0.00013961360071269963,0.0047302414887773,2.2433009324105412e-05,Single-leg support phase,91.56979954517014,2.2884107429846408,88.96977703790557,95.43491581520632,-0.17078768716425397,2.450262663229727,0.4710589682408418,1.4146979820969965,2.8497729015464217,0.033033367959575885,0.0037939003091419384,0.00048347062766661015,0.0048755014953279,-2.8969350206783786e-05,77.99515839144611,1.4994156529997176,75.39195538334639,80.30148985219267,-0.13269012077962944,-8.555678508028643,3.038234866564735,-14.468267355957083,-4.290720819019916,-0.27506882532262616,0.02210793220948999,0.004321786721025926,0.0282501521955981,-0.0004845789574804513
77.28792034337141,1.5196368031892498,74.7196891118274,79.06356375374678,0.08157206682642636,2.8752663630219546,0.949679955271129,1.4818597869995886,4.46355364271693,0.029206470502977477,0.007940346267923781,0.00038115315107567824,0.0081677756191483,2.5287970342310805e-05,Swing phase,126.25152762671961,2.4922818265276545,121.1978246394768,129.745590375221,0.05995200141859106,-0.15868504605896827,2.896219957047136,-5.736105766616174,2.7435794414241075,-0.229180681298386,0.009382288042006907,0.000386795537199046,0.0097035452739626,2.5039117610243215e-05,72.8569432238216,10.910166916197257,54.8702607452702,90.8608536344368,0.9727187267342322,-26.18637617255804,11.110438902284269,-38.07685389537422,-4.431794247705176,0.854269065356293,0.005042851443002137,0.0002370912911593706,0.0053505267089708,-1.5088714613835144e-05
103.93776437738036,2.6300997031850906,99.05498860337924,108.0839012274623,0.24402466551575844,3.9227585937414986,0.2857026418309188,3.509076890084024,4.436742231875296,0.010241449460670399,0.01768879982076552,0.010799155083020425,0.0321323317057716,-0.0007270501238896811,Single-leg support phase,104.09733845186936,5.70559327450536,96.5467458196324,114.20333298706436,-0.4772050585792419,-1.5073046766153777,0.6420166366603611,-2.3461883513989967,-0.2381790045389681,0.05648128703529515,0.00738164151282114,0.004486629023473862,0.0173168931733219,-0.0003658436932954513,82.28004101337395,0.7068167457980326,80.90111957344777,83.5172893880266,-0.07070729228591419,-5.065508376771554,0.712666178699113,-6.746540141924757,-3.974128850066981,-0.07493003491507502,0.02973547590727694,0.0015519385247535597,0.0316358939363652,7.0105413125454e-05
107.2909845349273,1.60146968100413,103.77447221643726,108.85975939640826,0.11121624464348041,4.013709856461681,0.27146556531877414,3.6165243781742,4.440570536093755,0.0222715177816096,0.007249872661827974,0.005945641949342287,0.0242091397211377,-0.0005261442504886406,Single-leg support phase,96.40059213358877,3.5292204482020986,90.60700186217925,102.9237907370442,-0.33288618580716095,-0.3539851719614241,0.7698795435463841,-1.874975613595045,0.4840333085530988,0.06293269847484764,0.004479951361410588,0.0007983950015808054,0.0065637441327227,-6.627161273473783e-05,80.6558033081257,1.289530515754995,78.00198298596491,82.3638764617598,-0.11788901285932125,-7.394146461975245,2.2267836148964246,-11.933105304397278,-4.800739354720858,-0.1927666472885519,0.02908427937195553,0.0017896630171480847,0.0311187495453784,-0.00019898079635667025
104.70589233645087,5.201920986500696,92.92683535286103,108.85975939640826,-0.40965042904327764,4.702177632619505,0.9481326258402862,3.691380668415062,6.344232603151989,0.03490982269334558,0.004977480546141487,0.0002589400946849827,0.0052781090330693,-1.2392752074875659e-05,Single-leg support phase,91.81240704368996,2.2710411740465775,89.59522864093333,96.5467458196324,-0.15042002833141246,0.5001910069505293,0.2878785994610762,-0.2381790045389681,0.907738756704818,0.01644797512771809,0.0039833702282501245,0.00011005189883844616,0.0041754479493365,3.1837633808973e-06,77.93893628218413,1.9902181553622476,74.29688671644979,80.90111957344777,-0.17849277991886436,-12.375877141857499,3.934433457485164,-20.70669959771548,-6.746540141924757,-0.3773016069132628,0.024443855993126068,0.005547692988247826,0.0295131483192468,-0.00038382648049655675
76.12812934597137,2.0100276385868745,73.39953819476493,80.56138052206283,0.1884716089846467,1.2203070105466984,1.7424297658019032,-1.7355685623514496,3.8497506895214784,-0.011231358537278819,0.00666411761777054,0.002223874561467015,0.0121809636977221,0.0001673638784116108,Swing phase,128.091746103442,2.7760254333350995,123.09154644702969,131.6852450603863,-0.11628090206704464,-1.578085672593871,4.21085041403355,-9.03506825136614,3.7206555388597335,-0.27096503943957373,0.010585341708808267,0.002382387240033514,0.0140355173658914,0.00019022567289865943,79.14742174149039,11.512219926224665,60.63101218017894,97.17701074129924,0.9877296908410892,-16.30355053034268,14.775515595811335,-37.66861684022492,6.041397838265832,1.1813517480673177,0.005018896934883907,0.00020894903596990581,0.0056610763898814,1.4705538762656759e-05
108.8718501948579,2.1041784793471066,104.67384028346471,111.28264090987236,0.17130479557389136,-1.5004265330016715,0.22483167518300035,-1.8722605088787847,-1.0755870407919546,0.013106018323796128,0.004643306838512376,0.0009628840254172575,0.008574994568942,-0.0001165832566911973,Single-leg support phase,94.76701173489897,4.297607973490736,88.22710108322096,104.08336061295591,-0.4285475548577015,0.479361015671851,0.84070199921922,-0.6862900599639669,1.5328411292972723,0.030520989149688992,0.0040378372205991525,0.00046576139170345713,0.0058604606850723,-4.50256910255108e-05,77.52560232694589,2.1062005782354234,73.78362130713289,80.445906938743,-0.1800617738273001,-6.281653704678808,2.3636546094896587,-11.266763336993977,-3.396063826035318,-0.21272160840428808,0.02060760749731322,0.0026527874086687865,0.0258903826810865,-0.00022645728352528921
107.44400880886356,4.810535433094657,95.59619830870052,111.28264090987236,-0.3729954192026506,-0.2933991862301554,1.5098816127956123,-1.7168521271271802,2.399109695030312,0.08897158552217094,0.004372714696274749,0.0001072959853492102,0.0045612898224051,1.806071923224327e-06,Single-leg support phase,89.39802974658988,2.6376075789187614,86.80385745469808,94.84901342807646,-0.207128475614197,1.4429237496024896,0.3679938253073357,0.5296685682143811,2.033254282238608,0.028634869422607734,0.004037609963282003,0.00016047508584329478,0.0042532822047146,4.750578925489183e-06,73.43154045978235,2.79291038864628,68.32802417464347,77.73995488105277,-0.25437650557862956,-11.756292986998607,4.369783911918932,-20.47811799639352,-5.650465016003724,-0.4007473778483729,0.017081092549576352,0.0021088305944661173,0.0191926477296065,-0.00013855483809322968
77.19514960093943,2.3158606715313153,72.37379875427307,81.330988645135,0.24208621326653854,-1.8282994774315542,1.8255594371146404,-4.923644943688839,1.132253745254426,-0.045068833551598964,0.005871606532850198,0.0015897056434128357,0.0090926181479848,0.00011550675727958919,Swing phase,126.70619491798954,3.69210542248325,120.41865919607834,131.64347826543525,-0.12138915069017626,0.25759084837561425,3.914128193014048,-7.310785949962251,4.749227027954593,-0.2850525055143655,0.01046385901752471,0.0005624089762883296,0.01135644653746,-4.4456606024764865e-05,79.05833221759859,9.770051690983106,63.569892579429954,94.73097898906244,0.8421915245846616,-12.120291046357892,18.82384535641636,-40.0347846262783,15.236887554776946,1.493828977866358,0.004920139337660324,0.0001418134494965962,0.005111917794724,-6.655237322432423e-06
102.56644136759856,3.1149217139457686,96.79284410951028,107.32700167944388,0.2847069613495567,-6.464968938284657,0.5153254118968649,-7.045353979943179,-5.456679438314423,-0.016135921072987388,0.006584676041641611,0.002007333535338881,0.011413476493255,-0.00019407278235027568,Single-leg support phase,104.37215007276188,5.732785796442375,95.9130989739128,114.02828193029204,-0.48959953936160117,4.284956657433641,0.7472587231973693,2.554744451811004,5.031332439200854,0.06693481046999596,0.004546362300975059,0.0008664283047814793,0.0079724848550363,-0.00010537493185572164,77.55540245671475,2.026865972244398,74.37352444740087,81.32507156095726,-0.18787965171774018,2.6622494959012055,2.5042845122961013,-1.7008960789745176,5.999056874680518,-0.20810683658527124,0.018747665826771436,0.004084890840308838,0.0239141057653748,0.00042704178352187034
106.87320850480471,2.0715491119359695,102.88703374870931,109.32198218526966,0.17043572810078136,-6.205353359308264,0.6474007856104176,-7.045353979943179,-4.943969224967757,0.05459989456556832,0.004497423738765456,0.0004459289709507146,0.0051023092782534,-2.076609837724052e-05,Single-leg support phase,96.37997986503906,3.8242903256587333,90.8809796325144,103.96195536551812,-0.35353988467577635,5.13844516722639,0.39102960425588146,4.6878109470845,5.822695956512279,0.030377968327502617,0.004044032634321809,0.00015134614759339403,0.0041864829015582,-9.629191318886486e-06,74.29138599056662,1.916758216137027,70.87917435183209,77.3633964496624,-0.17524924588730573,-1.6130074702743988,2.659451069832593,-6.34129383911428,2.833531290333713,-0.24796824674183762,0.02237376261196397,0.0010775357933015632,0.0239141057653748,-1.1944014575681065e-05
80.56820491771255,3.07611584115555,75.10840630527315,84.79798161459388,0.26188041376542515,-1.6150300408942801,0.7741294905542739,-3.340741746147508,-0.7675851812884689,-0.0516963501691225,0.00643223073439272,0.00185709778080304,0.0095807923534387,0.0001300883764244946,Swing phase,125.6015938963309,2.7662407660413906,120.9324663335504,129.56786045479143,0.0013900146302326852,4.515815846274381,2.3252444936006174,0.6857255026394098,7.693189584432054,-0.12280922496332906,0.009316893382762242,0.001986646950272604,0.0113020965864636,0.0001223538818098054,73.76587338096607,5.7514819932306205,63.73395839992343,85.21880000981808,0.5806713948620176,-15.05360837306967,18.88983966228008,-38.588568039448525,16.108566458758055,1.4783009323839615,0.011698592947073904,0.002137061270229542,0.0129715910078903,-0.00012498218394585675
105.03345664075495,2.682493353051504,99.79325527096024,109.30807380336636,0.25715725763259756,-7.957381522751053,0.462026636835848,-8.51455629717044,-6.944023844488229,0.03112824488752817,0.007877751294188114,0.002748291585278994,0.011347877071072,-0.0001661895037149108,Single-leg support phase,104.00315245675435,6.055313683434531,95.56147762760804,114.4504277386706,-0.5105121651638529,9.002958626067874,0.8216515159024133,6.44537716514266,9.6073181879128,0.07434687658557705,0.004918217486673856,0.0016229204397884103,0.0071046540912725,-6.327219997415675e-05,74.38547124123731,1.5681946446695483,71.92983866719175,77.50353781847352,-0.15064051760221006,6.574525100127273,1.9459322914547759,3.245773115444823,9.518460222008132,-0.1695320839611705,0.017745415526212602,0.0017712743876427137,0.0207403539370449,8.71422193691513e-05
108.82934749642294,2.0236220067752515,105.12204212306304,111.45839602387257,0.17125280812998722,-6.828587470926036,1.1736390532075962,-8.484332229888714,-4.30038983655048,0.11307952414427662,0.005052827243414335,0.001026269900316511,0.0064759446541449,-6.604314977797025e-05,Single-leg support phase,95.91361844114697,3.7504644651707832,89.97067374139465,103.35417100714194,-0.36171614231749444,9.159573183922616,0.38885883646120656,8.122840306544102,9.6073181879128,-0.0383291528664996,0.0037699322951833245,0.00014251777591451435,0.0039724609702654,2.825686986683787e-06,71.77436319818311,1.6214527272641865,68.84040309457474,74.26594447986903,-0.14663625365660257,2.7865286623843355,2.65844340264529,-2.469316659462064,6.626556730542329,-0.24583441594606467,0.020260609520661953,0.0016412957689795648,0.0224512437585371,0.00010965474240328378
108.93906119242308,3.1963088019990322,99.89209131234206,111.47361779288332,-0.2544860132709269,-3.775734635822609,2.6657376016539005,-6.944023844488229,1.508452729149191,0.22844531280101132,0.004234542612197556,0.0002740002509491329,0.0047183637100818,-1.3503969231491907e-05,Single-leg support phase,90.75166385745838,2.649580109768503,87.45498011242832,95.56147762760804,-0.21909452743728988,8.244242173759062,0.8091237931247875,6.551434197882637,9.237222968776653,-0.07148047029530741,0.004093753547212417,0.00043569323941458816,0.0048936891330973,2.0508863895059443e-05,68.96216553560313,1.7696983103109816,66.01640255460596,71.92983866719175,-0.15982259763745366,-2.8213992698706076,4.245832379211752,-11.119240870320652,3.245773115444823,-0.38824362123690476,0.021567580014061904,0.0007896304933468766,0.0224512437585371,2.5202550984402787e-05
78.38797264694367,3.6628307229669703,73.02896480032949,83.3491039932128,0.27159939377976283,0.27635689068943664,0.8858493315820748,-1.957985673906287,1.4746407869235552,-0.07247740622990392,0.006213199522993116,0.0017980379227850465,0.0094388555928436,0.00010702904850078648,Swing phase,127.74718460741683,3.3954001077122435,119.842546641141,132.0043290152272,0.08674682512878155,5.887961247134969,2.829415467580134,1.889060904228206,9.836232629714278,-0.0675814601467218,0.010661069580412592,0.0014562344500826266,0.0120090921657722,8.40106761095784e-05,72.14785773029038,6.871818386776151,58.58217827509287,84.66157523025353,0.7048485663556935,-18.7255940876367,17.746177457883615,-39.29071345296219,12.7443092422559,1.4033739340049856,0.01710570759067164,0.0024866374437097745,0.0189565822885622,-0.00012986029437499997
109.46920956611469,2.209437333304839,105.4520251736656,112.2569913944852,0.18391800596809713,-2.359910032292316,1.278491132604265,-3.882349137517653,0.1120047068996828,0.1073415530256123,0.006015064316050357,0.0017562875988645827,0.0085262641343979,-0.00011869564480272161,Single-leg support phase,96.06014064155302,4.56250090140564,89.54920701221342,105.15968158571188,-0.42190471820266123,5.468168802349757,0.3685702887500806,4.894892323625589,6.033558460318306,-0.014396656861037577,0.003897548967265614,0.0004349875839232043,0.0046034944853956,-2.6633718815121626e-05,75.1992137365078,1.4658261637001955,72.65167536165237,77.62485905837187,-0.13441037018160817,-0.9633583518647326,2.9987722990696293,-6.303100582662674,4.407831102270646,-0.289484640133333,0.02161894938174744,0.004944559172208051,0.0290720253253857,0.000305571155811646
109.72076284943525,3.3459411177437466,100.10285689910936,112.28872246943808,-0.26231041226095475,0.43480527919286255,2.0396931334773702,-2.413096013460312,4.544921804816896,0.18805453562911373,0.00443878272148129,0.0007664366589874954,0.0061058510764956,-2.1663128803510798e-05,Single-leg support phase,89.9953989633153,2.8028437558351382,86.61265956065414,94.83768722313552,-0.21960074104613472,5.077830625548903,0.5158562796957631,4.208116717090006,5.811339689914752,-0.01896414616493903,0.0035860401043219096,6.94930947845297e-05,0.003687884672777,-2.4141354676405457e-06,72.46849879586692,1.816553676333613,69.2540789566529,75.26157745386544,-0.16236482424898752,-7.07638859718803,4.4419214780813485,-15.787522988254455,-1.0624587004077817,-0.39797471048234256,0.0259552860794128,0.0034769514657504294,0.0290720253253857,-3.94214089829027e-05
79.27113529474423,3.112398606397575,73.79775444146664,84.04648571634705,0.2760515305074453,0.6592514271923725,1.0136396900128561,-1.7955936155537844,2.213073279057155,-0.06411372491257424,0.008475532836010815,0.0011756944827325103,0.0100903001800761,6.436631496225945e-05,Swing phase,126.3191161411966,3.6201284991074103,118.747580136902,131.24875346956046,0.06730772622618755,3.5117711897302213,2.4636252572215853,-1.2312059509667808,6.577816772666864,-0.14043196053019671,0.01201166566416063,0.0005381354070674235,0.0127274409939914,2.5752421266286486e-05,73.51037234477263,8.35064544485182,59.16080885870047,89.27878657140079,0.8139993976405491,-17.331430917596492,18.566104856188648,-39.75785957337775,13.981784756577746,1.452422819728527,0.005105689731449129,1.6694727606194614e-05,0.0051529085006076,1.0041521802108092e-06
109.28864834464197,1.7155831417009408,105.58769735752732,111.01312508007834,0.10874762511559881,-0.9450760044455078,1.233675160719155,-2.607317128719981,1.2851145546031515,0.10315529003025477,0.006695772111975222,0.0020609600092276483,0.0104571839862412,-0.00013810384069107027,Single-leg support phase,94.9181172207219,4.404977620584301,88.45510863978157,103.83526011643346,-0.41567976963924025,4.2528336097207875,0.3637893717135187,3.647079905105619,4.626952027677374,0.015755642616057327,0.00476373457267141,0.0003686606563118561,0.0053654602145382,-3.867887133097569e-05,74.9104646481783,1.8865542860069087,71.47030523894783,77.57430057407258,-0.16497284689526354,-2.864010476300321,3.363575831022513,-9.17310141983057,1.9506401507683424,-0.30064166407024084,0.025524071469935617,0.003957663912784731,0.0295802093815547,0.00024276895285705132
105.8640335767025,6.252308577970472,92.17831764579586,111.01312508007834,-0.48698213864996837,1.6709385953193796,1.9468718512113246,-0.818181253108264,4.4541201926909295,0.12356152413243611,0.005595643711248509,0.0009485868793258846,0.0086479449786445,4.8225775247959476e-05,Single-leg support phase,89.48057262883846,2.4573928731606665,86.97971476586535,94.90144279310684,-0.1739035494029685,4.272612560354042,0.4541709440298619,3.1169563337753776,4.626952027677374,-0.036404135693964335,0.00497133922221042,0.0024401219561756313,0.0134528996920439,0.00019592579197815404,71.26624612337912,2.5736070222597665,65.77831490951323,75.10021672678845,-0.2519432923587897,-9.956098160630395,5.316675594080155,-20.82269070820962,-2.4970748414648387,-0.4952869153174266,0.02693725460821868,0.004598627498629697,0.0295802093815547,-0.00029473274722290814
106.7406596633035,2.5712054427671474,102.12327737756344,110.95843264562023,0.23878798021775122,-2.2727471833331223,0.3168739340111222,-2.823849669719996,-1.8405417059529177,-0.009158570722928328,0.01762240582804721,0.004220388775224488,0.0234968349875891,-0.0002755451073910783,Single-leg support phase,100.96180086723217,5.2408999359305755,93.88811277594851,109.75678995561977,-0.42888316701814194,2.7388717314005375,0.4636882150894138,1.643174343571742,3.875047194862623,0.0603208878727265,0.006629053730749563,0.0019116104094555996,0.0092891268252738,-0.0001246051225640865,79.17882975111776,2.199315294757326,75.59831867280427,82.82587850642605,-0.19533945496275087,0.7778063889931305,2.8983534841883065,-3.8362997313482174,5.02480676140776,-0.23948936466908047,0.01395936286620795,0.0010821205779114262,0.0156812473806722,-6.443152354992434e-05
110.33157445331894,1.8723011213414709,106.61439902866644,112.46632801206478,0.12863984165352926,-1.8413964559007991,0.7764309583222876,-2.823849669719996,0.0244943076922957,0.07698226965979167,0.013786733471075258,0.0016267262597763896,0.0184421052939132,-0.00014048826988946215,Single-leg support phase,93.84251730508768,3.2987716461197096,88.40639724357953,100.6742877637256,-0.3315646086525964,3.7160263535713005,0.8364358113331593,2.6568634113943435,4.716659514133563,0.041523880692891584,0.005070647646751927,0.0007509090388215536,0.0070111735321628,-3.4809490505808095e-05,75.39417367949571,2.3805711071153723,71.11519112912677,79.14497210582194,-0.21702110747824768,-4.193913230637389,3.129841511435421,-10.171689654443728,0.897814813097553,-0.2991757964200346,0.017409604624778335,0.0046049341890663535,0.0236014213460821,0.00023524158165819727
107.56306426107825,5.827922934058333,94.32307304261238,112.46632801206478,-0.4496043135948069,-0.022070564753169628,1.6979690218674555,-2.360259477725601,2.2971604054372685,0.10674402916538274,0.01464620462637756,0.0035521369236146054,0.0246006539110807,0.00024951676663894864,Single-leg support phase,89.54836050536099,2.2284260416470385,87.24399282081342,93.88811277594851,-0.13163491552054046,4.236584090880451,0.3516414246769542,3.3904229230838108,4.716659514133563,-0.013097953291319245,0.005487069982935602,0.0006687816626032041,0.0068570525464945,5.503839209096485e-05,71.45081101094922,2.4390502053322263,67.10973592847877,75.59831867280427,-0.2294211552520405,-10.785216227876308,5.017423390342375,-21.050977759151003,-3.8362997313482174,-0.46526156831899423,0.021209677570944357,0.0025561662961724797,0.0236014213460821,0.00013216016493678107
106.99627100225372,2.69023261862427,101.53666921060302,110.87003895314332,0.25225323628487295,-0.8075294763474499,0.3451911412767965,-1.3633507005484906,-0.2402570493245385,0.017472394901914965,0.018150310910886553,0.0010365034907273717,0.0201245713298951,-0.00013250066907601087,Single-leg support phase,103.78072358848263,7.340620750527523,93.9404850802479,115.9259302352094,-0.5942012204043652,3.445283046297489,0.411108366566646,2.362286989915792,4.302688769366761,0.05244329133651268,0.01881792649375144,0.0006837335390512643,0.0196153529006181,-8.73575033115513e-05,79.15749719583275,1.3332771595708957,76.7573624929796,81.63194172846752,-0.131745384742917,-3.4500009738103654,1.8794302524826496,-6.087125039516066,0.3517987087848934,-0.17402496617029622,0.028435500030102916,0.004191144084460533,0.0330849159489922,-0.00017049042722954328
110.23472443192085,1.421511441224754,107.3295675799188,111.91118744317583,0.06709739142207441,-0.18158828806554345,0.8425363072128419,-1.3633507005484906,1.537010498941986,0.07776929984075544,0.016124672931909216,0.0017285060180429206,0.0182823598872602,-0.00014828933980283514,Single-leg support phase,94.36782110206639,3.9960050294931597,88.80105707700463,103.02452462891615,-0.3844180419435547,3.918556781099995,0.5709097731561,3.072023124737016,4.626870998214909,0.017426285506416613,0.017326389798932692,0.0011245580924926298,0.0192274507950946,-9.664877590507034e-05,76.62569485494616,1.7584550677220674,73.44873283358505,79.19643886614097,-0.1553434062852949,-6.784170484067998,2.3000013880023773,-11.756636394467058,-3.780107628027738,-0.21558185855241407,0.024415020026280196,0.0020380723623436244,0.0326798749386108,-0.00023972780818621344
106.00696474172474,6.779201626759966,91.71158887529188,111.91118744317583,-0.5177959480500389,1.7193821990937073,1.5740843840932972,-0.3390947844341686,4.060299547653464,0.07895368235582352,0.013327954598779137,0.0019446665105555788,0.0155880291904571,-0.00012855844577158644,Single-leg support phase,90.14091058079401,1.7560149368218798,88.30636497747365,93.9404850802479,-0.07441648301062517,3.93008983306163,0.5919740348897226,2.479365105194262,4.626870998214909,-0.049279017950608094,0.015875356008697616,0.0005988189239875573,0.0166240412101925,-3.536760451683249e-05,73.27245853167548,2.3235474285222573,68.41634516869254,76.7573624929796,-0.22543290065640678,-12.973687864521072,5.3752894554074695,-23.927568587701856,-6.087125039516066,-0.48217414995096725,0.022358032032804443,0.003106733219368295,0.0241526417584979,-0.00020619566621160262
95.53548293179578,2.7366127320740654,91.27183038827576,99.17971585013838,0.21372663410439513,-8.326896810458774,1.048063045450554,-9.82953519190181,-6.30024185569908,-0.09538630638385756,0.012334167950360162,0.0009836531733313759,0.0133692652803332,-9.794979056581082e-05,Single-leg support phase,115.37250912078329,3.9951156230264626,108.4337845739892,121.84127359238136,-0.36236456806465284,7.0647248150812905,2.587587518154094,3.0916738442035188,10.708230630129126,0.11926883039409665,0.012958712557554503,0.003023414809920352,0.0178864087532436,-0.0001683061070301486,78.34903956496586,2.853324144916307,74.35985107134896,83.157543920414,-0.21500393888978875,9.675038630346991,2.1731141193415326,6.560275093904088,13.797801702804176,-0.19560882726756992,0.016306409141496267,0.004752602216367019,0.0374470750755596,0.0004592113983647837
99.10489622111834,1.546648684340204,95.38235295363434,101.16647074996536,0.1563275080089464,-9.520754495264393,0.5881174968686816,-10.028702805496271,-8.074851096804759,-0.04514967897691922,0.010203503809724252,0.0019376129179027105,0.013224893773527,-0.00018617742985750003,Single-leg support phase,108.22536432193147,4.470534818229993,101.68452707786554,115.42454921469086,-0.3713519496439275,10.198029563878688,1.1645441376294379,7.363562899594122,11.277595774203428,0.1010110946266169,0.011003039124610871,0.0014182418710284334,0.0142832546373523,-8.539916679887299e-05,74.63034960605708,1.6786524719103506,72.38797926344834,78.26608023318485,-0.15886759377666237,6.72461251362017,1.4175995468927196,4.38652797450514,9.5571060214681,-0.13974535262062054,0.026647220242427404,0.01055516701945116,0.0448213669734942,0.0008499538663978352
100.89118975024009,0.8176596376111364,99.17971585013838,101.73014229245244,0.05847380559708075,-9.303497903342265,0.7200317597285263,-10.028702805496271,-8.021924456431156,0.04885434420190956,0.007718311426724109,0.0012721017277332234,0.0090990199107962,-2.3332983488929716e-05,Single-leg support phase,102.2932579078816,2.7857116034495486,98.52526149433248,108.4337845739892,-0.26779792107180317,11.070875032012406,0.14696260286909538,10.708230630129126,11.277595774203428,0.0020895738640373963,0.011058622510227658,0.0005591695843671392,0.0116590827931281,-4.940344128160542e-05,72.33353069284202,1.129861256970189,70.35358309906745,74.35985107134896,-0.10827751276436504,3.8556838864554863,2.0772941067917037,-0.2662167610048998,6.560275093904088,-0.18449977986240507,0.03963867192617699,0.00442649430926423,0.0448213669734942,0.00010467393857601097
100.0738797836892,2.3149686679081607,93.60862748880405,101.73014229245244,-0.2042660340854408,-7.940066137645227,0.9885996173159458,-9.74538921895077,-5.859948347959322,0.1050119154322013,0.007491505641181827,0.0008995219415563597,0.0085972573454134,5.7019894649386506e-05,Single-leg support phase,99.00496459451657,1.3865412628598128,97.59773473478997,101.68452707786554,-0.10409226809359304,10.686892994650611,0.40861585515383936,9.93730623587954,11.159731033486231,-0.03145046391620022,0.00982008415223635,0.0012120519711808946,0.0111367010843443,-7.769182830566486e-05,70.24384073011699,1.4208554333271601,67.52486431432057,72.38797926344834,-0.1314355391656156,-0.7172640191223976,3.4796174952487973,-6.986178949229689,4.38652797450514,-0.3073704573982386,0.03715256402080832,0.008655280486063703,0.0440319986914459,-0.0005199367999705677
79.89263267033377,3.119315165004712,76.41884098498832,84.80981894953739,0.21070340856902314,4.1852994910894346,1.7302414894568037,1.8760921971613809,6.612024322547948,-0.04907805048831958,0.017889219602923716,0.0017234276985283326,0.0196725299045884,7.421799706340266e-05,Swing phase,123.42472243663923,1.9193169298803532,118.39378169322364,125.29308108162049,0.1017036722595982,3.8519841926928775,4.03577254402622,-0.9276846426977136,9.054108325848455,-0.25332756809524004,0.011525846808610728,0.0006975583361395033,0.0127367098680571,-3.666493784506219e-05,64.46821036048277,5.697609629562046,55.25532667196283,74.71324752052755,0.5258897526639114,-23.00813679271998,7.79709212730209,-31.241420782829305,-6.997033453623363,0.528912031884094,0.00859418585058033,0.0008109514720651132,0.0093520790790494,-6.067467487576217e-05
103.24408599358514,2.0178731565037364,99.55022684916068,106.35541675216297,0.18392405143249424,-5.814048788729699,0.32038473937294476,-6.183292833425649,-5.222147445187677,0.015300576015234827,0.014704075344716003,0.0002105438170338129,0.0149485198504325,2.6003248436864685e-06,Single-leg support phase,100.0970560954093,3.6489629711893103,94.81707311209884,106.10187512442964,-0.30499464898191353,7.153447624607433,0.2885970367118066,6.747498947091242,7.598514021597749,0.009486556785666608,0.005379963062309613,0.00022333392746426168,0.0056835054604103,-1.1130359506997307e-05,71.57585884663445,1.0001767506216979,69.99154183724997,73.42319173190782,-0.09274729445021221,3.034564851070886,1.9775780828194287,0.0054712026112381,5.845542517943841,-0.15783976527925953,0.013623473698726457,0.002199240837309123,0.0172711591618045,0.00014247806063915407
106.0148280969137,1.3427478365480328,103.50684866004524,107.61875000084324,0.09312761043848101,-5.134200687129786,0.5765956462894828,-6.033560924650862,-4.1867925303031885,0.049912659306693884,0.014264166536500983,0.0006212146915189504,0.0149485198504325,-2.516328442493243e-05,Single-leg support phase,94.91761715594104,2.524973190982758,90.857059007688,99.80619725024276,-0.24186860115012884,7.292577686876074,0.354865287024542,6.747498947091242,7.753246103878578,-0.005374007248023835,0.005059528560571909,0.0001886532145876181,0.005272026829298,-1.2005955501435145e-05,69.7610675691371,1.20554692374765,67.47096231473964,71.45187719514904,-0.10759229406511894,-0.3986320130793028,2.214205811853774,-5.133424210451672,3.088771497719652,-0.22222150562625198,0.01827563449422921,0.003876446696785971,0.0238435158788879,0.00024527205710722427
103.72849163571924,4.908716595090916,91.63158298249937,107.61875000084324,-0.3979414532341513,-3.1213969061959697,2.0325329145128244,-5.222147445187677,0.6832226033264521,0.15960459590578727,0.012925143892189444,0.0016532790962970245,0.0179525111693402,8.37541991472081e-05,Single-leg support phase,91.4197927861535,1.7635573917035146,89.57249057314831,94.81707311209884,-0.12237840286955029,7.1078104331314576,0.5295782712539219,6.256350676968909,7.753246103878578,-0.0254372128806013,0.0046851982561542296,0.00037840145663959934,0.0057591994840003,1.6846841780654073e-05,67.35163043513764,1.7804978388628334,63.57623876447561,69.99154183724997,-0.1733865695344421,-5.818643926627212,4.442729695804512,-14.353891174844811,0.0054712026112381,-0.38809087506637974,0.02135412881926581,0.0035179569577710786,0.0238435158788879,-0.00028773923470474323
76.32265805758236,3.608661548726767,69.04879046223024,79.99365434004385,0.29178096970015394,3.3015968320698343,1.1765764303315784,0.7583407961968188,4.50307025177767,-0.03345319129820448,0.03428992706828324,0.0011582476196652846,0.0354473977905016,-5.552875868406741e-05,Swing phase,130.00913813865589,4.2791957093891035,122.24918650283756,135.0937680384539,-0.1561070525032798,1.5752151413737516,4.39420934493275,-5.393653884254816,6.7706283518147945,-0.31474632997887875,0.010438161931652434,0.0026665558986388232,0.0130865935303656,0.00019335269238021353,75.89681886870115,10.863942197449918,61.47716135090602,95.36491551387584,0.915885247647833,-13.44994090500096,17.35740640914433,-38.4032020860988,12.020051429640048,1.3627906355605095,0.013183598218554967,0.001220007369686617,0.0141041834322318,8.390770461417565e-05
107.2337080693104,1.4652092943063386,104.12564952816952,108.86183761775364,0.06656427188255482,2.128869353698736,0.8257080340152319,0.9266323186911308,4.042995115917121,0.08422602154664838,0.03970794708196391,0.003298844852775595,0.0433506625773936,0.00023187106196198646,Single-leg support phase,96.27916359398125,3.7952447696851275,90.67878370219007,103.97998920957346,-0.3594920407400915,3.529369631660212,0.5000042441565635,2.8519939743808727,4.196762391613878,0.02130902217737771,0.011226098945509222,0.0004150357934284052,0.0117909359731832,-4.02643226277294e-06,77.34630420275585,2.1677541833814615,73.49563879405046,80.42749278576674,-0.1873474051815211,-4.5712246906185126,2.8441625880271286,-10.234024067869235,-0.9173058350859582,-0.2518031954806291,0.02332289112486161,0.005248052325737857,0.0304219296533845,0.00033563043228867573
102.61973472320892,7.216248156311647,87.5056489597751,108.86183761775364,-0.5546401430419987,3.986181731235673,1.5342534586749386,1.9448784505459489,6.148063333552034,0.07637553983584618,0.04382903397369512,0.0023699491969359746,0.0491778223256295,0.0002624708017205027,Single-leg support phase,92.03349213319996,1.9106744787630991,89.77136881898872,96.08266971465876,-0.05609302961896236,3.653116464929601,0.3669765594880337,2.954083284147545,4.196762391613878,-0.019349903072462395,0.012307870030710082,0.0015488704131067605,0.0156572715641761,9.87444222459027e-05,73.46600095758266,2.5410077723245506,68.67196845243762,77.55850886840842,-0.24017676799921078,-11.214647998284446,5.4492415147122175,-23.02816977765151,-3.939145292870165,-0.5159195806697661,0.028083779146977756,0.003854446853187795,0.0306999989214868,1.4120688477594634e-05
108.28562049304783,2.1260938751933054,104.72680699846164,111.1940923066813,0.17479149481674752,0.44177053686695283,0.6309703840621901,-0.4455881299874395,1.5867773716929787,0.03675928840296876,0.018882452394546903,0.0031854571731943747,0.0239360862754576,-0.00023063677403831895,Single-leg support phase,101.19896193421069,6.5149065852819,93.08446972428352,114.45707876641184,-0.5776380822196843,2.4128912910280222,0.6297064407695468,1.165884001147463,3.4833391100225377,0.05972641009779506,0.01669866109717769,0.0007227329261247886,0.0175697575330041,5.1220297411554e-05,78.79780873316639,1.8617588757666186,75.182861525046,81.47895397567167,-0.17016466082772105,-3.1490241544199216,2.0357330871816326,-7.623067721762285,-0.2228215354888715,-0.20000665368306522,0.02281674734738825,0.001807123680049743,0.0248328318860202,-0.0001156024686977189
108.9597435602298,2.8194293234539183,100.565105918161,111.2664196709142,-0.21571673834537472,2.229685823758817,1.5882166696080646,0.353856665715169,5.602987476367625,0.14186840028790423,0.014188328625027218,0.0029684515652180278,0.019344490799781,-0.00028120522192458925,Single-leg support phase,93.46830873401798,2.968437833914293,89.69185162617572,98.45819108075985,-0.23692809336713858,2.844639313699796,0.4268982422973576,2.0004069848310344,3.4833391100225377,0.016665150437535036,0.016749900567757263,0.0005913779708780979,0.0175697575330041,-1.0000562769994519e-07,75.09872364431958,2.6164052014231682,70.75209375973449,79.21406693645174,-0.22870197774911488,-8.257364575782427,4.331562332445642,-16.791068610378815,-2.577143599106805,-0.38416013543978406,0.02132051292397179,0.0012830746709149863,0.0237768257141028,-0.00016616922039350805
77.31993070502755,2.6212306253978293,73.16933553424255,81.318474286167,0.20995454929249613,0.8672405060248299,1.441990998883012,-2.906851497656604,2.523610184310636,-0.11572513552213896,0.012094352508887657,0.0019976272426909043,0.0149247919603682,0.00012122276933718108,Swing phase,128.52350129194477,3.825397550088845,119.93750542604316,133.25389591229222,0.11223495178035443,2.9019755937511196,2.948429095271569,-1.3531811743760669,7.127390180768164,-0.10725272371533659,0.018181646866497137,0.0007892668101932951,0.0190328464613976,-3.4687930882067584e-05,75.11763867088618,9.074063939297071,59.36388808572976,91.87051038859612,0.8785573595369285,-17.79153645022464,18.39652258511939,-40.05503981272847,13.95164356056404,1.4500919941521397,0.012670006489081216,0.0009040004836347643,0.013426792356045,-4.901957894218379e-05
109.53398637438941,1.5317950146843935,106.0954381570103,111.17212156376638,0.045050352870108966,-2.7262584729343655,1.3038940736617493,-4.531774437252663,-0.1893929530106109,0.11736166173627169,0.007530193444510418,0.002426218815510226,0.0130031176425431,-0.00016854646507076756,Single-leg support phase,95.55620867218424,4.596710969282806,89.32178378084822,105.61846469352363,-0.44045083547771385,6.632956821084512,0.3923457236265259,5.95965882875026,7.217501699166918,0.0010946379614656912,0.005677265652651836,0.0003244649550004498,0.0063347325417549,-2.228027901012972e-05,74.78975003555405,2.203432565947643,70.70535422217552,78.03682780889069,-0.19814793477608586,-3.9334276324260053,3.385903576498096,-10.385524752041796,1.0770283536207266,-0.3097987325854736,0.01622287807210176,0.001250575559617041,0.0172019490604564,7.493885620253782e-05
104.36575299704262,7.469252078841209,89.25628467715707,111.17212156376638,-0.5784237659620803,0.21248955721513788,2.1345366624130877,-2.7078631501090547,3.090471088575346,0.12968559407712013,0.006649871978651104,0.0001266824763531835,0.0067668984349247,3.7108348202513594e-06,Single-leg support phase,90.4758659682954,2.077603020299249,88.14075484271437,95.18058375430996,-0.10165296825765516,6.423077181000661,0.6587160171296431,4.908598245498026,7.217501699166918,-0.05854280831180994,0.0056323925494638485,0.00044893627454239184,0.0068841440030017,2.3536490782802707e-05,70.44160594194179,3.087994113956674,64.58378054030713,74.9531848337081,-0.2802541700919179,-11.547425524406815,5.927511902102602,-24.457342795840063,-3.6945655743868047,-0.5611561411203584,0.015722158347576343,0.002635826014290378,0.0172019490604564,-0.00017165783454368644
107.79215534127677,2.619166116685385,103.26964849602692,111.29169909582272,0.21681217837285957,-1.478973990281874,1.1715598656788333,-2.8858900563996035,0.7310919791798444,0.08956197681729447,0.005494859597010647,0.0019795338731017917,0.0092066870903444,-0.00013562839380051352,Single-leg support phase,100.54319694547031,5.495004185015571,92.63138244874308,111.68536126458017,-0.5149724004280293,4.207620842114458,0.22594326841699744,3.821599841832089,4.569289611025453,0.012963714348936662,0.004518485158792665,0.0004409346351977952,0.0053497882161851,-2.6903846740554052e-05,79.59328157104268,1.768222953869379,76.46819494811582,82.5207093848829,-0.16358147126397524,-1.400842731916435,2.982291397618643,-6.878734716152284,3.1784084070855005,-0.2718146790064266,0.012954148501833806,0.0017836276426827903,0.0156932562704797,9.532341253418648e-05
109.19486205308696,2.568759329804174,101.41317540868418,111.46612911021788,-0.18144934017438252,1.1770250714181691,2.004931307271355,-1.5981431164635642,5.266683810179581,0.18553586288224716,0.004249785849300217,0.00022776840370155907,0.0048874055557299,-1.6277033673937818e-05,Single-leg support phase,93.2376273342012,3.545352174893023,88.47369089544776,99.32681207696938,-0.2933275995005842,4.123755039550703,0.35389611965047285,3.13122133538582,4.569289611025453,-0.022067868987020123,0.004255665912057122,0.0001184135463162534,0.0044021387711117,1.3902686488081275e-06,76.36851693841146,2.1136906896181187,72.73348435517636,79.77822158364188,-0.19039830347204112,-7.420855288218936,4.337019982625669,-15.961013070055843,-1.1006896850550316,-0.4016303617567787,0.0159053914389256,0.0021398916919287015,0.0184935084651949,0.00011278800671543243
78.06073223513049,2.3973668814035336,74.23023311783582,80.88213376638856,0.11913377198835265,-0.17558048366240492,0.5212322435246493,-1.696509861786513,0.5705562869110361,-0.061272058072906734,0.005753647292320984,0.002156844704217963,0.0104724788442134,0.0001624723392127405,Swing phase,128.10386067575624,3.786378520981135,120.08618953146744,133.02067624949757,0.08019350005558042,1.654180908907886,1.7908855899186773,-2.1456380674113515,3.385436248799982,-0.13359939640310997,0.01024815640551695,0.000452955836467982,0.0108257912085535,1.3317381737578364e-05,74.91389557253444,9.16389942569133,59.49098059843686,90.98895674564996,0.851296652627381,-22.962632791997695,16.284162598875994,-40.87537090243773,6.757245733820769,1.2873680171961757,0.0048422471223872245,0.00012792854347775087,0.005014453536353,-1.1489190966113502e-05
108.13386853724388,2.1817114269868796,104.59702450854724,110.86591543152838,0.16942948440489575,-2.3651126239390337,0.996525915555458,-3.564493118685823,-0.8162356353692378,0.06434399491873886,0.0062904904056729815,0.0025411847319584077,0.0114347457395513,-0.00019624940344497297,Single-leg support phase,100.39618642911962,5.935796889943687,92.87430430011554,112.68972116373564,-0.5355518071248676,3.015976408365121,0.609487202636282,2.205649237559596,4.036502456458334,0.03671806982136465,0.004546347852478342,0.0012494187794292748,0.0070445965291778,-9.900965734654865e-05,78.65426521998343,1.4453640168335105,75.97088574858508,80.946145517591,-0.13446648024340352,-4.169199252586824,1.6988730903807745,-7.788020158650025,-1.1412775960271708,-0.17964169088169876,0.019195200057233134,0.003466814610158963,0.0224474512788775,-0.00017478039428503513
109.00460886863371,2.544513924339893,101.19601769878174,110.91574004963978,-0.19163326453306886,-0.1303265881601477,1.7262769520367658,-2.603074532828503,3.837618404873024,0.1740727821000413,0.004402944821434284,0.0005844156590942731,0.0066880160558408,-5.4307998998516194e-05,Single-leg support phase,93.1117857174871,3.011068202190965,89.47112467232546,97.98764680653288,-0.2296605710817163,3.3685412585266574,0.4830108337877466,2.2554245829095767,4.036502456458334,0.02924856365122825,0.0034860127294621132,0.00033414161137596286,0.0047680693248463,-4.257108173671081e-05,75.77433990944202,2.0251006105890887,72.29059320065237,78.73819225739247,-0.17425943396594873,-8.599188976369614,3.79461720973055,-16.219496384978523,-4.006834333992774,-0.3300719473239392,0.01579651227160662,0.0016513738815393294,0.0223147255957561,-0.00020551827155379463
76.66470360572653,2.376444374702538,73.156824528636,79.99704021589405,0.12055291686305615,-0.02519106377647291,1.3588376539267102,-1.5374414591512322,2.4936864732986472,-0.00760037170442418,0.005664405381697347,0.002062025491901459,0.0114453409148882,0.0001773994766878297,Swing phase,128.5539095744013,3.7759721058615154,120.76822636614156,133.26153014827116,0.06532346495609816,2.020286840744682,2.8577037920517765,-3.35937582895662,5.2395479580467255,-0.1703446186577904,0.01053470143137747,0.0008422320688009607,0.0110237627053858,6.187148199733787e-05,74.32174986090077,10.463026632805601,55.90560356159796,92.65117315463864,0.9931235025146131,-24.36936156960022,15.781507125432107,-40.77507406002141,5.746819942673072,1.2353801570387013,0.0045780980236181925,0.00032316352211715285,0.0051449523563033,-1.583185730928649e-05
109.17299239519176,2.4718151930169614,104.9202960823233,112.5604719505068,0.20649123968063487,-1.1743897463580832,0.8844455237503631,-2.31499284101738,0.3220335059508944,0.06373576651081077,0.004475767060822286,0.0010658897979100492,0.0083894101394055,-0.00011730253192985132,Single-leg support phase,96.71594351204503,5.440271612062142,89.0569664618264,107.87330372086066,-0.5085496556495744,1.2966497069766223,0.6240017649758204,0.6193262091194218,2.414466638348108,0.040053112351547585,0.004411601835174885,0.0010645586580152755,0.006760955745004,-8.446326652948108e-05,79.61264723473235,1.8540633013185899,76.25679908551874,82.25251918540239,-0.16204648918604475,-7.056136010822816,2.4711835240526714,-11.714964869181076,-3.070072816348957,-0.23364573115762485,0.024493794400600268,0.004711568927051589,0.029295566168154,-0.0002196710824212325
109.96140972608436,3.169559230683367,100.70155549467964,112.61924304588928,-0.23473148585153036,0.85231527459751,1.5626837714393707,-1.2370203308778336,3.968969547913623,0.14070242915652584,0.004200534721438015,0.0006289850687426037,0.005563345197251,4.700629896458918e-05,Single-leg support phase,89.58626835570092,3.318549529832101,85.54761102503015,95.21121136865852,-0.2603547739465236,1.7281462371853795,0.4556937696003687,0.7479970911019371,2.414466638348108,0.02433145328772622,0.0035563445544000436,0.0001577161183113588,0.0037263957058811,1.4414748248508107e-05,76.06817703762161,2.4413870130754898,71.83939026170013,79.90685495134872,-0.2180395862067186,-12.521831463145139,4.154846941770247,-20.662100542698774,-6.931815182867084,-0.3710887935089646,0.020146343114357756,0.0009179118963401415,0.0211355695853891,1.4427169309402685e-05
76.63269988511594,2.2832717649484295,72.7683970936341,81.08978123563472,0.2207240660571574,-1.0358426917723749,1.3846640877164997,-4.102260859205078,1.29596752815424,-0.06122020267481509,0.006013877644290578,0.001780925005748464,0.0095839361034813,0.00010591863371875403,Swing phase,125.90783404949778,3.6412463044081878,118.59112859584748,131.00740156925497,0.06640133217621154,1.7544327636651487,2.7861781655673568,-3.6957202490929286,4.640409280137168,-0.17768675988444865,0.013893478293653288,0.0010086238916120712,0.0148722973445988,9.079110199232437e-06,76.86158233066189,9.644145122198431,59.97972997582795,93.57280308155217,0.9079208947493032,-19.53234072030883,18.231295679194584,-42.19139254190069,9.662461923924264,1.3904381382525264,0.005062078869282611,9.455465457876878e-05,0.0051593718531386,-7.485625188145945e-06
106.79745719128918,2.137830365923681,103.13602745815233,109.86179724699988,0.1817775618607448,-1.9036351252191133,1.0256707226158521,-3.1404248473513534,-0.1842752683095328,0.0789940482916063,0.004192923705365939,0.0004883519888337753,0.0048408702511846,-7.0676175439270374e-06,Single-leg support phase,95.99249637174363,4.262475772132903,89.75068781639386,105.46934951419888,-0.4248286945352708,2.942475014714042,0.5410331412574877,2.183282942522605,3.724362877349452,0.0006042169422706111,0.004253304091484568,0.00019134795640425502,0.0044643855422663,2.2593381010081025e-06,79.29052174483202,1.293431898338747,76.94639716864909,81.29377763266602,-0.11749676929775503,-4.319064116680019,2.3746278632391022,-8.770031211383406,-0.4897182527248609,-0.22379224212590662,0.021843985053932594,0.0023607299864110477,0.0266461597400104,9.445681368048924e-05
108.70110379142237,1.464091661116792,104.18993883427356,110.3066450964867,-0.07567617875061985,0.17444384945919034,1.4574158449560077,-2.006574737356773,3.422920017989912,0.14674310149585634,0.003959685738164843,0.0003359150211888751,0.004621603545208,1.701029493131081e-05,Single-leg support phase,90.25255267597399,3.0116306959652035,86.35722247089545,94.77049955074384,-0.22738586702292932,3.0182959179715803,0.4150525823615347,2.3733429335868133,3.724362877349452,0.0017308545595379349,0.004135522120668287,0.0001552635159797023,0.0043328190546337,-8.897506381297316e-07,76.8042526726868,1.7090495547959756,73.95906724349567,79.48724736277009,-0.14941027349390334,-9.37959229862269,3.788991754541974,-16.683989283731872,-4.180031422510799,-0.337944807060029,0.023521151549242295,0.0028278070657490077,0.0266461597400104,0.0001418229224287649
104.68006184595676,2.3479427784316593,100.17076891136558,107.78209176038392,0.20571142835184691,-0.2157430478707597,0.8378639443993326,-1.254559325766578,1.3851026875215782,0.07134221657535557,0.0069751805500124575,0.002387659356174073,0.0099994249035476,-0.00014041958263222702,Single-leg support phase,97.78732210088108,4.9628262397726095,90.7787451647834,106.91421428645056,-0.4360937600450583,2.2646089807991423,0.3634537191301358,1.7334416457402146,2.811954980302906,0.00020431737660457375,0.004172733700649224,0.0009576128440485433,0.0054199046992617,-5.290042164437837e-05,78.64517931383261,1.203179810972831,76.44283174181389,80.57170269032356,-0.11159110671647761,-6.111461654767232,2.681757013425227,-10.39204868779402,-1.3979032775034506,-0.2430850110889343,0.031613496712540094,0.007282446724706461,0.0406316080760746,-0.00032331635466693236
106.54094250734745,1.5326184124790498,101.61375685596222,107.98444335136516,-0.09247906117741192,1.5864299925246457,1.380540847776459,-0.5169901434044889,4.391472360109948,0.13266114874363344,0.004727792234553876,0.0005918807213579901,0.0056299136125024,-4.01152210565865e-05,Single-leg support phase,91.19517820061937,2.9806201857832835,87.05954589328924,96.93656782520732,-0.2669465387004886,2.303938192399392,0.3384838050154513,1.7334416457402146,2.6428840420540536,0.007329857024627838,0.003323023096636051,0.0001903491310173514,0.0036348830972521,-1.2237174655962154e-05,76.38076376710364,1.5194325825289012,73.72992654362082,78.77905007838352,-0.13646279823682972,-10.89145896834608,3.1172267719878413,-17.099148883920776,-6.402430430808475,-0.2891004987327649,0.026117550168551867,0.0021453092710105974,0.0294612563509126,-1.797048046107571e-05
104.13267540660722,2.583277928787755,99.5089987456512,108.3074282082378,0.23779539088071883,-0.041560906647342695,0.2088890312774372,-0.3251410238284526,0.4210528624058735,0.012653098674143663,0.010437551594952472,0.0046670554758986875,0.0159228589544318,-0.0003119252546887054,Single-leg support phase,102.14723710700277,5.571077275613295,94.74936548467166,112.10310507300724,-0.46901998887393476,-0.36991345410798354,0.5431822187032073,-1.122117967954927,0.8837207120701721,0.052892054137115126,0.00611547395633214,0.002633568240745489,0.0098847041641965,-0.00016279924702406216,78.92961511427919,1.318751841094141,76.86487817368632,81.49227688489195,-0.12506483003258456,-1.8740298753483762,1.247624986645736,-4.217340510747436,-0.1098967508322654,-0.11101199351122083,0.01875969685007221,0.003257706306633214,0.0213358050966614,-0.00019299578837417029
107.89192431150747,1.9559959227249701,104.16118490930596,110.037654996453,0.157268652164999,0.35781968825400295,0.33473330438185755,-0.2232878298215959,1.273224589898044,0.04044628161404432,0.005356942356221478,0.0029299570443828676,0.0108725657071499,-0.0001994524863346216,Single-leg support phase,94.77172772827338,3.2892970121489924,89.61930488507062,101.11539324034872,-0.310705090683192,0.8153023236668087,1.0509421653663618,-0.7170366566324002,2.21130576359756,0.0782662701306374,0.003884274603262679,0.0005232075221890377,0.0048158236624785,-3.699514288370001e-05,76.71801536872827,1.3796489796226015,74.2099924170236,78.88386623497254,-0.1263209139986201,-4.657753531909707,2.164010030167557,-8.996555649980792,-1.8257568041747,-0.19380537421097543,0.016712314998999493,0.002513100819012374,0.0204314000434983,-8.845696548114594e-05
107.26714215304918,3.8427674016525484,96.8369636006297,110.037654996453,-0.3100125569623809,1.5353966639301577,1.14571803269406,0.4210528624058735,4.04584429727993,0.09796733607767721,0.003670108027471783,0.0003073100771554123,0.0043816245309497,-8.091702874181086e-06,Single-leg support phase,90.21250098719995,2.312966818392034,87.65572433262167,94.74936548467166,-0.17792472872162887,2.106008268555066,0.5089014660826003,0.8837207120701721,2.5965437773216395,0.04524073299339168,0.0034851449795359384,0.00013213205703839698,0.0038611320243062,-9.596863566272974e-06,74.10124336400102,1.7949443884601284,70.72574894904776,76.86487817368632,-0.165922411476718,-9.398553376318597,3.6405326408291554,-16.77793680705715,-4.217340510747436,-0.33947557557593816,0.01618764281797449,0.0015746257664956103,0.0181957104661686,-4.425729915094596e-05
75.32714841374069,1.9014542883723262,72.13855037195174,77.63575044090295,0.14757901493019682,1.6274346235556252,1.9266399225968,-1.041767828900834,4.953925148309442,-0.012436744835123508,0.005940424060419486,0.000929007059918484,0.010086550008352,0.00013130585138633783,Swing phase,128.82338583548204,3.291980049014592,122.84632266869244,132.96965935071736,-0.027159276125460693,0.07235205444101994,4.517595940864409,-9.044322560720108,5.056990436135268,-0.32645411901240945,0.008258041799284155,0.001892986670313515,0.0131106487017251,0.00021732095635997837,74.35166356179056,12.174880132362489,53.96368144965735,94.41338206695966,1.0932351518189811,-19.753950659735686,15.53140704446123,-38.50365987162471,7.626832617226179,1.24396271479745,0.004731648552187212,0.00013419650111629874,0.0050174364649895,1.4998902639910822e-05
107.69298591412621,2.2488623159013756,103.54104805521388,110.50973261902026,0.18273141219639788,2.229487508429354,0.6381588858256089,1.230698055142782,3.147010571149913,0.044545854375249896,0.005351249650431706,0.0016233424895960794,0.0090080632649837,-0.00012165625878811893,Single-leg support phase,96.85314501575753,5.235058369146348,89.06097951170622,107.2325901580397,-0.49112461206306696,-0.26796839230769415,0.6969810866552012,-1.2580160975469912,0.6237022375459088,0.04087105331989847,0.004789467925340929,0.0014596450375374771,0.0080294184271625,-9.631621091789998e-05,78.1736925304225,1.7037069495683301,75.13908721416031,80.74891582820422,-0.15161698956875422,-5.492269281541849,2.089680319521993,-10.12827075897028,-2.644760335790898,-0.2022570384643076,0.023156216869617642,0.0027259988039190376,0.0257593062970784,-3.8473468727651306e-05
106.67688195072733,4.7257428901134615,94.57036467726776,110.50973261902026,-0.36322418939131984,3.4710823242887443,0.9638093779612836,2.282919739236829,5.252648592286135,0.06827279545806055,0.0045761024261747035,9.720842832450382e-05,0.0047628071456362,-9.77746994376757e-06,Single-leg support phase,90.01640780713583,3.181300905115739,86.42453496580886,96.28697874602088,-0.2563073634137688,0.10463807884261105,0.3704564047220502,-0.8366883661725997,0.6237022375459088,-0.01677396147232964,0.004271297898858276,0.0003257239240114832,0.0045323605217144,-1.2542086364281078e-05,74.91860270499984,2.2092254958671846,70.74579158708187,78.23440720879744,-0.20239501680312344,-10.870454068790862,4.501387207732118,-19.752286197405187,-4.996593084887566,-0.3988025165545303,0.02291734436387044,0.004223203296205102,0.0257208520309251,-0.00016307077060171893
